dessert_category,region,query,name,road_address,jibun_address,telephone,external_link,category_text,mapx,mapy,longitude,latitude,geocode_error,naver_place_id,sid_status,sid_search_keyword,basic_status,phone,phone_status,ai_briefing_json,ai_briefing_status,ai_briefing_debug,visitor_review_total,review_kw_json,review_kw_status,review_kw_debug,hero_img_url,hero_img_status,hero_img_debug,hours_raw,hours_status,hours_debug,basic_try,ai_try
saltbread,daegu,대구 달성군 소금빵,카프리쵸사 현풍 본점,"대구광역시 달성군 유가읍 테크노상업로 120 1층 121, 122호","대구광역시 달성군 유가읍 봉리 619 1층 121, 122호",,https://www.instagram.com/caprichosa_ccb,"카페,디저트>베이커리",1284635581,356932220,128.4628865,35.6930595,,1139406200.0,SID_OK_AUTO_DETAIL,대구 카프리쵸사 현풍 본점,OK,053-611-5003,OK,"[""카프리쵸사 현풍 본점은 현풍 지역에서 오래된 빵집으로, 소금빵부터 크림치즈스콘까지 다양한 메뉴를 자랑합니다."", ""특히 버터프레첼은 단짠단짠의 매력으로 인기가 높으며, 샌드위치 종류는 신선한 재료로 만들어져 브런치로도 좋습니다."", ""주말에는 혼잡할 수 있으니 방문 시간을 여유 있게 계획하시는 것을 추천드립니다.""]",OK,bkeel_count=3,4.0,"[{""keyword"": ""빵이 맛있어요"", ""count"": 2335}, {""keyword"": ""디저트가 맛있어요"", ""count"": 695}, {""keyword"": ""친절해요"", ""count"": 613}, {""keyword"": ""종류가 다양해요"", ""count"": 596}, {""keyword"": ""재료가 신선해요"", ""count"": 505}]",OK,keyword_count=5 total=4,https://search.pstatic.net/common/?autoRotate=true&type=w560_sharpen&src=https%3A%2F%2Fldb-phinf.pstatic.net%2F20250505_253%2F1746454811414b9Cv9_JPEG%2F9C48F743-7B85-4805-96C7-27E433BABD3F.jpeg,OK,"hit=a#_autoPlayable img
src_len=193",매일 09:00 - 22:00,OK,"hit=hours_toggle
aria_before=false
aria_after=true
w9QyJ_count=2
detail_lines=1",0,0
saltbread,daegu,대구 달성군 소금빵,주리485,대구광역시 달성군 가창면 주리2길 48 주리485카페,대구광역시 달성군 가창면 주리 485-1 주리485카페,,https://www.instagram.com/juri.485,"음식점>카페,디저트",1286232435,357517066,128.6232338,35.7517181,,1096175388.0,SID_OK_AUTO_DETAIL,대구 주리485,OK,,PHONE_NOT_FOUND,"[""주리485는 대구 근교 가창에 있는 브런치 카페로, 넓은 실내외 공간과 주차장을 갖추고 있습니다."", ""브리오슈 플레이트, 스파이시 바질 잠봉, 드립커피 등 다양한 메뉴가 있으며, 특히 수제 자몽 블랙티와 따뜻한 초코 음료가 인기입니다."", ""2층에서 바라보는 푸릇한 풍경과 편안한 좌석이 매력적입니다.""]",OK,bkeel_count=3,3.0,"[{""keyword"": ""커피가 맛있어요"", ""count"": 2305}, {""keyword"": ""뷰가 좋아요"", ""count"": 2285}, {""keyword"": ""인테리어가 멋져요"", ""count"": 1538}, {""keyword"": ""사진이 잘 나와요"", ""count"": 1216}, {""keyword"": ""디저트가 맛있어요"", ""count"": 1008}]",OK,keyword_count=5 total=3,https://search.pstatic.net/common/?autoRotate=true&type=w560_sharpen&src=https%3A%2F%2Fvideo-phinf.pstatic.net%2F20260113_147%2F1768279869265ze8TJ_JPEG%2F0cqE14uCxD_01.jpg,OK,"hit=a#_autoPlayable img
src_len=171",월 11:00 - 19:00 18:00 라스트오더 | 화 11:00 - 19:00 18:00 라스트오더 | 수 11:00 - 19:00 18:00 라스트오더 | 목 11:00 - 19:00 18:00 라스트오더 | 금 11:00 - 19:00 18:00 라스트오더 | 토 10:30 - 19:00 18:00 라스트오더 | 일 10:30 - 19:00 18:00 라스트오더,OK,"hit=hours_toggle
aria_before=false
aria_after=true
w9QyJ_count=8
detail_lines=7",0,0
saltbread,daegu,대구 달성군 소금빵,오퐁드부아,대구광역시 달성군 가창면 주리2길 104,대구광역시 달성군 가창면 주리 520,,https://blog.naver.com/aufonddubois,"음식점>카페,디저트",1286182654,357525347,128.618046,35.7525228,,,SEARCH_TIMEOUT_NO_UI,대구 오퐁드부아,,,,,,,,,,,,,,,,,0,0
saltbread,daegu,대구 달성공원 소금빵 베이커리,마지카운티,대구광역시 달성군 옥포읍 용연사길 105 마지카운티,대구광역시 달성군 옥포읍 반송리 364 마지카운티,,https://www.instagram.com/mj_county,"음식점>카페,디저트",1285053456,357542649,128.5053456,35.7542649,,1223615487.0,SID_OK_AUTO_DETAIL,대구 마지카운티,OK,0507-1436-5671,OK,"[""마지카운티는 자연 경관과 어우러진 대구의 대형 카페로, 3층 규모의 실내외 좌석과 계곡, 모래놀이 시설을 갖추고 있습니다."", ""크림말차라떼, 딸기 요거트 스무디 등 다양한 음료와 함께 송해공원왕팥빵 등 베이커리 메뉴를 즐길 수 있습니다."", ""특히 단체 모임이나 가족 단위 방문객에게 추천합니다.""]",OK,bkeel_count=3,1.0,"[{""keyword"": ""커피가 맛있어요"", ""count"": 971}, {""keyword"": ""디저트가 맛있어요"", ""count"": 766}, {""keyword"": ""인테리어가 멋져요"", ""count"": 632}, {""keyword"": ""뷰가 좋아요"", ""count"": 520}, {""keyword"": ""음료가 맛있어요"", ""count"": 424}]",OK,keyword_count=5 total=1,https://search.pstatic.net/common/?autoRotate=true&type=w560_sharpen&src=https%3A%2F%2Fldb-phinf.pstatic.net%2F20241226_189%2F17351422574723J69Y_JPEG%2F1000028168.jpg,OK,"hit=a#_autoPlayable img
src_len=166",매일 10:00 - 21:30 21:00 라스트오더,OK,"hit=hours_toggle
aria_before=false
aria_after=true
w9QyJ_count=2
detail_lines=1",0,0
saltbread,daegu,대구 화원 소금빵,바토플루이르 화원송해,대구광역시 달성군 옥포읍 옥포로57길 57-7 1층,대구광역시 달성군 옥포읍 기세리 694 1층,,https://www.instagram.com/bateau.fluir_sh/,"음식점>카페,디저트",1284909700,357696528,128.49097,35.7696529,,1348335744.0,SID_OK_AUTO_DETAIL,대구 바토플루이르 화원송해,OK,0507-1457-7117,OK,"[""바토플루이르 화원송해는 대구에서 유명한 베이커리 카페로, 송해공원의 아름다운 풍경을 감상할 수 있는 곳입니다."", ""소금빵과 감자 치즈 베이글이 특히 맛있으며, 커피는 테라로사 원두를 사용해 깊은 맛을 자랑합니다."", ""가족 단위 방문객을 위한 아기의자와 넓은 좌석이 마련되어 있어 편리합니다.""]",OK,bkeel_count=3,2.0,"[{""keyword"": ""디저트가 맛있어요"", ""count"": 1653}, {""keyword"": ""커피가 맛있어요"", ""count"": 1633}, {""keyword"": ""뷰가 좋아요"", ""count"": 1414}, {""keyword"": ""인테리어가 멋져요"", ""count"": 1084}, {""keyword"": ""음료가 맛있어요"", ""count"": 808}]",OK,keyword_count=5 total=2,https://search.pstatic.net/common/?autoRotate=true&type=w560_sharpen&src=https%3A%2F%2Fldb-phinf.pstatic.net%2F20241026_231%2F1729945940096llv3F_JPEG%2FIMG_2320.jpeg,OK,"hit=a#_autoPlayable img
src_len=165",매일 10:00 - 22:30 21:30 라스트오더,OK,"hit=hours_toggle
aria_before=false
aria_after=true
w9QyJ_count=2
detail_lines=1",0,0
saltbread,daegu,대구 대곡 소금빵,베이커리완,대구광역시 달서구 한실로6길 154-7 대곡동821 Bakery Wann,대구광역시 달서구 대곡동 821 821 Bakery Wann,,,"카페,디저트>베이커리",1285290019,357941616,128.5290019,35.7941616,,1271212344.0,SID_OK_AUTO_DETAIL,대구 베이커리완,OK,0507-1388-8370,OK,"[""베이커리완은 드립커피와 당일 구운 빵이 맛있는 카페로, 다양한 원두를 직접 선택해 즐길 수 있습니다."", ""2층 통창으로 보이는 정원과 루프탑에서 편안한 분위기를 만끽할 수 있으며, 단체석과 아기자기한 인테리어가 특징입니다."", ""소품샵도 운영되어 구경하는 재미가 있고, 주변 산책로와 가까워 여유로운 시간을 보내기 좋습니다.""]",OK,bkeel_count=3,708.0,"[{""keyword"": ""빵이 맛있어요"", ""count"": 334}, {""keyword"": ""커피가 맛있어요"", ""count"": 250}, {""keyword"": ""인테리어가 멋져요"", ""count"": 143}, {""keyword"": ""음료가 맛있어요"", ""count"": 126}, {""keyword"": ""친절해요"", ""count"": 103}]",OK,keyword_count=5 total=708,https://search.pstatic.net/common/?autoRotate=true&type=w560_sharpen&src=https%3A%2F%2Fldb-phinf.pstatic.net%2F20220606_151%2F16545028056751cmyk_JPEG%2F20220417_183904.jpg,OK,"hit=a#_autoPlayable img
src_len=171",월 11:00 - 22:00 21:30 라스트오더 | 화 정기휴무 (매주 화요일) | 수 11:00 - 22:00 21:30 라스트오더 | 목 11:00 - 22:00 21:30 라스트오더 | 금 11:00 - 22:00 21:30 라스트오더 | 토 11:00 - 22:00 21:30 라스트오더 | 일 11:00 - 22:00 21:30 라스트오더,OK,"hit=hours_toggle
aria_before=false
aria_after=true
w9QyJ_count=8
detail_lines=7",0,0
saltbread,daegu,대구 달서구 소금빵,브로 커피앤베이커리,대구광역시 달서구 수밭서길 11 Bro coffee&bakery,대구광역시 달서구 도원동 972-9 Bro coffee&bakery,,,"음식점>카페,디저트",1285478344,357972111,128.5478344,35.7972111,,1063941228.0,SID_OK_AUTO_DETAIL,대구 브로 커피앤베이커리,OK,0507-1373-9802,OK,"[""브로 커피앤베이커리는 대구 달서구의 대형 카페로, 수변공원 뷰를 즐기며 다양한 커피와 베이커리를 맛볼 수 있는 공간입니다."", ""원두 선택이 가능하며, 넓은 전용 주차장과 단체석을 갖춰 편리하게 방문할 수 있습니다."", ""특히 멜론 케이크와 같은 독특한 디저트 메뉴가 인기이며, 계절마다 변화하는 자연 풍경을 감상하며 힐링하기 좋은 카페입니다.""]",OK,bkeel_count=3,2.0,"[{""keyword"": ""커피가 맛있어요"", ""count"": 2266}, {""keyword"": ""디저트가 맛있어요"", ""count"": 1759}, {""keyword"": ""인테리어가 멋져요"", ""count"": 1119}, {""keyword"": ""음료가 맛있어요"", ""count"": 799}, {""keyword"": ""빵이 맛있어요"", ""count"": 770}]",OK,keyword_count=5 total=2,https://search.pstatic.net/common/?autoRotate=true&type=w560_sharpen&src=https%3A%2F%2Fldb-phinf.pstatic.net%2F20230607_283%2F1686114663011LMnue_JPEG%2FIMG_1165.jpeg,OK,"hit=a#_autoPlayable img
src_len=165",월 11:00 - 22:00 21:30 라스트오더 | 화 11:00 - 22:00 21:30 라스트오더 | 수 11:00 - 22:00 21:30 라스트오더 | 목 11:00 - 22:00 21:30 라스트오더 | 금 11:00 - 22:00 21:30 라스트오더 | 토 11:00 - 22:00 21:30 라스트오더 | 일 11:00 - 22:00 21:30 라스트오더 | 02/17 설날 휴무,OK,"hit=hours_toggle
aria_before=false
aria_after=true
w9QyJ_count=9
detail_lines=8",0,0
saltbread,daegu,대구 설화명곡역 소금빵,솔트,대구광역시 달성군 화원읍 성천로 5 달성군여성문화복지센터 별관 1층,대구광역시 달성군 화원읍 설화리 553-41 달성군여성문화복지센터 별관 1층,,https://blog.naver.com/hpfence0802_,"음식점>카페,디저트",1284887765,357988012,128.4879063,35.7985646,,,SEARCH_TIMEOUT_NO_UI,대구 솔트,,,,,,,,,,,,,,,,,0,0
saltbread,daegu,대구 설화명곡역 소금빵,해피베이커리,대구광역시 달성군 화원읍 성천로 5 지하 1층,대구광역시 달성군 화원읍 설화리 553-41 지하 1층,,http://storefarm.naver.com/happybakery,"카페,디저트>베이커리",1284879063,357985646,128.4879063,35.7985646,,,SEARCH_TIMEOUT_NO_UI,대구 해피베이커리,,,,,,,,,,,,,,,,,0,0
saltbread,daegu,대구 범물 소금빵,하이나우,대구광역시 수성구 진밭길 411-12 하이나우,대구광역시 수성구 범물동 1128 하이나우,,https://www.instagram.com/high_na_woo/,"음식점>카페,디저트",1286726486,357987986,128.6726486,35.7987986,,1217132843.0,SID_OK_AUTO_DETAIL,대구 하이나우,OK,0507-1355-4512,OK,"[""하이나우는 대구 범물동 진밭골에 위치한 카페로, 직접 키운 과일과 농작물로 만든 메뉴들이 특징입니다."", ""망고빙수와 생과일 눈꽃빙수는 가성비 좋은 인기 메뉴이며, 시그니처 음료인 지금슈페너와 카페하노이도 맛있습니다."", ""소금빵과 인절미크림빵 등 베이커리 메뉴도 인기 있으며, 2층 테라스와 넓은 주차장이 있어 편리합니다.""]",OK,bkeel_count=3,677.0,"[{""keyword"": ""커피가 맛있어요"", ""count"": 438}, {""keyword"": ""디저트가 맛있어요"", ""count"": 384}, {""keyword"": ""친절해요"", ""count"": 269}, {""keyword"": ""뷰가 좋아요"", ""count"": 209}, {""keyword"": ""특별한 메뉴가 있어요"", ""count"": 194}]",OK,keyword_count=5 total=677,https://search.pstatic.net/common/?autoRotate=true&type=w560_sharpen&src=https%3A%2F%2Fldb-phinf.pstatic.net%2F20241120_150%2F1732063481737ElcBi_JPEG%2F%25C6%25F7%25BD%25BA%25C0%25CC%25B9%25CC%25C1%25F6_%25BD%25C3%25B1%25D7%25B4%25CF%25C3%25B3.jpg,OK,"hit=a#_autoPlayable img
src_len=247",월 정기휴무 (매주 월요일) | 화 10:00 - 18:00 17:30 라스트오더 | 수 10:00 - 18:00 17:30 라스트오더 | 목 10:00 - 18:00 17:30 라스트오더 | 금 10:00 - 18:00 17:30 라스트오더 | 토 07:30 - 18:00 17:30 라스트오더 | 일 07:30 - 18:00 17:30 라스트오더 | - 공휴일의 월요일은 정상영업합니다,OK,"hit=hours_toggle
aria_before=false
aria_after=true
w9QyJ_count=9
detail_lines=8",0,0
saltbread,daegu,대구 대곡 소금빵,베이커리 라누,대구광역시 달서구 한실로6길 84-26 베이커리 라누,대구광역시 달서구 대곡동 621 베이커리 라누,,https://smartstore.naver.com/bakerylanu,"카페,디저트>베이커리",1285288569,357998193,128.5288501,35.7998307,,1102259891.0,SID_OK_AUTO_DETAIL,대구 베이커리 라누,OK,0507-1471-1429,OK,"[""베이커리 라누는 퀸아망과 소금빵 맛집으로 유명합니다."", ""프랑스 고급 재료를 사용한 빵들이 맛있고, 망고 케이크나 크림 퀸아망 등 다양한 메뉴를 선택할 수 있습니다."", ""매장 내부는 아기자기한 유럽풍 인테리어로 꾸며져 있으며, 야외 테라스에서 빵과 커피를 즐길 수 있는 점도 매력적입니다.""]",OK,bkeel_count=3,498.0,"[{""keyword"": ""빵이 맛있어요"", ""count"": 453}, {""keyword"": ""특별한 메뉴가 있어요"", ""count"": 263}, {""keyword"": ""친절해요"", ""count"": 252}, {""keyword"": ""커피가 맛있어요"", ""count"": 152}, {""keyword"": ""매장이 청결해요"", ""count"": 127}]",OK,keyword_count=5 total=498,https://search.pstatic.net/common/?autoRotate=true&type=w560_sharpen&src=https%3A%2F%2Fldb-phinf.pstatic.net%2F20241205_13%2F1733396359617iCSGQ_JPEG%2FIMG_3747.jpeg,OK,"hit=a#_autoPlayable img
src_len=164",월 정기휴무 (매주 월요일) | 화 11:00 - 18:00 | 수 11:00 - 18:00 | 목 11:00 - 18:00 | 금 11:00 - 18:00 | 토 11:00 - 18:00 | 일 정기휴무 (매주 일요일),OK,"hit=hours_toggle
aria_before=false
aria_after=true
w9QyJ_count=8
detail_lines=7",0,0
saltbread,daegu,대구 대곡 소금빵,훈이제빵소,대구광역시 달서구 갈밭로 14 1층 101호,대구광역시 달서구 대곡동 1080-1 1층 101호,,http://band.us@hoonybakery,"카페,디저트>베이커리",1285319783,358015218,128.5321216,35.8014083,,1969533776.0,SID_OK_AUTO_DETAIL,대구 훈이제빵소,OK,0507-1322-8713,OK,[],AI_BRIEFING_NOT_FOUND,,829,"[{""keyword"": ""빵이 맛있어요"", ""count"": 554}, {""keyword"": ""친절해요"", ""count"": 236}, {""keyword"": ""가성비가 좋아요"", ""count"": 137}, {""keyword"": ""특별한 메뉴가 있어요"", ""count"": 135}, {""keyword"": ""매장이 청결해요"", ""count"": 115}]",OK,keyword_count=5 total=829,https://search.pstatic.net/common/?autoRotate=true&type=w560_sharpen&src=https%3A%2F%2Fldb-phinf.pstatic.net%2F20210415_70%2F1618472299514C6M3T_PNG%2F0A8JoVORB5J1tpkIh-CvEvkT.png,OK,"hit=a#_autoPlayable img
src_len=178",수 08:00 - 22:00 | 목 08:00 - 22:00 | 금 08:00 - 22:00 | 토 08:00 - 22:00 | 일 정기휴무 (매주 일요일) | 월 08:00 - 22:00 | 화 08:00 - 22:00,OK,"hit=hours_toggle
aria_before=false
aria_after=true
w9QyJ_count=8
detail_lines=7",0,0
saltbread,daegu,대구 화원 소금빵 베이커리,푸른달,대구광역시 달성군 화원읍 성암로1길 58 푸른 달 카페,대구광역시 달성군 화원읍 본리리 108-7 푸른 달 카페,,https://100원커피이벤트-선착순주문하기.com,"음식점>카페,디저트",1285091498,358021918,128.5090864,35.8021989,,,SEARCH_TIMEOUT_NO_UI,대구 푸른달,,,,,,,,,,,,,,,,,0,0
saltbread,daegu,대구 대곡 소금빵,행운의시간들,대구광역시 달서구 화암로 325,대구광역시 달서구 대곡동 1038-1,,http://instagram.com/goodfortunetimes,"카페,디저트>베이커리",1285187551,358041959,128.5187814,35.8042356,,33029463.0,SID_OK_AUTO_DETAIL,대구 행운의시간들,OK,053-633-7227,OK,"[""행운의시간들은 대구 수목원 인근에 위치한 베이커리 카페로, 오픈 주방에서 직접 빵을 굽는 모습을 볼 수 있습니다."", ""메뉴에는 커피, 차, 스무디, 쉐이크 등 다양한 음료와 함께 햄치즈바게트, 허니치즈브레드 등 베이커리 메뉴가 준비되어 있습니다."", ""층고가 높고 깔끔한 인테리어로 쾌적한 분위기를 제공합니다.""]",OK,bkeel_count=3,1.0,"[{""keyword"": ""빵이 맛있어요"", ""count"": 955}, {""keyword"": ""커피가 맛있어요"", ""count"": 211}, {""keyword"": ""친절해요"", ""count"": 186}, {""keyword"": ""특별한 메뉴가 있어요"", ""count"": 183}, {""keyword"": ""매장이 청결해요"", ""count"": 129}]",OK,keyword_count=5 total=1,https://search.pstatic.net/common/?autoRotate=true&type=w560_sharpen&src=https%3A%2F%2Fldb-phinf.pstatic.net%2F20190124_112%2F15482958891639Od3p_JPEG%2FzqxeT41EpFP5Ypr70-r8mMyl.jpeg.jpg,OK,"hit=a#_autoPlayable img
src_len=185",월 09:00 - 21:00 | 화 09:00 - 21:00 | 수 09:00 - 21:00 | 목 09:00 - 21:00 | 금 09:00 - 21:00 | 토 09:00 - 21:00 | 일 09:00 - 21:00,OK,"hit=hours_toggle
aria_before=false
aria_after=true
w9QyJ_count=8
detail_lines=7",0,0
saltbread,daegu,대구 설화명곡역 소금빵,스테이블모먼트 화원점,대구광역시 달성군 화원읍 비슬로 2614-9 스테이블 모먼트,대구광역시 달성군 화원읍 천내리 460-5 스테이블 모먼트,,https://www.instagram.com/stable_moment03,"음식점>카페,디저트",1285028627,358044842,128.5028627,35.8044842,,1377668841.0,SID_OK_AUTO_DETAIL,대구 스테이블모먼트 화원점,OK,0507-1375-6996,OK,"[""스테이블모먼트 화원점은 대구 화원역 근처에 위치한 넓은 대형 카페입니다."", ""반려동물 실내 동반 가능하며, 아기의자 구비 및 키즈존 운영으로 가족 단위 방문객에게 적합합니다."", ""아메리카노는 원두 타입 선택이 가능하며, 시그니처 풀 스테이블 플레이트와 아몬드크림라떼(우유 미포함)가 인기 메뉴입니다.""]",OK,bkeel_count=3,2.0,"[{""keyword"": ""디저트가 맛있어요"", ""count"": 1153}, {""keyword"": ""커피가 맛있어요"", ""count"": 961}, {""keyword"": ""인테리어가 멋져요"", ""count"": 758}, {""keyword"": ""음료가 맛있어요"", ""count"": 389}, {""keyword"": ""뷰가 좋아요"", ""count"": 327}]",OK,keyword_count=5 total=2,https://search.pstatic.net/common/?autoRotate=true&type=w560_sharpen&src=https%3A%2F%2Fldb-phinf.pstatic.net%2F20220823_229%2F1661182880326uJMVO_JPEG%2F987AF4BE-3A1C-40AE-99A2-A760B9334E62.jpeg,OK,"hit=a#_autoPlayable img
src_len=193",매일 10:00 - 22:30,OK,"hit=hours_toggle
aria_before=false
aria_after=true
w9QyJ_count=2
detail_lines=1",0,0
saltbread,daegu,대구 달성공원 소금빵,쉼과행복디저트카페,대구광역시 달성군 화원읍 성천로24길 12 1층 쉼과행복디저트카페,대구광역시 달성군 화원읍 천내리 103-1 1층 쉼과행복디저트카페,,https://www.instagram.com/,"음식점>카페,디저트",1284948299,358052954,128.4947437,35.8052769,,1705198320.0,SID_OK_AUTO_DETAIL,대구 쉼과행복디저트카페,OK,,PHONE_NOT_FOUND,[],AI_BRIEFING_NOT_FOUND,,25,"[{""keyword"": ""디저트가 맛있어요"", ""count"": 11}, {""keyword"": ""음료가 맛있어요"", ""count"": 7}, {""keyword"": ""친절해요"", ""count"": 6}, {""keyword"": ""커피가 맛있어요"", ""count"": 5}, {""keyword"": ""특별한 메뉴가 있어요"", ""count"": 5}]",OK,keyword_count=5 total=25,https://search.pstatic.net/common/?autoRotate=true&type=w560_sharpen&src=https%3A%2F%2Fldb-phinf.pstatic.net%2F20260107_208%2F17677559500416wh3N_JPEG%2F1000025100.jpg,OK,"hit=a#_autoPlayable img
src_len=166",수 10:00 - 23:00 | 목 10:00 - 23:00 | 금 10:00 - 23:00 | 토 10:00 - 23:00 | 일 정기휴무 (매주 일요일) | 월 10:00 - 23:00 | 화 10:00 - 23:00,OK,"hit=hours_toggle
aria_before=false
aria_after=true
w9QyJ_count=8
detail_lines=7",0,0
saltbread,daegu,대구 달서구 소금빵,우즈베이커리 대곡점,대구광역시 달서구 갈밭로 76 1.2층,대구광역시 달서구 대곡동 1056-1 1.2층,,http://www.wooz.kr/,"음식점>카페,디저트>베이커리",1285285011,358055987,128.5284701,35.8055942,,1461872505.0,SID_OK_AUTO_DETAIL,대구 우즈베이커리 대곡점,OK,053-634-9700,OK,[],AI_BRIEFING_NOT_FOUND,,3,"[{""keyword"": ""빵이 맛있어요"", ""count"": 1503}, {""keyword"": ""커피가 맛있어요"", ""count"": 825}, {""keyword"": ""인테리어가 멋져요"", ""count"": 620}, {""keyword"": ""주차하기 편해요"", ""count"": 504}, {""keyword"": ""음료가 맛있어요"", ""count"": 373}]",OK,keyword_count=5 total=3,https://search.pstatic.net/common/?autoRotate=true&type=w560_sharpen&src=https%3A%2F%2Fldb-phinf.pstatic.net%2F20250214_281%2F1739534221965fHSOT_JPEG%2F1000183436.jpg,OK,"hit=a#_autoPlayable img
src_len=166",수 09:00 - 22:00 | 목 09:00 - 22:00 | 금 09:00 - 22:00 | 토 09:00 - 22:00 | 일 09:00 - 22:00 | 월(2/16) 설날 연휴09:00 - 22:00 | 화(2/17) 설날09:00 - 22:00,OK,"hit=hours_toggle
aria_before=false
aria_after=true
w9QyJ_count=8
detail_lines=7",0,0
saltbread,daegu,대구 설화명곡역 소금빵,하토,대구광역시 달성군 화원읍 화원로7길 13 1층,대구광역시 달성군 화원읍 천내리 125-3 1층,,https://www.instagram.com/hato.cafe,"음식점>카페,디저트",1284983650,358068937,128.498365,35.8068937,,,SEARCH_TIMEOUT_NO_UI,대구 하토,,,,,,,,,,,,,,,,,0,0
saltbread,daegu,대구 진천 소금빵,보밀당,대구광역시 달서구 상화로7길 38 1층,대구광역시 달서구 진천동 715-1 1층,,https://youtube.com/https://youtube.com/@bomilldangvlog,"카페,디저트>베이커리",1285201602,358090965,128.5201505,35.8090268,,1301945911.0,SID_OK_AUTO_DETAIL,대구 보밀당,OK,0507-1348-2238,OK,"[""보밀당은 소금베이글과 뚠뚠이마카롱으로 유명한 베이커리 카페입니다."", ""매장은 넓고 아늑한 분위기로, 테이블 간격이 넓어 쾌적합니다."", ""특히 아기의자와 반려동물 동반 가능해 가족이나 애견과 함께 방문하기 좋습니다."", ""주차공간도 마련되어 있어 편리하며, 다양한 음료와 함께 베이글과 마카롱을 즐길 수 있습니다.""]",OK,bkeel_count=4,822.0,"[{""keyword"": ""빵이 맛있어요"", ""count"": 469}, {""keyword"": ""특별한 메뉴가 있어요"", ""count"": 326}, {""keyword"": ""친절해요"", ""count"": 273}, {""keyword"": ""인테리어가 멋져요"", ""count"": 209}, {""keyword"": ""매장이 청결해요"", ""count"": 99}]",OK,keyword_count=5 total=822,https://search.pstatic.net/common/?autoRotate=true&type=w560_sharpen&src=https%3A%2F%2Fldb-phinf.pstatic.net%2F20260124_152%2F1769241152218aiUX2_JPEG%2FIMG_2230.jpeg,OK,"hit=a#_autoPlayable img
src_len=165",월 10:00 - 20:00 19:30 라스트오더 | 화 10:00 - 20:00 19:30 라스트오더 | 수 10:00 - 20:00 19:30 라스트오더 | 목 10:00 - 20:00 19:30 라스트오더 | 금 10:00 - 20:00 19:30 라스트오더 | 토 10:00 - 20:00 19:30 라스트오더 | 일 10:00 - 20:00 19:30 라스트오더 | 02/19 휴무 | - 신정 휴무 안내 | 1월 2일,OK,"hit=hours_toggle
aria_before=false
aria_after=true
w9QyJ_count=10
detail_lines=9",0,0
saltbread,daegu,대구 진천 소금빵,폭스브롯,대구광역시 달서구 상화로 157-1,대구광역시 달서구 진천동 833-26,,http://instagram.com/volksbrot,"카페,디저트>베이커리",1285310888,358100545,128.5310839,35.8100504,,33374959.0,SID_OK_AUTO_DETAIL,대구 폭스브롯,OK,053-636-9100,OK,"[""폭스브롯은 당근케이크와 초코케이크 등 디저트류부터 고르곤졸라 바게트까지 다양한 메뉴를 갖춘 베이커리입니다."", ""당근케이크는 매거진에서도 주목받을 정도로 인기가 높으며, 초코케이크는 꾸덕한 크림으로 사랑받습니다."", ""매장은 아늑한 원목 인테리어에 잔잔한 음악이 흐르며, 일요일과 월요일은 정기휴무입니다."", ""주차는 근처 갓길이나 골목에 가능합니다.""]",OK,bkeel_count=4,1.0,"[{""keyword"": ""빵이 맛있어요"", ""count"": 895}, {""keyword"": ""친절해요"", ""count"": 336}, {""keyword"": ""특별한 메뉴가 있어요"", ""count"": 276}, {""keyword"": ""커피가 맛있어요"", ""count"": 251}, {""keyword"": ""가성비가 좋아요"", ""count"": 197}]",OK,keyword_count=5 total=1,https://search.pstatic.net/common/?autoRotate=true&type=w560_sharpen&src=https%3A%2F%2Fldb-phinf.pstatic.net%2F20240805_8%2F1722862699320PreRk_JPEG%2F50C74E52-4323-4238-991A-9FB64EA7557B-66110-00002845DDEC1A00.jpeg,OK,"hit=a#_autoPlayable img
src_len=214",월 정기휴무 (매주 월요일) | 화 10:00 - 19:00 | 수 10:00 - 19:00 | 목 10:00 - 19:00 | 금 10:00 - 19:00 | 토 10:00 - 19:00 | 일 정기휴무 (매주 일요일),OK,"hit=hours_toggle
aria_before=false
aria_after=true
w9QyJ_count=8
detail_lines=7",0,0
saltbread,daegu,대구 대곡역 소금빵,호미브레드,대구광역시 달서구 비슬로 2731 횡단보도 앞,대구광역시 달서구 유천동 396 횡단보도 앞,,,"카페,디저트>베이커리",1285139914,358102978,128.5133012,35.8105827,,32722455.0,SID_OK_AUTO_DETAIL,대구 호미브레드,OK,053-639-1110,OK,"[""호미브레드는 대구 유천동에 위치한 수제 빵집으로, 매일 아침 당일 생산된 빵을 판매합니다."", ""인기 메뉴인 호밀무화과빵은 직접 무화과를 넣어 만들었으며, 이외에도 소금빵, 단팥빵, 치즈빵 등 다양한 종류의 빵을 제공합니다."", ""가성비가 좋고 재료가 푸짐하게 들어가 있어 만족도가 높으며, 친절한 사장님과 아늑한 분위기가 특징입니다.""]",OK,bkeel_count=3,376.0,"[{""keyword"": ""빵이 맛있어요"", ""count"": 194}, {""keyword"": ""친절해요"", ""count"": 72}, {""keyword"": ""가성비가 좋아요"", ""count"": 66}, {""keyword"": ""특별한 메뉴가 있어요"", ""count"": 43}, {""keyword"": ""매장이 청결해요"", ""count"": 19}]",OK,keyword_count=5 total=376,https://search.pstatic.net/common/?autoRotate=true&type=w560_sharpen&src=https%3A%2F%2Fldb-phinf.pstatic.net%2F20200623_226%2F15929197826615HtGh_JPEG%2FFsuz6DcR32FdbfQmbZvIR0ZA.jpeg.jpg,OK,"hit=a#_autoPlayable img
src_len=185",,HOURS_NOT_FOUND,,0,0
saltbread,daegu,대구 화원 소금빵,그라운드커피 대구점,대구광역시 달성군 화원읍 비슬로543길 27 그라운드 커피,대구광역시 달성군 화원읍 구라리 1717 그라운드 커피,,https://www.instagram.com/groundcoffee_daegu/,"음식점>카페,디저트",1285111392,358111502,128.5110912,35.8110406,,1850092767.0,SID_OK_AUTO_DETAIL,대구 그라운드커피 대구점,OK,0507-1420-4453,OK,"[""그라운드커피 대구점은 주차가 편리하고 따뜻한 분위기의 화원 카페입니다."", ""디카페인 라떼는 반전 맛으로 추천 메뉴이며, 아메리카노, 카페라떼 등 기본 커피 메뉴와 다양한 베버리지 메뉴를 제공합니다."", ""구움과자 종류도 많아 디저트와 함께 즐기기 좋습니다."", ""룸과 창가 좌석이 마련되어 있어 모임하기에도 적합합니다.""]",OK,bkeel_count=4,510.0,"[{""keyword"": ""커피가 맛있어요"", ""count"": 351}, {""keyword"": ""친절해요"", ""count"": 242}, {""keyword"": ""디저트가 맛있어요"", ""count"": 221}, {""keyword"": ""인테리어가 멋져요"", ""count"": 193}, {""keyword"": ""음료가 맛있어요"", ""count"": 188}]",OK,keyword_count=5 total=510,https://search.pstatic.net/common/?autoRotate=true&type=w560_sharpen&src=https%3A%2F%2Fvideo-phinf.pstatic.net%2F20260203_20%2F1770126460566jxU7o_JPEG%2FYYPe3JN45T_08.jpg,OK,"hit=a#_autoPlayable img
src_len=170",월 09:30 - 22:00 21:30 라스트오더 | 화 09:30 - 22:00 21:30 라스트오더 | 수 09:30 - 22:00 21:30 라스트오더 | 목 09:30 - 22:00 21:30 라스트오더 | 금 09:30 - 22:00 21:30 라스트오더 | 토 09:30 - 22:00 21:30 라스트오더 | 일 09:30 - 18:00 17:30 라스트오더,OK,"hit=hours_toggle
aria_before=false
aria_after=true
w9QyJ_count=8
detail_lines=7",0,0
saltbread,daegu,대구 화원 소금빵,카페선샤인 달서구디저트답례품,대구광역시 달서구 진천로9길 78-1 제1동 1층,대구광역시 달서구 진천동 682-25 제1동 1층,,https://s.baemin.com/boq.6yi3u,"음식점>카페,디저트",1285205738,358120952,128.5205739,35.8120952,,1104756259.0,SID_OK_AUTO_DETAIL,대구 카페선샤인 달서구디저트답례품,OK,0507-1323-7298,OK,[],AI_BRIEFING_NOT_FOUND,,121,"[{""keyword"": ""디저트가 맛있어요"", ""count"": 111}, {""keyword"": ""커피가 맛있어요"", ""count"": 71}, {""keyword"": ""친절해요"", ""count"": 69}, {""keyword"": ""음료가 맛있어요"", ""count"": 56}, {""keyword"": ""사진이 잘 나와요"", ""count"": 33}]",OK,keyword_count=5 total=121,https://search.pstatic.net/common/?autoRotate=true&type=w560_sharpen&src=https%3A%2F%2Fldb-phinf.pstatic.net%2F20260130_294%2F1769752441047hAmTV_JPEG%2FBAF51925-6240-403C-9EA5-6A4BFBBACCB3.jpeg,OK,"hit=a#_autoPlayable img
src_len=193",수 12:00 - 17:00 | 목 12:00 - 17:00 | 금 12:00 - 17:00 | 토 12:00 - 17:00 | 일 12:00 - 17:00 | 월 정기휴무 (매주 월요일) | 화 정기휴무 (매주 화요일),OK,"hit=hours_toggle
aria_before=false
aria_after=true
w9QyJ_count=8
detail_lines=7",0,0
saltbread,daegu,대구 상인 소금빵,오월의아침,대구광역시 달서구 상인서로 8-5 1층,대구광역시 달서구 상인동 1554-2 1층,,https://blog.naver.com/maymorning_,"카페,디저트>베이커리",1285471772,358122246,128.5471101,35.81225,,,SEARCH_TIMEOUT_NO_UI,대구 오월의아침,,,,,,,,,,,,,,,,,0,0
saltbread,daegu,대구 월배 소금빵,피카커피 진천점,대구광역시 달서구 진천로 38 제1동 1층 피카커피 진천점,대구광역시 달서구 진천동 490-37 제1동 1층 피카커피 진천점,,https://www.instagram.com/fikacoffee_jc,"음식점>카페,디저트",1285254962,358123671,128.5254955,35.8123626,,1735356928.0,SID_OK_AUTO_DETAIL,대구 피카커피 진천점,OK,070-8260-0703,OK,"[""피카커피 진천점은 크로플과 커피 맛집으로, 넓은 공간과 편리한 주차가 장점입니다."", ""아몬드 코코넛 라떼와 리얼 복숭아 아이스티는 음료 추천 메뉴이며, 단체석과 좌식 공간 등 다양한 좌석 옵션으로 가족이나 친구들과 방문하기 좋습니다."", ""베이커리 메뉴도 다양해 디저트를 즐기기에도 적합합니다.""]",OK,bkeel_count=3,1.0,"[{""keyword"": ""커피가 맛있어요"", ""count"": 862}, {""keyword"": ""디저트가 맛있어요"", ""count"": 419}, {""keyword"": ""주차하기 편해요"", ""count"": 396}, {""keyword"": ""인테리어가 멋져요"", ""count"": 386}, {""keyword"": ""음료가 맛있어요"", ""count"": 357}]",OK,keyword_count=5 total=1,https://search.pstatic.net/common/?autoRotate=true&type=w560_sharpen&src=https%3A%2F%2Fldb-phinf.pstatic.net%2F20220124_194%2F1643001590260c7pXs_JPEG%2F%25BF%25DC%25BA%25CE-%25BD%25C9%25BA%25BC%25B7%25CE%25B0%25ED-1.jpeg,OK,"hit=a#_autoPlayable img
src_len=220",매일 10:00 - 23:00 22:00 라스트오더,OK,"hit=hours_toggle
aria_before=false
aria_after=true
w9QyJ_count=2
detail_lines=1",0,0
saltbread,daegu,대구 진천역 소금빵,카페무늬,대구광역시 달서구 월배로 80 401동 107호,대구광역시 달서구 진천동 508 401동 107호,,https://100원커피이벤트-선착순주문하기.com,"음식점>카페,디저트",1285238987,358133492,128.5238987,35.8133492,,,SEARCH_TIMEOUT_NO_UI,대구 카페무늬,,,,,,,,,,,,,,,,,0,0
saltbread,daegu,대구 월배 소금빵 카페,한나식빵 월배점,대구광역시 달서구 월배로 51 진천역AK그랑폴리스2차상가 1층,대구광역시 달서구 유천동 595 진천역AK그랑폴리스2차상가 1층,,http://hannafnb.com,"음식점>카페,디저트>베이커리",1285202162,358135795,128.5199767,35.8139027,,,SEARCH_TIMEOUT_NO_UI,대구 한나식빵 월배점,,,,,,,,,,,,,,,,,0,0
saltbread,daegu,대구 상인역 소금빵 베이커리,우노커피,대구광역시 달서구 월배로40길 120,대구광역시 달서구 상인동 1419,,https://www.instagram.com/uno_coffee_2024,"음식점>카페,디저트",1285392812,358140400,128.5392812,35.81404,,1082061824.0,SID_OK_AUTO_DETAIL,대구 우노커피,OK,0507-1478-5352,OK,"[""우노커피는 소금빵과 커피가 맛있는 대구 상인동 카페입니다."", ""아메리카노는 고소한 맛과 부드러운 맛 중 선택할 수 있으며, 아이스크림 라떼는 상하목장 아이스크림이 들어가 진한 맛을 자랑합니다."", ""초코소금빵은 고급스러운 초코맛으로 인기가 많습니다."", ""매장은 화이트톤의 깔끔한 인테리어와 넓은 공간으로 쾌적하며, 주차는 인근 골목에 가능합니다.""]",OK,bkeel_count=4,269.0,"[{""keyword"": ""커피가 맛있어요"", ""count"": 251}, {""keyword"": ""디저트가 맛있어요"", ""count"": 233}, {""keyword"": ""인테리어가 멋져요"", ""count"": 139}, {""keyword"": ""음료가 맛있어요"", ""count"": 115}, {""keyword"": ""친절해요"", ""count"": 109}]",OK,keyword_count=5 total=269,https://search.pstatic.net/common/?autoRotate=true&type=w560_sharpen&src=https%3A%2F%2Fnaverbooking-phinf.pstatic.net%2F20241122_25%2F1732253304157eMWla_JPEG%2Fimage.jpg,OK,"hit=a#_autoPlayable img
src_len=169","월 09:00 - 23:00 22:00 라스트오더 | 화 09:00 - 23:00 22:00 라스트오더 | 수 09:00 - 23:00 22:00 라스트오더 | 목 09:00 - 23:00 22:00 라스트오더 | 금 09:00 - 23:00 22:00 라스트오더 | 토 10:00 - 22:00 21:00 라스트오더 | 일 10:00 - 22:00 21:00 라스트오더 | 매달 1, 3번째 월요일 정기 휴무 02/23 휴무",OK,"hit=hours_toggle
aria_before=false
aria_after=true
w9QyJ_count=9
detail_lines=8",0,0
saltbread,daegu,대구 월배 소금빵,온더온,대구광역시 달서구 월배로15길 8 1층 카페 온더온,대구광역시 달서구 진천동 595-28 1층 카페 온더온,,https://www.instagram.com/_ontheon,"음식점>카페,디저트",1285228406,358143184,128.5228726,35.8143559,,1186829888.0,SID_OK_AUTO_DETAIL,대구 온더온,OK,0507-1371-9435,OK,"[""온더온은 다양한 디저트와 음료가 준비된 대구 달서구의 카페입니다."", ""황치즈부터 말차, 흑임자까지 다양한 티그레와 고구마 바스크 치즈케이크 등 케이크가 인기 메뉴입니다."", ""1층과 2층으로 나뉘어 있으며 층고가 높고 테이블 간격이 넓어 쾌적합니다."", ""자체 주차장이 있어 방문이 편리하며, 단체룸도 마련되어 있어 모임 장소로도 좋습니다.""]",OK,bkeel_count=4,2.0,"[{""keyword"": ""커피가 맛있어요"", ""count"": 1751}, {""keyword"": ""디저트가 맛있어요"", ""count"": 1681}, {""keyword"": ""인테리어가 멋져요"", ""count"": 1497}, {""keyword"": ""음료가 맛있어요"", ""count"": 710}, {""keyword"": ""친절해요"", ""count"": 589}]",OK,keyword_count=5 total=2,https://search.pstatic.net/common/?autoRotate=true&type=w560_sharpen&src=https%3A%2F%2Fldb-phinf.pstatic.net%2F20260208_54%2F1770517049930yF9tU_JPEG%2FIMG_5032.jpeg,OK,"hit=a#_autoPlayable img
src_len=164",월 10:00 - 23:00 22:30 라스트오더 | 화 10:00 - 23:00 22:30 라스트오더 | 수 10:00 - 23:00 22:30 라스트오더 | 목 10:00 - 23:00 22:30 라스트오더 | 금 10:00 - 23:00 22:30 라스트오더 | 토 10:00 - 23:00 22:30 라스트오더 | 일 10:00 - 23:00 22:30 라스트오더,OK,"hit=hours_toggle
aria_before=false
aria_after=true
w9QyJ_count=8
detail_lines=7",0,0
saltbread,daegu,대구 진천역 소금빵,포라운드커피&베이커리,대구광역시 달서구 월배로 120 서호메디컬타워 1층 106호 포라운드커피&베이커리,대구광역시 달서구 진천동 244-5 서호메디컬타워 1층 106호 포라운드커피&베이커리,,https://100원커피이벤트-선착순주문하기.com,"음식점>카페,디저트",1285275034,358146428,128.5274069,35.8145194,,1256799308.0,SID_OK_AUTO_DETAIL,대구 포라운드커피&베이커리,OK,0503-5260-6780,OK,[],AI_BRIEFING_NOT_FOUND,,18,"[{""keyword"": ""디저트가 맛있어요"", ""count"": 14}, {""keyword"": ""커피가 맛있어요"", ""count"": 12}, {""keyword"": ""친절해요"", ""count"": 9}, {""keyword"": ""음료가 맛있어요"", ""count"": 8}, {""keyword"": ""매장이 청결해요"", ""count"": 3}]",OK,keyword_count=5 total=18,https://search.pstatic.net/common/?autoRotate=true&type=w560_sharpen&src=https%3A%2F%2Fldb-phinf.pstatic.net%2F20241022_110%2F1729579529242E8m6x_JPEG%2FKakaoTalk_20241014_115051922.jpg,OK,"hit=a#_autoPlayable img
src_len=184",수 10:00 - 19:00 | 목 10:00 - 19:00 | 금 10:00 - 19:00 | 토 10:00 - 19:00 | 일 정기휴무 (매주 일요일) | 월 10:00 - 19:00 | 화 10:00 - 19:00,OK,"hit=hours_toggle
aria_before=false
aria_after=true
w9QyJ_count=8
detail_lines=7",0,0
saltbread,daegu,대구 월배 소금빵 베이커리,씨티씨커피 진천점,"대구광역시 달서구 진천로 75-7 1층 101, 102호","대구광역시 달서구 진천동 595-54 1층 101, 102호",,https://forms.gle/rmTXqBLwcVEfChwz5,"음식점>카페,디저트",1285225589,358148385,128.5227347,35.8148582,,1538541565.0,SID_OK_AUTO_DETAIL,대구 씨티씨커피 진천점,OK,0507-1337-7741,OK,"[""씨티씨커피 진천점은 대구 1호선 진천역 근처에 위치한 소금빵 전문 카페입니다."", ""소금빵과 함께 즐길 수 있는 브런치 세트 메뉴(양송이 스프, 닭가슴살 샐러드)가 인기입니다."", ""커피는 직접 로스팅한 원두로 제공되며, 귀리우유 옵션 등 커스터마이징이 가능합니다."", ""내부는 넓고 테이블 간격이 넉넉해 편안한 분위기를 자랑합니다.""]",OK,bkeel_count=4,798.0,"[{""keyword"": ""디저트가 맛있어요"", ""count"": 692}, {""keyword"": ""커피가 맛있어요"", ""count"": 551}, {""keyword"": ""인테리어가 멋져요"", ""count"": 317}, {""keyword"": ""대화하기 좋아요"", ""count"": 202}, {""keyword"": ""음료가 맛있어요"", ""count"": 190}]",OK,keyword_count=5 total=798,https://search.pstatic.net/common/?autoRotate=true&type=w560_sharpen&src=https%3A%2F%2Fldb-phinf.pstatic.net%2F20241228_33%2F1735369859430LzFfV_JPEG%2F1000015077.jpg,OK,"hit=a#_autoPlayable img
src_len=165",수 10:00 - 21:00 | 목 10:00 - 21:00 | 금 10:00 - 21:00 | 토 10:00 - 21:00 | 일 10:00 - 21:00 | 월 정기휴무 (매주 월요일) | 화(2/17) 12:00 - 21:00,OK,"hit=hours_toggle
aria_before=false
aria_after=true
w9QyJ_count=8
detail_lines=7",0,0
saltbread,daegu,대구 상인역 소금빵 카페,카페어뉴,대구광역시 달서구 월배로40길 76,대구광역시 달서구 상인동 276-9,,https://smartstore.naver.com/cafe-anew,"음식점>카페,디저트",1285376082,358154575,128.5375689,35.8154545,,1319448985.0,SID_OK_AUTO_DETAIL,대구 카페어뉴,OK,0507-1379-8052,OK,"[""카페어뉴는 상인동에서 맛있는 디저트와 음료를 즐길 수 있는 카페입니다."", ""특히 바스크 치즈케이크는 꾸덕하면서도 부드러워 커피와 잘 어울립니다."", ""쑥인절미, 모카소금빵 등 특색 있는 메뉴도 있으며, 애견동반이 가능해 산책 후 방문하기 좋습니다."", ""분위기가 조용하고 인테리어가 감성적이라 편안하게 머물기 좋습니다.""]",OK,bkeel_count=4,190.0,"[{""keyword"": ""디저트가 맛있어요"", ""count"": 155}, {""keyword"": ""커피가 맛있어요"", ""count"": 108}, {""keyword"": ""음료가 맛있어요"", ""count"": 82}, {""keyword"": ""친절해요"", ""count"": 73}, {""keyword"": ""인테리어가 멋져요"", ""count"": 60}]",OK,keyword_count=5 total=190,https://search.pstatic.net/common/?autoRotate=true&type=w560_sharpen&src=https%3A%2F%2Fldb-phinf.pstatic.net%2F20230409_21%2F16810273685047LKdy_JPEG%2F4315A091-CD56-4421-BD4F-59639A5B96BE.jpeg,OK,"hit=a#_autoPlayable img
src_len=192",월(2/9) 휴무 | 화(2/10) 10:00 - 22:00 | 수(2/11) 10:00 - 22:00 | 목 12:00 - 21:00 | 금 12:00 - 21:00 | 토 12:00 - 21:00 | 일 12:00 - 20:00 | 02/26 휴무,OK,"hit=hours_toggle
aria_before=false
aria_after=true
w9QyJ_count=9
detail_lines=8",0,0
saltbread,daegu,대구 범물 소금빵,빠네비앙PaneBien,대구광역시 수성구 지범로46길 18 빠네비앙 Pane Bien,대구광역시 수성구 범물동 1380-10 빠네비앙 Pane Bien,,https://www.instagram.com/PaneBien,"카페,디저트>베이커리",1286435301,358163367,128.6435301,35.8163367,,1071875154.0,SID_OK_AUTO_DETAIL,대구 빠네비앙PaneBien,OK,0507-1330-7964,OK,"[""빠네비앙PaneBien은 빵과 커피가 맛있는 브런치 카페로, 특히 에그타르트와 크림치즈허니빵이 인기 메뉴입니다."", ""샐러드와 파스타 메뉴도 다양하게 준비되어 있어 식사로 즐기기 좋습니다."", ""디카페인 카페라떼 등 음료 메뉴도 다양하며, 빵 종류는 시간대별로 달라져 방문할 때마다 새로운 맛을 경험할 수 있습니다."", ""매장 앞이나 골목에 주차가 가능해 접근성이 좋습니다.""]",OK,bkeel_count=4,140.0,"[{""keyword"": ""빵이 맛있어요"", ""count"": 89}, {""keyword"": ""커피가 맛있어요"", ""count"": 86}, {""keyword"": ""친절해요"", ""count"": 63}, {""keyword"": ""음료가 맛있어요"", ""count"": 49}, {""keyword"": ""대화하기 좋아요"", ""count"": 29}]",OK,keyword_count=5 total=140,https://search.pstatic.net/common/?autoRotate=true&type=w560_sharpen&src=https%3A%2F%2Fldb-phinf.pstatic.net%2F20250811_222%2F17549033752411q3GN_JPEG%2F1000000220.jpg,OK,"hit=a#_autoPlayable img
src_len=166",월 08:00 - 22:00 | 화 08:00 - 22:00 | 수 08:00 - 22:00 | 목 08:00 - 22:00 | 금 08:00 - 22:00 | 토 08:00 - 22:00 | 일 08:00 - 22:00,OK,"hit=hours_toggle
aria_before=false
aria_after=true
w9QyJ_count=8
detail_lines=7",0,0
saltbread,daegu,대구 범물 소금빵,플라네,"대구광역시 수성구 진밭길 54 플라네 Flaner 카페 1층, 2층","대구광역시 수성구 범물동 930-4 플라네 Flaner 카페 1층, 2층",,,"음식점>카페,디저트",1286544191,358164041,128.6544191,35.8164041,,1032932858.0,SID_OK_AUTO_DETAIL,대구 플라네,OK,0507-1332-9314,OK,"[""플라네는 범물동 진밭골에 자리한 대형카페로, 대덕지 뷰와 함께 조용하고 아늑한 분위기를 자랑합니다."", ""커피는 산미가 적고 고소한 맛이 특징이며, 디저트로는 고구마 휘낭시에 등 베이커리 메뉴도 제공합니다."", ""반려동물 동반 가능한 야외 좌석과 유모차 접근이 용이한 공간이 마련되어 있어 가족 단위 방문객에게 추천합니다.""]",OK,bkeel_count=3,80.0,"[{""keyword"": ""커피가 맛있어요"", ""count"": 47}, {""keyword"": ""뷰가 좋아요"", ""count"": 41}, {""keyword"": ""디저트가 맛있어요"", ""count"": 27}, {""keyword"": ""사진이 잘 나와요"", ""count"": 23}, {""keyword"": ""음료가 맛있어요"", ""count"": 22}]",OK,keyword_count=5 total=80,https://search.pstatic.net/common/?autoRotate=true&type=w560_sharpen&src=https%3A%2F%2Fldb-phinf.pstatic.net%2F20250105_240%2F1736044899517Kae4c_JPEG%2FKakaoTalk_20250105_113850351_06.jpg,OK,"hit=a#_autoPlayable img
src_len=187",월 10:30 - 19:00 | 화 10:30 - 19:00 | 수 10:30 - 19:00 | 목 10:30 - 19:00 | 금 10:30 - 19:00 | 토 10:30 - 19:00 | 일 10:30 - 19:00,OK,"hit=hours_toggle
aria_before=false
aria_after=true
w9QyJ_count=8
detail_lines=7",0,0
saltbread,daegu,대구 소금빵,라부아뜨엘,대구광역시 수성구 지범로 248-6 1층,대구광역시 수성구 범물동 1374-14 1층,,http://pf.kakao.com/_xoxjmyG,"음식점>카페,디저트",1286442412,358175084,128.6442376,35.8175122,,1543801447.0,SID_OK_AUTO_DETAIL,대구 라부아뜨엘,OK,0507-1484-0458,OK,"[""라부아뜨엘은 수성구에 위치한 대구의 대표 빵지순례 장소로, 망고케이크, 딸기케이크 등 신선한 과일이 듬뿍 들어간 케이크와 고소한 소금빵, 크로와상 샌드위치 등 다양한 베이커리 메뉴를 자랑합니다."", ""1층과 2층에 걸쳐 넓은 취식 공간이 있으며, 단체 모임에도 적합한 좌석이 마련되어 있습니다."", ""커피는 원두 선택이 가능해 취향에 맞게 즐길 수 있습니다.""]",OK,bkeel_count=3,8.0,"[{""keyword"": ""디저트가 맛있어요"", ""count"": 6298}, {""keyword"": ""커피가 맛있어요"", ""count"": 3589}, {""keyword"": ""특별한 메뉴가 있어요"", ""count"": 3312}, {""keyword"": ""음료가 맛있어요"", ""count"": 2280}, {""keyword"": ""친절해요"", ""count"": 2198}]",OK,keyword_count=5 total=8,https://search.pstatic.net/common/?autoRotate=true&type=w560_sharpen&src=https%3A%2F%2Fldb-phinf.pstatic.net%2F20250224_72%2F1740371353451DE2jk_JPEG%2FKakaoTalk_20250224_132843934.jpg,OK,"hit=a#_autoPlayable img
src_len=183",매일 08:00 - 22:00 | - 설날 전체 정상 영업 / 매장이용 : 21시30분,OK,"hit=hours_toggle
aria_before=false
aria_after=true
w9QyJ_count=3
detail_lines=2",0,0
saltbread,daegu,대구 성서산업단지역 소금빵,아눅 월성,대구광역시 달서구 조암남로32길 16 1층,대구광역시 달서구 대천동 945 1층,,https://smartstore.naver.com/a-nook,"카페,디저트>베이커리",1285167741,358178015,128.5172691,35.8183059,,1324458118.0,SID_OK_AUTO_DETAIL,대구 아눅 월성,OK,0507-1485-0604,OK,"[""아눅 월성은 베이커리 카페로 치아바타, 크로와상, 소금빵 등 다양한 빵과 프렌치토스트, 샐러드, 수프 등의 브런치 메뉴를 제공합니다."", ""특히 치아바타 샌드위치는 신선한 야채와 고메버터가 어우러져 인기가 많습니다."", ""매장 내부는 넓고 쾌적하며, 아기의자와 어린이 전용 세면대도 구비되어 있어 가족 단위 방문객에게 적합합니다.""]",OK,bkeel_count=3,2.0,"[{""keyword"": ""커피가 맛있어요"", ""count"": 1662}, {""keyword"": ""디저트가 맛있어요"", ""count"": 1081}, {""keyword"": ""인테리어가 멋져요"", ""count"": 965}, {""keyword"": ""빵이 맛있어요"", ""count"": 655}, {""keyword"": ""음료가 맛있어요"", ""count"": 625}]",OK,keyword_count=5 total=2,https://search.pstatic.net/common/?autoRotate=true&type=w560_sharpen&src=https%3A%2F%2Fldb-phinf.pstatic.net%2F20240911_230%2F1726027589274Khxoo_JPEG%2F%25BF%25F9%25BC%25BA_%25C0%25FC%25B8%25E9_%25BB%25E7%25C1%25F8.jpg,OK,"hit=a#_autoPlayable img
src_len=218",월 08:00 - 22:00 | 화 08:00 - 22:00 | 수 08:00 - 22:00 | 목 08:00 - 22:00 | 금 08:00 - 22:00 | 토 08:00 - 22:00 | 일 08:00 - 22:00 | 02/17 설날 휴무 | - 설날과 추석 명절 당일만 휴무입니다.,OK,"hit=hours_toggle
aria_before=false
aria_after=true
w9QyJ_count=10
detail_lines=9",0,0
saltbread,daegu,대구 달서구 소금빵,스테이블모먼트 월배점,대구광역시 달서구 조암남로32길 24 스테이블모먼트,대구광역시 달서구 대천동 936 스테이블모먼트,,http://instagram.com/stable_moment02,"음식점>카페,디저트",1285163669,358190620,128.5162767,35.8187953,,1456621265.0,SID_OK_AUTO_DETAIL,대구 스테이블모먼트 월배점,OK,0507-1361-1031,OK,"[""스테이블모먼트 월배점은 넓은 공간과 다양한 메뉴가 특징인 대구의 대형 카페입니다."", ""아메리카노는 원두 선택이 가능하며, 인기 메뉴인 풀 스테이블 플레이트와 아몬드크림라떼가 인기입니다."", ""주차가 편리하고, 아이와 함께 방문하기 좋은 시설과 애견 동반 가능한 점도 매력적입니다."", ""1층부터 3층까지 다양한 좌석이 마련되어 있어 모임 장소로도 적합합니다.""]",OK,bkeel_count=4,4.0,"[{""keyword"": ""커피가 맛있어요"", ""count"": 1287}, {""keyword"": ""인테리어가 멋져요"", ""count"": 1095}, {""keyword"": ""빵이 맛있어요"", ""count"": 907}, {""keyword"": ""디저트가 맛있어요"", ""count"": 907}, {""keyword"": ""음료가 맛있어요"", ""count"": 592}]",OK,keyword_count=5 total=4,https://search.pstatic.net/common/?autoRotate=true&type=w560_sharpen&src=https%3A%2F%2Fldb-phinf.pstatic.net%2F20251102_192%2F176207367475488BK9_JPEG%2FKakaoTalk_20251102_175133267.jpg,OK,"hit=a#_autoPlayable img
src_len=184",매일 09:30 - 23:00,OK,"hit=hours_toggle
aria_before=false
aria_after=true
w9QyJ_count=2
detail_lines=1",0,0
saltbread,daegu,대구 범물 소금빵,피쉬마운트커피 범물점,대구광역시 수성구 지범로40길 6 상가동 111호,대구광역시 수성구 범물동 1332 상가동 111호,,,"음식점>카페,디저트",1286402213,358199267,128.6404433,35.8189515,,1916186094.0,SID_OK_AUTO_DETAIL,대구 피쉬마운트커피 범물점,OK,0507-1493-8677,OK,[],AI_BRIEFING_NOT_FOUND,,163,"[{""keyword"": ""커피가 맛있어요"", ""count"": 140}, {""keyword"": ""친절해요"", ""count"": 75}, {""keyword"": ""음료가 맛있어요"", ""count"": 53}, {""keyword"": ""특별한 메뉴가 있어요"", ""count"": 32}, {""keyword"": ""대화하기 좋아요"", ""count"": 25}]",OK,keyword_count=5 total=163,https://search.pstatic.net/common/?autoRotate=true&type=w560_sharpen&src=https%3A%2F%2Fldb-phinf.pstatic.net%2F20220117_32%2F16424156766832Voq7_JPEG%2F20220115_175306.jpg,OK,"hit=a#_autoPlayable img
src_len=170",수(2/11) 휴무 | 목(2/12) 휴무 | 금(2/13) 휴무 | 토 10:00 - 19:00 | 일 정기휴무 (매주 일요일) | 월(2/16) 설날 연휴10:00 - 19:00 | 화(2/17) 설날 휴무,OK,"hit=hours_toggle
aria_before=false
aria_after=true
w9QyJ_count=9
detail_lines=7",0,0
saltbread,daegu,대구 상인 소금빵,우리쌀현미빵,대구광역시 달서구 월서로 24,대구광역시 달서구 상인동 128-3,,,"카페,디저트>베이커리",1285320899,358206406,128.5321058,35.8206817,,,SEARCH_TIMEOUT_NO_UI,대구 우리쌀현미빵,,,,,,,,,,,,,,,,,0,0
saltbread,daegu,대구 상인 소금빵,구스또미오,대구광역시 달서구 송현로7길 15,대구광역시 달서구 상인동 860-2,,,"카페,디저트>베이커리",1285468174,358208627,128.5469416,35.8209129,,1639411558.0,SID_OK_AUTO_DETAIL,대구 구스또미오,OK,053-634-2819,OK,"[""구스또미오는 상인동 월촌역 근처에 위치한 베이커리로, 씨앗 호떡빵과 소금빵(시오빵)이 인기 메뉴입니다."", ""달토기빵은 쫄깃하고 달콤한 맛이 일품이며, 아메리카노는 진하고 시원해 모닝커피로 적합합니다."", ""케이크는 가격이 합리적이면서도 딸기 등 재료가 풍부해 만족도가 높습니다."", ""시식 코너가 마련되어 있어 다양한 메뉴를 맛보고 선택할 수 있습니다.""]",OK,bkeel_count=4,1.0,"[{""keyword"": ""빵이 맛있어요"", ""count"": 575}, {""keyword"": ""친절해요"", ""count"": 236}, {""keyword"": ""특별한 메뉴가 있어요"", ""count"": 143}, {""keyword"": ""매장이 청결해요"", ""count"": 130}, {""keyword"": ""가성비가 좋아요"", ""count"": 116}]",OK,keyword_count=5 total=1,https://search.pstatic.net/common/?autoRotate=true&type=w560_sharpen&src=https%3A%2F%2Fldb-phinf.pstatic.net%2F20220814_111%2F16604561861630Btpf_JPEG%2F20220808_100318.jpg,OK,"hit=a#_autoPlayable img
src_len=171",수 08:00 - 21:30 | 목 08:00 - 21:30 | 금 08:00 - 21:30 | 토 08:00 - 21:30 | 일 08:00 - 21:30 | 월(2/16) 설날 연휴 휴무 | 화(2/17) 설날 휴무,OK,"hit=hours_toggle
aria_before=false
aria_after=true
w9QyJ_count=9
detail_lines=7",0,0
saltbread,daegu,대구 지산 소금빵,아띠랑스,대구광역시 수성구 용학로 184 1층,대구광역시 수성구 지산동 1188-5 1층,,,"카페,디저트>베이커리",1286286548,358222678,128.628746,35.822207,,,SEARCH_TIMEOUT_NO_UI,대구 아띠랑스,,,,,,,,,,,,,,,,,0,0
saltbread,daegu,대구 송현 소금빵,118베이크샵,대구광역시 달서구 월배로68길 118 1층,대구광역시 달서구 송현동 1958-24 1층,,https://smartstore.naver.com/118bake,"카페,디저트>베이커리",1285524577,358223522,128.5524577,35.8223522,,1439330294.0,SID_OK_AUTO_DETAIL,대구 118베이크샵,OK,0507-1398-7378,OK,[],AI_BRIEFING_NOT_FOUND,,89,"[{""keyword"": ""빵이 맛있어요"", ""count"": 87}, {""keyword"": ""특별한 메뉴가 있어요"", ""count"": 48}, {""keyword"": ""친절해요"", ""count"": 44}, {""keyword"": ""커피가 맛있어요"", ""count"": 27}, {""keyword"": ""매장이 청결해요"", ""count"": 26}]",OK,keyword_count=5 total=89,https://search.pstatic.net/common/?autoRotate=true&type=w560_sharpen&src=https%3A%2F%2Fldb-phinf.pstatic.net%2F20230920_258%2F1695185786736oPuTk_JPEG%2FDSC08990.jpg,OK,"hit=a#_autoPlayable img
src_len=164",수 08:00 - 20:00 | 목 08:00 - 20:00 | 금 08:00 - 20:00 | 토 08:00 - 20:00 | 일 정기휴무 (매주 일요일) | 월 정기휴무 (매주 월요일) | 화(2/17) 설날 휴무 | - 소진시 조기마감(제품이 품절될수있으니 전화주세용),OK,"hit=hours_toggle
aria_before=false
aria_after=true
w9QyJ_count=10
detail_lines=8",0,0
saltbread,daegu,대구 지산 소금빵,빅웨이브 수성못점,대구광역시 수성구 용학로 172 1층,대구광역시 수성구 지산동 1188 1층,,https://100원커피이벤트-선착순주문하기.com,"음식점>카페,디저트",1286277222,358224752,128.6277223,35.8224753,,1752402962.0,SID_OK_AUTO_DETAIL,대구 빅웨이브 수성못점,OK,0507-2093-6768,OK,"[""빅웨이브 수성못점은 수성못 산책 후 들르기 좋은 카페로, 신선한 재료로 만든 브런치와 커피를 즐길 수 있습니다."", ""특히 양송이스프는 부드러운 크림과 풍미 가득한 버섯이 조화롭고, 시그니처 아메리카노는 깊은 맛이 특징입니다."", ""주차 공간이 넉넉하고 유아의자도 구비되어 있어 가족 단위 방문객에게도 적합합니다.""]",OK,bkeel_count=3,229.0,"[{""keyword"": ""커피가 맛있어요"", ""count"": 182}, {""keyword"": ""디저트가 맛있어요"", ""count"": 158}, {""keyword"": ""인테리어가 멋져요"", ""count"": 138}, {""keyword"": ""음료가 맛있어요"", ""count"": 90}, {""keyword"": ""친절해요"", ""count"": 75}]",OK,keyword_count=5 total=229,https://search.pstatic.net/common/?autoRotate=true&type=w560_sharpen&src=https%3A%2F%2Fldb-phinf.pstatic.net%2F20250725_155%2F1753414103092JE09u_JPEG%2F28.jpg,OK,"hit=a#_autoPlayable img
src_len=158",수 09:00 - 20:00 19:30 라스트오더 | 목 09:00 - 20:00 19:30 라스트오더 | 금 09:00 - 20:00 19:30 라스트오더 | 토 09:00 - 20:00 19:30 라스트오더 | 일 09:00 - 20:00 19:30 라스트오더 | 월(2/16) 설날 연휴10:00 - 20:00 | 화(2/17) 설날10:00 - 20:00 | - 월요일은 브런치 주문 당분간 쉬어가요,OK,"hit=hours_toggle
aria_before=false
aria_after=true
w9QyJ_count=9
detail_lines=8",0,0
saltbread,daegu,대구 달서구 소금빵,빠다롤 더 테라스,대구광역시 달서구 조암남로14길 42,대구광역시 달서구 월성동 1180,,,"카페,디저트>베이커리",1285255565,358227284,128.5255382,35.8227121,,1491062373.0,SID_OK_AUTO_DETAIL,대구 빠다롤 더 테라스,OK,053-644-2025,OK,"[""빠다롤 더 테라스는 베이커리와 커피를 함께 즐길 수 있는 카페입니다."", ""메뉴는 아메리카노, 라떼, 스무디, 주스 등 다양한 음료와 함께 브런치 메뉴도 제공합니다."", ""매장은 넓고 좌석이 다양하며, 특히 화장실이 고급스럽고 쾌적해 인상적입니다."", ""주차공간도 마련되어 있어 편리하게 방문할 수 있습니다.""]",OK,bkeel_count=4,4,"[{""keyword"": ""빵이 맛있어요"", ""count"": 1987}, {""keyword"": ""커피가 맛있어요"", ""count"": 556}, {""keyword"": ""인테리어가 멋져요"", ""count"": 487}, {""keyword"": ""친절해요"", ""count"": 329}, {""keyword"": ""특별한 메뉴가 있어요"", ""count"": 319}]",OK,keyword_count=5 total=4,https://search.pstatic.net/common/?autoRotate=true&type=w560_sharpen&src=https%3A%2F%2Fldb-phinf.pstatic.net%2F20190311_10%2F15522750147712LK9k_JPEG%2F06yPP-8MWv2j_i57k8TnW91R.jpg,OK,"hit=a#_autoPlayable img
src_len=179",매일 09:00 - 23:00,OK,"hit=hours_toggle
aria_before=false
aria_after=true
w9QyJ_count=2
detail_lines=1",0,0
saltbread,daegu,대구 상인역 소금빵,컵넛 월성점,"대구광역시 달서구 상원로 179-9 1층, 2층","대구광역시 달서구 월성동 1252 1층, 2층",,https://100원커피이벤트-선착순주문하기.com,"음식점>카페,디저트",1285262658,358229071,128.5262815,35.8229089,,1732039042.0,SID_OK_AUTO_DETAIL,대구 컵넛 월성점,OK,0507-1313-8796,OK,"[""컵넛 월성점은 다양한 도넛과 디저트가 맛있는 카페입니다."", ""LOTUS, MATCHA, CREAM BRULEE 등 다양한 도넛 메뉴와 함께 생과일우유빙수, 탕후루빙수도 인기입니다."", ""1, 2층과 야외테라스가 있어 분위기 좋은 공간에서 여유롭게 즐길 수 있습니다."", ""주차장이 넓어 차량 이용이 편리하며, 디카페인 커피 옵션도 제공됩니다.""]",OK,bkeel_count=4,539,"[{""keyword"": ""디저트가 맛있어요"", ""count"": 386}, {""keyword"": ""커피가 맛있어요"", ""count"": 211}, {""keyword"": ""친절해요"", ""count"": 167}, {""keyword"": ""인테리어가 멋져요"", ""count"": 151}, {""keyword"": ""음료가 맛있어요"", ""count"": 127}]",OK,keyword_count=5 total=539,https://search.pstatic.net/common/?autoRotate=true&type=w560_sharpen&src=https%3A%2F%2Fldb-phinf.pstatic.net%2F20250527_105%2F1748279929971GncLB_JPEG%2FIMG_7187.jpeg,OK,"hit=a#_autoPlayable img
src_len=165",수 11:00 - 22:00 21:30 라스트오더 | 목 11:00 - 22:00 21:30 라스트오더 | 금 11:00 - 24:00 23:30 라스트오더 | 토 11:00 - 24:00 23:30 라스트오더 | 일 11:00 - 22:00 21:30 라스트오더 | 월 11:00 - 22:00 21:30 라스트오더 | 화 11:00 - 22:00 21:30 라스트오더,OK,"hit=hours_toggle
aria_before=false
aria_after=true
w9QyJ_count=8
detail_lines=7",0,0
saltbread,daegu,대구 달서구 소금빵,카페 엠엔티 신월성 본점,대구광역시 달서구 조암남로14길 52-2 cafe mnt,대구광역시 달서구 월성동 1187-2 cafe mnt,,http://instagram.com/cafe.mnt,"음식점>카페,디저트",1285259474,358231624,128.5259861,35.8230393,,1077395387.0,SID_OK_AUTO_DETAIL,대구 카페 엠엔티 신월성 본점,OK,0507-1333-0306,OK,"[""카페 엠엔티 신월성 본점은 넓고 쾌적한 공간에서 다양한 베이커리와 커피를 즐길 수 있는 곳입니다."", ""에그타르트와 망고빙수가 특히 인기 있으며, 크림클라우드와 아이스크림커피 등 다양한 음료 메뉴도 준비되어 있습니다."", ""주차공간이 넉넉하고, 1층과 2층으로 나뉜 좌석 구성으로 가족이나 모임에도 적합합니다.""]",OK,bkeel_count=3,2,"[{""keyword"": ""커피가 맛있어요"", ""count"": 1693}, {""keyword"": ""디저트가 맛있어요"", ""count"": 1341}, {""keyword"": ""인테리어가 멋져요"", ""count"": 965}, {""keyword"": ""음료가 맛있어요"", ""count"": 723}, {""keyword"": ""대화하기 좋아요"", ""count"": 517}]",OK,keyword_count=5 total=2,https://search.pstatic.net/common/?autoRotate=true&type=w560_sharpen&src=https%3A%2F%2Fldb-phinf.pstatic.net%2F20260209_152%2F1770604946643PAt8H_JPEG%2FIMG_5903.jpeg,OK,"hit=a#_autoPlayable img
src_len=165",매일 10:00 - 23:00 22:30 라스트오더,OK,"hit=hours_toggle
aria_before=false
aria_after=true
w9QyJ_count=2
detail_lines=1",0,0
saltbread,daegu,대구 성서산업단지역 소금빵,꼬모맨션,대구광역시 달서구 조암로 71 1-2층 꼬모맨션,대구광역시 달서구 월성동 1426 1-2층 꼬모맨션,,https://smartstore.naver.com/comomansion,"음식점>카페,디저트",1285225969,358232237,128.5225474,35.8231804,,1421520348.0,SID_OK_AUTO_DETAIL,대구 꼬모맨션,OK,0507-1497-6675,OK,"[""꼬모맨션은 화이트톤 인테리어와 은은한 조명으로 세련된 분위기를 자랑하는 월성동 카페입니다."", ""2층 공간은 조용하고 노트북 작업하기 좋은 환경이며, 1층은 반려동물 동반 가능합니다."", ""다양한 디저트와 음료가 준비되어 있어 선택의 폭이 넓습니다."", ""특히 캐롯컵케이크와 쌀 코코아 쿠키가 인기 메뉴입니다.""]",OK,bkeel_count=4,1,"[{""keyword"": ""디저트가 맛있어요"", ""count"": 1276}, {""keyword"": ""인테리어가 멋져요"", ""count"": 759}, {""keyword"": ""친절해요"", ""count"": 732}, {""keyword"": ""커피가 맛있어요"", ""count"": 716}, {""keyword"": ""매장이 청결해요"", ""count"": 524}]",OK,keyword_count=5 total=1,https://search.pstatic.net/common/?autoRotate=true&type=w560_sharpen&src=https%3A%2F%2Fldb-phinf.pstatic.net%2F20250305_156%2F1741102857903MmWoy_JPEG%2F53439B0F-A097-4ACA-BFDF-9BA0724C1F7F.jpeg,OK,"hit=a#_autoPlayable img
src_len=193",수 10:00 - 22:00 | 목 10:00 - 22:00 | 금 10:00 - 22:00 | 토 11:00 - 22:00 | 일 11:00 - 22:00 | 월 10:00 - 22:00 | 화 10:00 - 22:00,OK,"hit=hours_toggle
aria_before=false
aria_after=true
w9QyJ_count=8
detail_lines=7",0,0
saltbread,daegu,대구 범물역 소금빵,라봉봉제과점,대구광역시 수성구 지범로21길 10,대구광역시 수성구 지산동 1279-11,,,"카페,디저트>베이커리",1286366889,358244416,128.6367057,35.8244478,,19616984.0,SID_OK_AUTO_DETAIL,대구 라봉봉제과점,OK,053-782-3751,OK,"[""라봉봉제과점은 수성구 지산동에 위치한 베이커리로, 다양한 빵과 샌드위치로 유명합니다."", ""특히 쌀소금빵과 치아바타 샌드위치는 건강한 재료로 만들어져 인기가 많습니다."", ""매장 내에는 창가와 안쪽에 테이블이 마련되어 있어 커피와 함께 브런치나 간식으로 즐기기 좋습니다."", ""가격도 합리적이어서 가성비가 뛰어나다는 평가를 받고 있습니다.""]",OK,bkeel_count=4,3,"[{""keyword"": ""빵이 맛있어요"", ""count"": 2649}, {""keyword"": ""친절해요"", ""count"": 724}, {""keyword"": ""특별한 메뉴가 있어요"", ""count"": 675}, {""keyword"": ""매장이 청결해요"", ""count"": 520}, {""keyword"": ""가성비가 좋아요"", ""count"": 337}]",OK,keyword_count=5 total=3,https://search.pstatic.net/common/?autoRotate=true&type=w560_sharpen&src=https%3A%2F%2Fldb-phinf.pstatic.net%2F20200723_119%2F1595432613553HyPBK_JPEG%2F-LR4G3eSd8XoEQ2FlpRL_n_V.jpg,OK,"hit=a#_autoPlayable img
src_len=180",매일 08:00 - 23:00,OK,"hit=hours_toggle
aria_before=false
aria_after=true
w9QyJ_count=2
detail_lines=1",0,0
saltbread,daegu,대구 송현 소금빵,어드밀디저트샵,대구광역시 달서구 월배로68길 29,대구광역시 달서구 송현동 798-194,,https://center-pf.kakao.com/_BxexcfG,"음식점>카페,디저트",1285486426,358247637,128.5486426,35.8247637,,1383747565.0,SID_OK_AUTO_DETAIL,대구 어드밀디저트샵,OK,0507-1340-9268,OK,"[""어드밀디저트샵은 대구 송현동에 위치한 디저트 카페로, 달지 않고 맛있는 디저트와 답례품으로 인기가 많습니다."", ""휘낭시에, 사브레쿠키, 미니식빵휘낭시에 등 다양한 메뉴를 제공하며, 특히 초당옥수수바치케와 라즈베리타르트 같은 신메뉴도 선보입니다."", ""사장님의 친절한 응대와 센스 있는 선물 포장으로 단골손님이 많은 곳입니다.""]",OK,bkeel_count=3,22,"[{""keyword"": ""디저트가 맛있어요"", ""count"": 18}, {""keyword"": ""커피가 맛있어요"", ""count"": 11}, {""keyword"": ""인테리어가 멋져요"", ""count"": 9}, {""keyword"": ""친절해요"", ""count"": 9}, {""keyword"": ""사진이 잘 나와요"", ""count"": 6}]",OK,keyword_count=5 total=22,https://search.pstatic.net/common/?autoRotate=true&type=w560_sharpen&src=https%3A%2F%2Fldb-phinf.pstatic.net%2F20250419_242%2F1745041026909aehDs_JPEG%2FKakaoTalk_20250419_142507275_02.jpg,OK,"hit=a#_autoPlayable img
src_len=187",수(2/11) 휴무 | 목 12:00 - 18:00 | 금 12:00 - 18:00 | 토 12:00 - 18:00 | 일 정기휴무 (매주 일요일) | 월 12:00 - 18:00 | 화 12:00 - 18:00 | - 단체주문 준비로 인한 임시휴무,OK,"hit=hours_toggle
aria_before=false
aria_after=true
w9QyJ_count=9
detail_lines=8",0,0
saltbread,daegu,대구 수성못 소금빵,롤링핀 대구수성못점,대구광역시 수성구 용학로 115 롤링핀,대구광역시 수성구 두산동 690 롤링핀,,https://www.instagram.com/rollingpin_suseonglake,"카페,디저트>베이커리",1286229670,358249331,128.622579,35.8251013,,,SEARCH_TIMEOUT_NO_UI,대구 롤링핀 대구수성못점,,,,,,,,,,,,,,,,,0,0
saltbread,daegu,대구 수성구 소금빵,삼송빵집 본점,대구광역시 수성구 수성못2길 26 삼송 1957,대구광역시 수성구 두산동 695 삼송 1957,,https://www.ssbnc.kr/pg/bbs/board.php?bo_table=store2,"카페,디저트>베이커리",1286240091,358251678,128.6245063,35.8253427,,,SEARCH_TIMEOUT_NO_UI,대구 삼송빵집 본점,,,,,,,,,,,,,,,,,0,0
saltbread,daegu,대구 상인 소금빵,버터베이크 신월성점,대구광역시 달서구 조암로 24 버터베이크,대구광역시 달서구 월성동 1822 버터베이크,,https://www.instagram.com/butterbake_daegu/profilecard/?igsh=MTFzdWZuem10ZmhoNA==,"카페,디저트>베이커리",1285269278,358255337,128.5270376,35.8255265,,1787304849.0,SID_OK_AUTO_DETAIL,대구 버터베이크 신월성점,OK,0507-1428-8589,OK,[],AI_BRIEFING_NOT_FOUND,,1,"[{""keyword"": ""빵이 맛있어요"", ""count"": 1000}, {""keyword"": ""특별한 메뉴가 있어요"", ""count"": 399}, {""keyword"": ""친절해요"", ""count"": 370}, {""keyword"": ""커피가 맛있어요"", ""count"": 348}, {""keyword"": ""인테리어가 멋져요"", ""count"": 316}]",OK,keyword_count=5 total=1,https://search.pstatic.net/common/?autoRotate=true&type=w560_sharpen&src=https%3A%2F%2Fldb-phinf.pstatic.net%2F20241210_101%2F1733814827175N8IeB_JPEG%2FKakaoTalk_20241210_152534268_01.jpg,OK,"hit=a#_autoPlayable img
src_len=187",수 12:00 - 22:30 22:15 라스트오더 | 목 12:00 - 22:30 22:15 라스트오더 | 금 12:00 - 22:30 22:15 라스트오더 | 토 12:00 - 22:00 21:45 라스트오더 | 일 12:00 - 22:00 21:45 라스트오더 | 월 12:00 - 22:30 22:15 라스트오더 | 화 12:00 - 22:30 22:15 라스트오더 | - 12/20 오픈예정 입니다. 많은 관심 부탁드립니다,OK,"hit=hours_toggle
aria_before=false
aria_after=true
w9QyJ_count=9
detail_lines=8",0,0
saltbread,daegu,대구 상인역 소금빵,마블스퀘어 월성,대구광역시 달서구 조암로 1 미래타워 1층 105호,대구광역시 달서구 월성동 1859 미래타워 1층 105호,,https://www.instagram.com/marvelsquare_ws,"카페,디저트>베이커리",1285296391,358257234,128.5296391,35.8257235,,1943289183.0,SID_OK_AUTO_DETAIL,대구 마블스퀘어 월성,OK,,PHONE_NOT_FOUND,"[""마블스퀘어 월성은 건강한 재료로 만든 다양한 식빵을 제공하는 베이커리입니다."", ""밤식빵, 애플시나몬식빵, 초콜릿식빵 등 메뉴가 풍부하며, 소금버터빵과 올리브치즈식빵은 단골들이 특히 좋아하는 메뉴입니다."", ""매장에서 직접 구워낸 식빵은 부드럽고 쫄깃한 식감이 특징이며, 음료와 함께 즐기기 좋습니다."", ""주차 시설도 편리하게 이용 가능합니다.""]",OK,bkeel_count=4,1,"[{""keyword"": ""빵이 맛있어요"", ""count"": 1033}, {""keyword"": ""친절해요"", ""count"": 417}, {""keyword"": ""특별한 메뉴가 있어요"", ""count"": 384}, {""keyword"": ""인테리어가 멋져요"", ""count"": 325}, {""keyword"": ""매장이 청결해요"", ""count"": 307}]",OK,keyword_count=5 total=1,https://search.pstatic.net/common/?autoRotate=true&type=w560_sharpen&src=https%3A%2F%2Fldb-phinf.pstatic.net%2F20241211_205%2F1733920987278SRIMi_JPEG%2FIMG_4274.jpeg,OK,"hit=a#_autoPlayable img
src_len=165","수 09:00 - 19:00 | 목 09:00 - 19:00 | 금 09:00 - 19:00 | 토 09:00 - 16:00 | 일 정기휴무 (매주 일요일) | 월 09:00 - 19:00 | 화(2/17) 설날 휴무 | 02/17-02/18 설날, 03/01 삼일절 휴무 | - 재고상황에 따라 조기마감 혹은 연장운영합니다.",OK,"hit=hours_toggle
aria_before=false
aria_after=true
w9QyJ_count=10
detail_lines=9",0,0
saltbread,daegu,대구 수성못 소금빵,브리튼헨지 수성못본점,대구광역시 수성구 수성못길 14,대구광역시 수성구 두산동 656-1,,https://www.instagram.com/britain_henge,"카페,디저트>베이커리",1286221391,358263202,128.6221519,35.8262766,,1400220376.0,SID_OK_AUTO_DETAIL,대구 브리튼헨지 수성못본점,OK,,PHONE_NOT_FOUND,"[""브리튼헨지 수성못본점은 수성못 뷰와 함께 특별한 브런치를 즐길 수 있는 공간입니다."", ""샌드위치와 수프 세트는 물론, 프렌치 로즈 라떼나 브리티시라벤더 카페라떼 같은 독특한 음료도 인기입니다."", ""인테리어가 아기자기하고 소품들로 가득해 사진 찍기 좋은 분위기 좋은 카페입니다."", ""단체석은 3층에 마련되어 있어 모임 장소로도 추천합니다.""]",OK,bkeel_count=4,1,"[{""keyword"": ""빵이 맛있어요"", ""count"": 1324}, {""keyword"": ""인테리어가 멋져요"", ""count"": 1273}, {""keyword"": ""커피가 맛있어요"", ""count"": 1111}, {""keyword"": ""음료가 맛있어요"", ""count"": 605}, {""keyword"": ""사진이 잘 나와요"", ""count"": 595}]",OK,keyword_count=5 total=1,https://search.pstatic.net/common/?autoRotate=true&type=w560_sharpen&src=https%3A%2F%2Fldb-phinf.pstatic.net%2F20240404_268%2F1712202245879Diak2_JPEG%2FKakaoTalk_20240404_124329880.jpg,OK,"hit=a#_autoPlayable img
src_len=184",수 08:00 - 22:00 21:00 라스트오더 | 목 08:00 - 22:00 21:00 라스트오더 | 금 08:00 - 22:00 21:00 라스트오더 | 토 08:00 - 22:00 21:00 라스트오더 | 일 08:00 - 22:00 21:00 라스트오더 | 월(2/16) 설날 연휴08:00 - 22:00 | 화(2/17) 설날08:00 - 22:00 | - 10/13 단체 워크샵으로 하루 쉬어갑니다!,OK,"hit=hours_toggle
aria_before=false
aria_after=true
w9QyJ_count=9
detail_lines=8",0,0
saltbread,daegu,대구 수성구 소금빵,포켓,대구광역시 수성구 수성못길 20 카페 포켓,대구광역시 수성구 두산동 653-8 카페 포켓,,https://www.instagram.com/cafe__pocket_,"카페,디저트>베이커리",1286222228,358265899,128.6222314,35.8265864,,,SEARCH_TIMEOUT_NO_UI,대구 포켓,,,,,,,,,,,,,,,,,0,0
saltbread,daegu,대구 수성못 소금빵 베이커리,사이커피 수성못,대구광역시 수성구 무학로 123 (두산동) 사이커피,대구광역시 수성구 두산동 205-6 사이커피,,https://www.instagram.com/sa.e_coffee?igshid=MzRlODBiNWFlZA==,"음식점>카페,디저트",1286220676,358303360,128.6220572,35.8303645,,1141498790.0,SID_OK_AUTO_DETAIL,대구 사이커피 수성못,OK,0507-1392-3303,OK,[],AI_BRIEFING_NOT_FOUND,,1,"[{""keyword"": ""커피가 맛있어요"", ""count"": 1001}, {""keyword"": ""디저트가 맛있어요"", ""count"": 899}, {""keyword"": ""인테리어가 멋져요"", ""count"": 486}, {""keyword"": ""음료가 맛있어요"", ""count"": 447}, {""keyword"": ""친절해요"", ""count"": 364}]",OK,keyword_count=5 total=1,https://search.pstatic.net/common/?autoRotate=true&type=w560_sharpen&src=https%3A%2F%2Fldb-phinf.pstatic.net%2F20230722_277%2F1689992282870k65yX_JPEG%2FIMG_7677.jpeg,OK,"hit=a#_autoPlayable img
src_len=165",수 09:30 - 23:00 22:00 라스트오더 | 목 09:30 - 23:00 22:00 라스트오더 | 금 09:30 - 23:00 22:00 라스트오더 | 토 09:30 - 23:00 22:00 라스트오더 | 일 09:30 - 23:00 22:00 라스트오더 | 월(2/16) 설날 연휴09:30 - 23:00 | 화(2/17) 설날09:30 - 23:00 | - 브런치 마지막 주문은 15:30분 입니다.,OK,"hit=hours_toggle
aria_before=false
aria_after=true
w9QyJ_count=9
detail_lines=8",0,0
saltbread,daegu,대구 남구 소금빵,카펠라,대구광역시 남구 앞산순환로 449,대구광역시 남구 대명동 548-1,,https://www.instagram.com/coffee_capella?igsh=MXNhM2l0OXZpdXh0eQ==,"음식점>카페,디저트",1285740189,358315701,128.5740189,35.8315701,,1262735788.0,SID_OK_AUTO_DETAIL,대구 카펠라,OK,0507-1397-9046,OK,"[""카펠라는 대구 앞산의 뷰 맛집으로, 3층 건물에 넓은 주차장을 갖춘 대형 카페입니다."", ""1층에서 주문 후 2~3층으로 올라가면 단체석, 소파석 등 다양한 좌석이 마련되어 있습니다."", ""브런치 메뉴로는 에그인헬, 바질쉬림프오일파스타 등이 있으며, 시그니처 카펠라라떼와 다양한 커피 메뉴를 즐길 수 있습니다.""]",OK,bkeel_count=3,2,"[{""keyword"": ""커피가 맛있어요"", ""count"": 703}, {""keyword"": ""뷰가 좋아요"", ""count"": 538}, {""keyword"": ""디저트가 맛있어요"", ""count"": 415}, {""keyword"": ""주차하기 편해요"", ""count"": 400}, {""keyword"": ""인테리어가 멋져요"", ""count"": 384}]",OK,keyword_count=5 total=2,https://search.pstatic.net/common/?autoRotate=true&type=w560_sharpen&src=https%3A%2F%2Fldb-phinf.pstatic.net%2F20220804_89%2F1659613800660nAR9j_JPEG%2FIMG_5837_%25C1%25A6%25B4%25EB%25B7%25CE%25B8%25B8%25B5%25E9%25B1%25E2_%25BA%25B8%25C1%25A4%25BA%25BB.jpg,OK,"hit=a#_autoPlayable img
src_len=255",매일 10:00 - 22:00 21:30 라스트오더,OK,"hit=hours_toggle
aria_before=false
aria_after=true
w9QyJ_count=2
detail_lines=1",0,0
saltbread,daegu,대구 송현역 소금빵,카페티엠포,대구광역시 달서구 월성로 20 1층 111호,대구광역시 달서구 월성동 275-2 1층 111호,,https://events.passorder.co.kr/100won-event-new,"음식점>카페,디저트",1285331507,358315758,128.5331508,35.8315758,,1443733197.0,SID_OK_AUTO_DETAIL,대구 카페티엠포,OK,0507-0289-3140,OK,[],AI_BRIEFING_NOT_FOUND,,144,"[{""keyword"": ""커피가 맛있어요"", ""count"": 64}, {""keyword"": ""디저트가 맛있어요"", ""count"": 56}, {""keyword"": ""친절해요"", ""count"": 54}, {""keyword"": ""음료가 맛있어요"", ""count"": 44}, {""keyword"": ""가성비가 좋아요"", ""count"": 33}]",OK,keyword_count=5 total=144,https://search.pstatic.net/common/?autoRotate=true&quality=95&type=w750&src=https%3A%2F%2Fldb-phinf.pstatic.net%2F20221015_117%2F1665840684695JgCye_JPEG%2F216AF443-0A7F-4034-A6E1-F3A5368E94E5.jpeg,OK,"hit=a#_autoPlayable img
src_len=196",수 09:30 - 16:30 | 목 09:30 - 16:30 | 금 09:30 - 16:30 | 토 09:30 - 16:30 | 일 정기휴무 (매주 일요일) | 월 09:30 - 16:30 | 화 09:30 - 16:30,OK,"hit=hours_toggle
aria_before=false
aria_after=true
w9QyJ_count=8
detail_lines=7",0,0
saltbread,daegu,대구 송현 소금빵,토구리 제과점,대구광역시 달서구 월배로83길 95 102호,대구광역시 달서구 송현동 541 102호,,https://smartstore.naver.com/toguri_bakery,"음식점>카페,디저트",1285467936,358318876,128.546794,35.8319017,,1200251865.0,SID_OK_AUTO_DETAIL,대구 토구리 제과점,OK,053-201-2678,OK,"[""토구리 제과점은 아늑한 분위기에서 정성 가득한 수제 디저트를 맛볼 수 있는 곳입니다."", ""쫀득한 구움찰떡, 바삭한 휘낭시에, 상큼한 곰들렌 등 메뉴마다 독특한 매력이 있습니다."", ""특히 선물용으로 좋은 쿠키 세트와 두부과자는 소중한 마음을 전하기에 적합합니다."", ""친구나 혼자 방문하기 좋은 작은 테이블 공간도 마련되어 있습니다.""]",OK,bkeel_count=4,21,"[{""keyword"": ""커피가 맛있어요"", ""count"": 16}, {""keyword"": ""디저트가 맛있어요"", ""count"": 16}, {""keyword"": ""친절해요"", ""count"": 8}, {""keyword"": ""가성비가 좋아요"", ""count"": 8}, {""keyword"": ""음료가 맛있어요"", ""count"": 5}]",OK,keyword_count=5 total=21,https://search.pstatic.net/common/?autoRotate=true&type=w560_sharpen&src=https%3A%2F%2Fldb-phinf.pstatic.net%2F20250301_115%2F1740835792667GunbS_JPEG%2F1000004113.jpg,OK,"hit=a#_autoPlayable img
src_len=166","수 09:30 - 18:00 | 목 09:30 - 18:00 | 금 09:30 - 18:00 | 토 10:00 - 16:00 | 일 정기휴무 (매주 일요일) | 월(2/16) 설날 연휴 휴무 | 화(2/17) 설날 휴무 | 02/16-02/18 설날 연휴, 03/01 삼일절, 03/02 대체공휴일(삼일절) 휴무",OK,"hit=hours_toggle
aria_before=false
aria_after=true
w9QyJ_count=9
detail_lines=8",0,0
saltbread,daegu,대구 신매 소금빵,스스슥,대구광역시 수성구 신매로 34-1 1층(신매동),대구광역시 수성구 신매동 593-1 1층(),,https://www.instagram.com/sssg_bakery,"카페,디저트>베이커리",1287075190,358324951,128.7075781,35.8325207,,1149994748.0,SID_OK_AUTO_DETAIL,대구 스스슥,OK,,PHONE_NOT_FOUND,[],AI_BRIEFING_NOT_FOUND,,422,"[{""keyword"": ""빵이 맛있어요"", ""count"": 367}, {""keyword"": ""커피가 맛있어요"", ""count"": 222}, {""keyword"": ""친절해요"", ""count"": 154}, {""keyword"": ""특별한 메뉴가 있어요"", ""count"": 121}, {""keyword"": ""매장이 청결해요"", ""count"": 74}]",OK,keyword_count=5 total=422,https://search.pstatic.net/common/?autoRotate=true&type=w560_sharpen&src=https%3A%2F%2Fldb-phinf.pstatic.net%2F20250915_65%2F1757920795468a3ckP_PNG%2FIMG_5885.png,OK,"hit=a#_autoPlayable img
src_len=162",매일 10:00 - 18:00 | - 빵 소진시 조기마감 됩니다. (인스타에 공지합니다:),OK,"hit=hours_toggle
aria_before=false
aria_after=true
w9QyJ_count=3
detail_lines=2",0,0
saltbread,daegu,대구 신매 소금빵,온기제빵소,대구광역시 수성구 신매로4길 5 1층,대구광역시 수성구 신매동 588-9 1층,,,"카페,디저트>베이커리",1287082198,358327041,128.7082622,35.8327198,,1585233838.0,SID_OK_AUTO_DETAIL,대구 온기제빵소,OK,0507-1353-2748,OK,"[""온기제빵소는 속이 알찬 소금빵과 치아바타, 무화과피칸 깜빠뉴 등 다양한 빵을 합리적인 가격에 제공합니다."", ""특히 소금빵은 버터를 가득 넣어 풍미가 뛰어나며, 치즈바게트도 짭짤하고 고소해 인기가 많습니다."", ""편안한 분위기에서 커피와 함께 브런치를 즐기기 좋으며, 단골 고객이 많아 재방문율이 높은 베이커리입니다.""]",OK,bkeel_count=3,229,"[{""keyword"": ""빵이 맛있어요"", ""count"": 212}, {""keyword"": ""친절해요"", ""count"": 73}, {""keyword"": ""특별한 메뉴가 있어요"", ""count"": 59}, {""keyword"": ""커피가 맛있어요"", ""count"": 53}, {""keyword"": ""매장이 청결해요"", ""count"": 45}]",OK,keyword_count=5 total=229,https://search.pstatic.net/common/?autoRotate=true&type=w560_sharpen&src=https%3A%2F%2Fldb-phinf.pstatic.net%2F20250208_56%2F1738976996381gvPle_JPEG%2F1000004944.jpg,OK,"hit=a#_autoPlayable img
src_len=165",수 정기휴무 (매주 수요일) | 목 정기휴무 (매주 목요일) | 금 09:00 - 21:00 | 토 09:00 - 21:00 | 일 09:00 - 21:00 | 월(2/16) 설날 연휴 휴무 | 화(2/17) 설날 휴무 | 02/16-02/18 설날 연휴 휴무,OK,"hit=hours_toggle
aria_before=false
aria_after=true
w9QyJ_count=9
detail_lines=8",0,0
saltbread,daegu,대구 신매 소금빵 카페,병아리 소풍,대구광역시 수성구 신매로 38-1,대구광역시 수성구 신매동 587-7,,https://blog.naver.com/juicy0070,"카페,디저트>베이커리",1287076980,358329708,128.7077313,35.8329666,,1066176661.0,SID_OK_AUTO_DETAIL,대구 병아리 소풍,OK,0507-1420-2530,OK,[],AI_BRIEFING_NOT_FOUND,,107,"[{""keyword"": ""음식이 맛있어요"", ""count"": 68}, {""keyword"": ""친절해요"", ""count"": 58}, {""keyword"": ""특별한 메뉴가 있어요"", ""count"": 47}, {""keyword"": ""가성비가 좋아요"", ""count"": 45}, {""keyword"": ""재료가 신선해요"", ""count"": 40}]",OK,keyword_count=5 total=107,https://search.pstatic.net/common/?autoRotate=true&type=w560_sharpen&src=https%3A%2F%2Fldb-phinf.pstatic.net%2F20260119_208%2F1768778432989iVjc7_JPEG%2F1000033563.jpg,OK,"hit=a#_autoPlayable img
src_len=166",수 09:00 - 20:00 | 목 09:00 - 20:00 | 금 09:00 - 20:00 | 토 09:00 - 17:00 | 일 정기휴무 (매주 일요일) | 월(2/16) 설날 연휴 휴무 | 화(2/17) 설날 휴무 | 02/16-02/18 설날 연휴 휴무,OK,"hit=hours_toggle
aria_before=false
aria_after=true
w9QyJ_count=9
detail_lines=8",0,0
saltbread,daegu,대구 사월역 소금빵,메종오브 베이커리,대구광역시 수성구 달구벌대로650길 57 1층 메종오브 베이커리,대구광역시 수성구 욱수동 263-3 1층 메종오브 베이커리,,http://www.instagram.com/maison_aube_bakery,"카페,디저트>베이커리",1287090987,358334643,128.7091875,35.8334946,,37896692.0,SID_OK_AUTO_DETAIL,대구 메종오브 베이커리,OK,0507-1414-1172,OK,"[""메종오브 베이커리는 당일 생산한 신선한 빵과 디저트를 제공하는 베이커리 카페입니다."", ""휘낭시에, 에그타르트, 블루베리 타르트 등 다양한 메뉴가 준비되어 있으며, 천연발효종을 사용해 건강하고 맛있는 빵을 즐길 수 있습니다."", ""매장 내부는 깔끔하고 분위기가 좋으며, 음료 메뉴도 다양해 빵과 함께 즐기기 좋습니다.""]",OK,bkeel_count=3,2,"[{""keyword"": ""빵이 맛있어요"", ""count"": 1906}, {""keyword"": ""커피가 맛있어요"", ""count"": 496}, {""keyword"": ""친절해요"", ""count"": 461}, {""keyword"": ""매장이 청결해요"", ""count"": 458}, {""keyword"": ""특별한 메뉴가 있어요"", ""count"": 352}]",OK,keyword_count=5 total=2,https://search.pstatic.net/common/?autoRotate=true&type=w560_sharpen&src=https%3A%2F%2Fldb-phinf.pstatic.net%2F20220614_93%2F1655186332902VpK86_JPEG%2F%25C1%25A4%25BB%25E7%25B0%25A2_%25283%2529.jpg,OK,"hit=a#_autoPlayable img
src_len=197",수 08:00 - 23:00 | 목 08:00 - 23:00 | 금 08:00 - 23:00 | 토 08:00 - 23:00 | 일 08:00 - 23:00 | 월 08:00 - 23:00 | 화 08:00 - 23:00,OK,"hit=hours_toggle
aria_before=false
aria_after=true
w9QyJ_count=8
detail_lines=7",0,0
saltbread,daegu,대구 대명역 소금빵,천냥빵떡대장 관문시장점,대구광역시 달서구 월배로 452 1층,대구광역시 달서구 송현동 195-2 1층,,https://blog.naver.com/bbangtteok_official,"카페,디저트>베이커리",1285547306,358336225,128.5547892,35.8336128,,,SEARCH_TIMEOUT_NO_UI,대구 천냥빵떡대장 관문시장점,,,,,,,,,,,,,,,,,0,0
saltbread,daegu,대구 앞산공원 소금빵,카페 오브도레 드 펌킨스 앞산,"대구광역시 남구 현충로5길 6 1층, 2층","대구광역시 남구 대명동 515-7 1층, 2층",,https://www.instagram.com/aubedore,"음식점>카페,디저트",1285791170,358341806,128.579117,35.8341807,,1734872688.0,SID_OK_AUTO_DETAIL,대구 카페 오브도레 드 펌킨스 앞산,OK,053-214-5157,OK,"[""카페 오브도레 드 펌킨스 앞산은 앞산의 아름다운 풍경을 배경으로 한 감성적인 공간입니다."", ""소금빵과 에그타르트 등 베이커리 메뉴가 풍부하며, 망고빙수와 팥빙수는 방문객들이 강력 추천하는 메뉴입니다."", ""특히 소금빵은 쪽파크림치즈부터 앙버터까지 다양한 맛으로 제공되어 선택의 즐거움을 더합니다.""]",OK,bkeel_count=3,604,"[{""keyword"": ""커피가 맛있어요"", ""count"": 411}, {""keyword"": ""디저트가 맛있어요"", ""count"": 408}, {""keyword"": ""인테리어가 멋져요"", ""count"": 369}, {""keyword"": ""사진이 잘 나와요"", ""count"": 218}, {""keyword"": ""친절해요"", ""count"": 165}]",OK,keyword_count=5 total=604,https://search.pstatic.net/common/?autoRotate=true&type=w560_sharpen&src=https%3A%2F%2Fldb-phinf.pstatic.net%2F20250205_264%2F1738733554288ciL0f_JPEG%2F8CAC605D-16FC-4AD0-A85E-B98633760077.jpeg,OK,"hit=a#_autoPlayable img
src_len=193",수 10:30 - 20:30 | 목 10:30 - 20:30 | 금 10:30 - 20:30 | 토 10:30 - 20:30 | 일 10:30 - 20:30 | 월(2/16) 설날 연휴10:30 - 20:30 | 화(2/17) 설날10:30 - 20:30 | - 연중무휴입니다.,OK,"hit=hours_toggle
aria_before=false
aria_after=true
w9QyJ_count=9
detail_lines=8",0,0
saltbread,daegu,대구 신매 소금빵,오하브카페,"대구광역시 수성구 욱수천로 70 3층, 4층","대구광역시 수성구 신매동 88-6 3층, 4층",,https://www.instagram.com/ohav_official/,"음식점>카페,디저트",1287116085,358345670,128.7115917,35.8345265,,,SEARCH_TIMEOUT_NO_UI,대구 오하브카페,,,,,,,,,,,,,,,,,0,0
saltbread,daegu,대구 남구 소금빵,플란트 앞산,대구광역시 남구 현충로7길 13-1 플란트,대구광역시 남구 대명동 512-2 플란트,,https://www.instagram.com/plant__coffee,"음식점>카페,디저트",1285788844,358347243,128.5788845,35.8347243,,1431065108.0,SID_OK_AUTO_DETAIL,대구 플란트 앞산,OK,,PHONE_NOT_FOUND,"[""플란트 앞산은 분위기 좋은 앞산 카페로, 아메리카노와 디저트 모두 맛있습니다."", ""특히 치즈케이크는 피스타치오, 말차, 바밤바, 초코 등 다양한 종류로 제공됩니다."", ""주택 개조로 독특한 인테리어와 넓은 공간, 단체석이 있어 모임 장소로도 추천됩니다."", ""주차는 카페 주변 골목이나 공영주차장을 이용 가능합니다.""]",OK,bkeel_count=4,2,"[{""keyword"": ""커피가 맛있어요"", ""count"": 1993}, {""keyword"": ""디저트가 맛있어요"", ""count"": 1691}, {""keyword"": ""인테리어가 멋져요"", ""count"": 1537}, {""keyword"": ""음료가 맛있어요"", ""count"": 897}, {""keyword"": ""사진이 잘 나와요"", ""count"": 801}]",OK,keyword_count=5 total=2,https://search.pstatic.net/common/?autoRotate=true&type=w560_sharpen&src=https%3A%2F%2Fldb-phinf.pstatic.net%2F20230720_30%2F1689862711603g65JR_JPEG%2FC0D76CF0-CD84-4C54-AEF3-EFE4A40334AE.jpeg,OK,"hit=a#_autoPlayable img
src_len=192",수 11:00 - 22:00 21:30 라스트오더 | 목 11:00 - 22:00 21:30 라스트오더 | 금 11:00 - 22:00 21:30 라스트오더 | 토 11:00 - 22:00 21:30 라스트오더 | 일 11:00 - 22:00 21:30 라스트오더 | 월(2/16) 11:00 - 22:00 | 화 11:00 - 22:00 21:30 라스트오더,OK,"hit=hours_toggle
aria_before=false
aria_after=true
w9QyJ_count=8
detail_lines=7",0,0
saltbread,daegu,대구 앞산공원 소금빵,브리에브레드,대구광역시 남구 현충로7길 7 브리에브레드,대구광역시 남구 대명동 513-3 브리에브레드,,https://www.instagram.com/brierbread,"카페,디저트>베이커리",1285790484,358347247,128.5790484,35.8347248,,1420344968.0,SID_OK_AUTO_DETAIL,대구 브리에브레드,OK,0507-1355-5421,OK,"[""브리에브레드는 대구 앞산 카페거리에 위치한 베이글 전문 카페입니다."", ""다양한 베이글 메뉴(크림치즈베이글, 잠봉뵈르샌드위치 등)와 수제 스프, 오트라떼가 인기입니다."", ""매장은 아늑한 우드톤 인테리어로 혼자 방문하거나 소규모 모임에 적합합니다."", ""크리스마스 시즌에는 슈톨렌 베이글을 한정 판매하며, 주차는 인근 공영주차장을 이용해야 합니다.""]",OK,bkeel_count=4,428,"[{""keyword"": ""빵이 맛있어요"", ""count"": 399}, {""keyword"": ""인테리어가 멋져요"", ""count"": 237}, {""keyword"": ""커피가 맛있어요"", ""count"": 175}, {""keyword"": ""특별한 메뉴가 있어요"", ""count"": 161}, {""keyword"": ""친절해요"", ""count"": 160}]",OK,keyword_count=5 total=428,https://search.pstatic.net/common/?autoRotate=true&type=w560_sharpen&src=https%3A%2F%2Fldb-phinf.pstatic.net%2F20231117_29%2F1700223410769wLejg_JPEG%2FIMG_6425.jpeg,OK,"hit=a#_autoPlayable img
src_len=164",수 정기휴무 (매주 수요일) | 목 10:00 - 18:30 | 금 10:00 - 18:30 | 토 10:00 - 18:30 | 일 10:00 - 18:30 | 월 10:00 - 18:30 | 화(2/17) 설날 휴무,OK,"hit=hours_toggle
aria_before=false
aria_after=true
w9QyJ_count=9
detail_lines=7",0,0
saltbread,daegu,대구 대명역 소금빵,카페리움,대구광역시 남구 대명남로 78-1 1층,대구광역시 남구 대명동 598-2 1층,,https://www.instagram.com/cafe_rium,"음식점>카페,디저트",1285666155,358347539,128.5666155,35.834754,,,SEARCH_TIMEOUT_NO_UI,대구 카페리움,,,,,,,,,,,,,,,,,0,0
saltbread,daegu,대구 황금 소금빵 베이커리,빵장수단팥빵 두산직영점,대구광역시 수성구 상화로 140 1층,대구광역시 수성구 두산동 124-5 1층,,,"카페,디저트>베이커리",1286223146,358352961,128.6222981,35.8352789,,,SEARCH_TIMEOUT_NO_UI,대구 빵장수단팥빵 두산직영점,,,,,,,,,,,,,,,,,0,0
saltbread,daegu,대구 대명역 소금빵,즐겁다커피,대구광역시 남구 골안길 72 1층,대구광역시 남구 대명동 1245-3 1층,,https://www.instagram.com/jeulgoptta.coffee,"음식점>카페,디저트",1285625659,358353712,128.5625659,35.8353712,,1367794339.0,SID_OK_AUTO_DETAIL,대구 즐겁다커피,OK,0507-1312-3008,OK,"[""즐겁다커피는 앞산 근처에 위치한 감성적인 인테리어의 카페로, 통창을 통해 자연광이 가득 들어오는 밝은 분위기가 매력적입니다."", ""시그니처 커피는 부드럽고 달콤한 맛이 특징이며, 베이글과 크림치즈, 소금빵 등 다양한 디저트를 제공합니다."", ""주차는 매장 건너편 노상주차공간을 이용할 수 있어 편리합니다.""]",OK,bkeel_count=3,354,"[{""keyword"": ""커피가 맛있어요"", ""count"": 327}, {""keyword"": ""인테리어가 멋져요"", ""count"": 201}, {""keyword"": ""디저트가 맛있어요"", ""count"": 198}, {""keyword"": ""친절해요"", ""count"": 179}, {""keyword"": ""사진이 잘 나와요"", ""count"": 118}]",OK,keyword_count=5 total=354,https://search.pstatic.net/common/?autoRotate=true&type=w560_sharpen&src=https%3A%2F%2Fldb-phinf.pstatic.net%2F20240721_299%2F1721527569911c2AtH_JPEG%2FIMG_2251.jpeg,OK,"hit=a#_autoPlayable img
src_len=165",수 09:00 - 20:00 | 목 09:00 - 20:00 | 금 09:00 - 20:00 | 토 09:00 - 20:00 | 일 10:00 - 18:00 | 월 정기휴무 (매주 월요일) | 화(2/17) 설날09:00 - 20:00 | - 새해 첫 날 정상영업 합니다!,OK,"hit=hours_toggle
aria_before=false
aria_after=true
w9QyJ_count=9
detail_lines=8",0,0
saltbread,daegu,대구 지산 소금빵,비터버터베터,대구광역시 수성구 동대구로12길 45 1층,대구광역시 수성구 지산동 993-13 1층,,https://www.instagram.com/bbb_tter,"음식점>카페,디저트",1286266305,358354243,128.6266009,35.8354492,,1785225129.0,SID_OK_AUTO_DETAIL,대구 비터버터베터,OK,0507-1375-5760,OK,"[""비터버터베터는 대구 지산동의 디저트 맛집으로, 두바이 초콜릿과 휘낭시에, 에그타르트 등 다양한 구움과자가 인기입니다."", ""특히 바닐라빈이 들어간 에그타르트와 글루텐프리 바스크 치즈케이크는 재방문 의사를 부르는 메뉴입니다."", ""음료로는 비버베라떼와 아메리카노가 산미 없이 깔끔해 디저트와 잘 어울립니다.""]",OK,bkeel_count=3,440,"[{""keyword"": ""디저트가 맛있어요"", ""count"": 406}, {""keyword"": ""친절해요"", ""count"": 237}, {""keyword"": ""커피가 맛있어요"", ""count"": 209}, {""keyword"": ""음료가 맛있어요"", ""count"": 171}, {""keyword"": ""음식이 맛있어요"", ""count"": 119}]",OK,keyword_count=5 total=440,https://search.pstatic.net/common/?autoRotate=true&type=w560_sharpen&src=https%3A%2F%2Fldb-phinf.pstatic.net%2F20251203_281%2F1764746954159lHCde_JPEG%2F1000040124.jpg,OK,"hit=a#_autoPlayable img
src_len=166",매일 15:00 - 다음 날 03:00 | - 디저트품절 혹은 단체주문준비시 조기마감 될 수 있습니다,OK,"hit=hours_toggle
aria_before=false
aria_after=true
w9QyJ_count=3
detail_lines=2",0,0
saltbread,daegu,대구 지산 소금빵 베이커리,두둥당,대구광역시 수성구 청수로36길 68 1층,대구광역시 수성구 지산동 991-15 1층,,,"카페,디저트>베이커리",1286268137,358361688,128.6268164,35.8361943,,1869055011.0,SID_OK_AUTO_DETAIL,대구 두둥당,OK,0507-1497-2804,OK,"[""두둥당은 대구 수성구에 위치한 베이킹 클래스 카페이며, 깔끔한 블랙&화이트 인테리어와 초록색 어닝이 특징입니다."", ""원데이 베이킹 클래스를 운영하며, 수업 중 소파 휴식 공간과 보드게임으로 지루함 없이 즐길 수 있습니다."", ""수업 중 제공되는 커피와 디저트도 맛있으며, 수업 후에는 직접 만든 휘낭시에나 에그타르트 등을 포장해갈 수 있습니다.""]",OK,bkeel_count=3,61,"[{""keyword"": ""빵이 맛있어요"", ""count"": 47}, {""keyword"": ""친절해요"", ""count"": 37}, {""keyword"": ""디저트가 맛있어요"", ""count"": 30}, {""keyword"": ""매장이 청결해요"", ""count"": 29}, {""keyword"": ""커피가 맛있어요"", ""count"": 24}]",OK,keyword_count=5 total=61,https://search.pstatic.net/common/?autoRotate=true&type=w560_sharpen&src=https%3A%2F%2Fldb-phinf.pstatic.net%2F20230621_282%2F1687348652361MA8dV_PNG%2F1687347641011.png,OK,"hit=a#_autoPlayable img
src_len=168",수 10:00 - 21:00 | 목 10:00 - 21:00 | 금 10:00 - 21:00 | 토 10:00 - 21:00 | 일 10:00 - 21:00 | 월 10:00 - 21:00 | 화(2/17) 설날 휴무,OK,"hit=hours_toggle
aria_before=false
aria_after=true
w9QyJ_count=9
detail_lines=7",0,0
saltbread,daegu,대구 지산 소금빵,랩에쏘 로스터리,대구광역시 수성구 청수로36길 70-24,대구광역시 수성구 지산동 990-3,,http://www.labesso.com,"음식점>카페,디저트",1286255923,358362739,128.6255889,35.8362585,,1221358269.0,SID_OK_AUTO_DETAIL,대구 랩에쏘 로스터리,OK,053-762-8084,OK,"[""랩에쏘 로스터리는 수성구에 위치한 대형 카페로, 넓은 주차장과 2층 구조의 넓은 매장을 갖추고 있습니다."", ""이곳은 직접 로스팅한 원두로 만든 아메리카노, 카페라떼, 아인슈페너 등 다양한 커피 메뉴와 함께 소금빵, 바스크 치즈케이크 등 디저트가 인기입니다."", ""특히 지산동라떼(곡물크림이 올라간 라떼)와 사장님라떼(달달하고 고소한 맛)가 인기 메뉴로 손꼽힙니다.""]",OK,bkeel_count=3,494,"[{""keyword"": ""커피가 맛있어요"", ""count"": 280}, {""keyword"": ""디저트가 맛있어요"", ""count"": 185}, {""keyword"": ""음료가 맛있어요"", ""count"": 95}, {""keyword"": ""친절해요"", ""count"": 95}, {""keyword"": ""인테리어가 멋져요"", ""count"": 88}]",OK,keyword_count=5 total=494,https://search.pstatic.net/common/?autoRotate=true&type=w560_sharpen&src=https%3A%2F%2Fldb-phinf.pstatic.net%2F20230304_157%2F1677888817077uACr7_JPEG%2FA60BF1A3-ACD0-4EC7-BCB7-FD415548A3F9.jpeg,OK,"hit=a#_autoPlayable img
src_len=193",수 10:00 - 22:00 21:30 라스트오더 | 목 10:00 - 22:00 21:30 라스트오더 | 금 10:00 - 22:00 21:30 라스트오더 | 토 10:00 - 22:00 21:30 라스트오더 | 일 정기휴무 (매주 일요일) | 월 10:00 - 22:00 21:30 라스트오더 | 화 10:00 - 22:00 21:30 라스트오더,OK,"hit=hours_toggle
aria_before=false
aria_after=true
w9QyJ_count=8
detail_lines=7",0,0
saltbread,daegu,대구 사월역 소금빵,카페 아이올리,대구광역시 수성구 달구벌대로652길 16 1층,대구광역시 수성구 신매동 149-4 1층,,https://www.instagram.com/cafe.aioli,"음식점>카페,디저트",1287111571,358363769,128.7112885,35.8366471,,1673657101.0,SID_OK_AUTO_DETAIL,대구 카페 아이올리,OK,053-791-8895,OK,"[""카페 아이올리는 브런치부터 디저트, 커피까지 모두 만족스러운 카페입니다."", ""에그 베네딕트, 어니언잼 잠봉 샌드위치 등 다양한 브런치 메뉴와 함께 수제 케이크와 커피를 즐길 수 있습니다."", ""넓은 실내 공간과 감성적인 인테리어로 모임 장소로도 적합하며, 편안한 분위기에서 여유로운 시간을 보낼 수 있습니다.""]",OK,bkeel_count=3,2,"[{""keyword"": ""커피가 맛있어요"", ""count"": 1488}, {""keyword"": ""디저트가 맛있어요"", ""count"": 1319}, {""keyword"": ""인테리어가 멋져요"", ""count"": 1091}, {""keyword"": ""음료가 맛있어요"", ""count"": 636}, {""keyword"": ""대화하기 좋아요"", ""count"": 490}]",OK,keyword_count=5 total=2,https://search.pstatic.net/common/?autoRotate=true&type=w560_sharpen&src=https%3A%2F%2Fldb-phinf.pstatic.net%2F20220621_188%2F1655801841950a8dhL_JPEG%2FB838E5CC-4041-4E8A-B2B7-D11D935300C5.jpeg,OK,"hit=a#_autoPlayable img
src_len=193",매일 10:00 - 22:00 21:30 라스트오더,OK,"hit=hours_toggle
aria_before=false
aria_after=true
w9QyJ_count=2
detail_lines=1",0,0
saltbread,daegu,대구 대명역 소금빵,빵장수 달서본점,대구광역시 달서구 구마로 240 1층,대구광역시 달서구 송현동 1037-1 1층,,,"카페,디저트>베이커리",1285541175,358367733,128.5541175,35.8367733,,1797508894.0,SID_OK_AUTO_DETAIL,대구 빵장수 달서본점,OK,0507-1493-6713,OK,"[""빵장수 달서본점은 가성비 높은 베이커리로 유명합니다."", ""데리버거, 마늘빵바게트, 치즈케이크 등 다양한 메뉴를 저렴한 가격에 제공하며, 특히 명란바게트는 중독적인 맛으로 인기가 많습니다."", ""매일 신선한 빵을 구워내어 늦게 방문해도 따끈한 빵을 맛볼 수 있으며, 친절한 직원들이 기분 좋은 방문 경험을 선사합니다.""]",OK,bkeel_count=3,100,"[{""keyword"": ""빵이 맛있어요"", ""count"": 85}, {""keyword"": ""특별한 메뉴가 있어요"", ""count"": 22}, {""keyword"": ""가성비가 좋아요"", ""count"": 19}, {""keyword"": ""친절해요"", ""count"": 14}, {""keyword"": ""인테리어가 멋져요"", ""count"": 12}]",OK,keyword_count=5 total=100,https://search.pstatic.net/common/?autoRotate=true&type=w560_sharpen&src=https%3A%2F%2Fldb-phinf.pstatic.net%2F20250312_47%2F1741743285313s1yrs_JPEG%2F%25C1%25A4%25B8%25E9_%25B0%25A3%25C6%25C7.jpg,OK,"hit=a#_autoPlayable img
src_len=196",매일 09:00 - 22:00,OK,"hit=hours_toggle
aria_before=false
aria_after=true
w9QyJ_count=2
detail_lines=1",0,0
saltbread,daegu,대구 신매 소금빵,켑트 베이커스,대구광역시 수성구 달구벌대로650길 15 1층 kept,대구광역시 수성구 신매동 144 1층 kept,,,"카페,디저트>베이커리",1287106648,358368831,128.7105703,35.8368325,,1998237232.0,SID_OK_AUTO_DETAIL,대구 켑트 베이커스,OK,0507-1416-6810,OK,"[""켑트 베이커스는 아메리카노의 산미가 적당하고 중독성 있는 커피 맛집입니다."", ""키오스크로 간편하게 주문 가능하며, 인기 메뉴부터 논커피 음료까지 다양하게 준비되어 있습니다."", ""내부는 넓은 공간에 목련 나무가 보이는 창가 자리가 인기이며, 야외 테이블도 마련되어 있어 날씨가 좋을 때는 야외에서 즐길 수 있습니다.""]",OK,bkeel_count=3,1,"[{""keyword"": ""커피가 맛있어요"", ""count"": 736}, {""keyword"": ""빵이 맛있어요"", ""count"": 573}, {""keyword"": ""인테리어가 멋져요"", ""count"": 339}, {""keyword"": ""음료가 맛있어요"", ""count"": 302}, {""keyword"": ""친절해요"", ""count"": 239}]",OK,keyword_count=5 total=1,https://search.pstatic.net/common/?autoRotate=true&type=w560_sharpen&src=https%3A%2F%2Fvideo-phinf.pstatic.net%2F20260206_66%2F1770350651913TTAPB_JPEG%2F1cqcV3fZ13_04.jpg,OK,"hit=a#_autoPlayable img
src_len=170",수 09:00 - 19:30 | 목 09:00 - 19:30 | 금 09:00 - 19:30 | 토 09:00 - 21:00 | 일 09:00 - 21:00 | 월 09:00 - 19:30 | 화 09:00 - 19:30,OK,"hit=hours_toggle
aria_before=false
aria_after=true
w9QyJ_count=8
detail_lines=7",0,0
saltbread,daegu,대구 안지랑 소금빵 베이커리,올디어,대구광역시 남구 대명로30길 40 1층,대구광역시 남구 대명동 927-2 1층,,https://www.instagram.com/__oldear,"음식점>카페,디저트",1285738926,358372420,128.5738927,35.837242,,1264338342.0,SID_OK_AUTO_DETAIL,대구 올디어,OK,053-657-2488,OK,"[""올디어는 대구 앞산카페거리에 위치한 아기자기한 인테리어가 매력적인 카페입니다."", ""주력 메뉴인 레어 치즈케이크는 꾸덕한 치즈크림과 새콤한 체리의 조합이 뛰어나며, 소금빵과 블루베리 소금빵도 담백하고 맛있습니다."", ""아메리카노와 바닐라라떼 등 커피 메뉴도 풍부하고, 사장님의 친절한 서비스가 더해져 방문객들에게 좋은 인상을 남깁니다.""]",OK,bkeel_count=3,203,"[{""keyword"": ""커피가 맛있어요"", ""count"": 180}, {""keyword"": ""디저트가 맛있어요"", ""count"": 159}, {""keyword"": ""인테리어가 멋져요"", ""count"": 118}, {""keyword"": ""친절해요"", ""count"": 109}, {""keyword"": ""음료가 맛있어요"", ""count"": 75}]",OK,keyword_count=5 total=203,https://search.pstatic.net/common/?autoRotate=true&type=w560_sharpen&src=https%3A%2F%2Fldb-phinf.pstatic.net%2F20240325_228%2F1711295875021a3PoM_JPEG%2FIMG_3209.jpeg,OK,"hit=a#_autoPlayable img
src_len=165",수 12:00 - 22:00 | 목 12:00 - 22:00 | 금 12:00 - 22:00 | 토 12:00 - 22:00 | 일 12:00 - 22:00 | 월 정기휴무 (매주 월요일) | 화 12:00 - 22:00,OK,"hit=hours_toggle
aria_before=false
aria_after=true
w9QyJ_count=8
detail_lines=7",0,0
saltbread,daegu,대구 남구 소금빵,마들렌베이커리 앞산점,대구광역시 남구 현충로 54 마들렌베이커리 앞산점,대구광역시 남구 대명동 450-1 마들렌베이커리 앞산점,,https://blog.naver.com/madeleinebakery,"카페,디저트>베이커리",1285801231,358376469,128.5801231,35.837647,,1234345263.0,SID_OK_AUTO_DETAIL,대구 마들렌베이커리 앞산점,OK,053-623-7737,OK,"[""마들렌베이커리 앞산점은 현충로역 인근의 대형 베이커리 카페로, 다양한 빵과 음료를 제공합니다."", ""1층부터 루프탑까지 넓은 공간에 테이블이 다양하게 배치되어 있어 데이트나 단체 모임에 좋습니다."", ""특히 소금빵과 크림치즈 빵이 인기 있으며, 주차장이 넓어 차량 이용이 편리합니다."", ""디카페인 커피도 맛있어 커피 애호가들에게 추천합니다.""]",OK,bkeel_count=4,1,"[{""keyword"": ""빵이 맛있어요"", ""count"": 928}, {""keyword"": ""커피가 맛있어요"", ""count"": 596}, {""keyword"": ""인테리어가 멋져요"", ""count"": 245}, {""keyword"": ""음료가 맛있어요"", ""count"": 239}, {""keyword"": ""대화하기 좋아요"", ""count"": 194}]",OK,keyword_count=5 total=1,https://search.pstatic.net/common/?autoRotate=true&type=w560_sharpen&src=https%3A%2F%2Fldb-phinf.pstatic.net%2F20260205_37%2F1770267504933kdrM0_JPEG%2F%25BD%25BA%25B8%25B6%25C6%25AE%25C7%25C3%25B7%25B9%25C0%25CC%25BD%25BA_%25C7%25C1%25B7%25CE%25C7%25CA_%25BB%25E7%25C1%25F8_%25B5%25EE%25B7%25CF_260205.jpg,OK,"hit=a#_autoPlayable img
src_len=305",수 09:30 - 24:00 | 목 09:30 - 24:00 | 금 09:30 - 24:00 | 토 09:30 - 24:00 | 일 09:30 - 24:00 | 월 09:30 - 24:00 | 화(2/17) 설날 휴무,OK,"hit=hours_toggle
aria_before=false
aria_after=true
w9QyJ_count=9
detail_lines=7",0,0
saltbread,daegu,대구 사월 소금빵,르플렌,대구광역시 수성구 달구벌대로669길 40 르플렌,대구광역시 수성구 사월동 550-3 르플렌,,https://100원커피이벤트-선착순주문하기.com,"카페,디저트>베이커리",1287211756,358377386,128.7211617,35.8376816,,1002179399.0,SID_OK_AUTO_DETAIL,대구 르플렌,OK,0507-2085-0921,OK,[],AI_BRIEFING_NOT_FOUND,,111,"[{""keyword"": ""빵이 맛있어요"", ""count"": 102}, {""keyword"": ""커피가 맛있어요"", ""count"": 65}, {""keyword"": ""친절해요"", ""count"": 59}, {""keyword"": ""가성비가 좋아요"", ""count"": 55}, {""keyword"": ""음료가 맛있어요"", ""count"": 30}]",OK,keyword_count=5 total=111,https://search.pstatic.net/common/?autoRotate=true&type=w560_sharpen&src=https%3A%2F%2Fldb-phinf.pstatic.net%2F20240831_4%2F1725080786701NsBCM_JPEG%2F1000007942.jpg,OK,"hit=a#_autoPlayable img
src_len=164",수 07:30 - 20:00 | 목 07:30 - 20:00 | 금 07:30 - 20:00 | 토 07:30 - 20:00 | 일 정기휴무 (매주 일요일) | 월(2/16) 설날 연휴 휴무 | 화(2/17) 설날 휴무 | 02/16-02/18 설날 연휴 휴무,OK,"hit=hours_toggle
aria_before=false
aria_after=true
w9QyJ_count=9
detail_lines=8",0,0
saltbread,daegu,대구 고산역 소금빵 베이커리,아워스 카페,대구광역시 수성구 알파시티1로42길 26 101호,대구광역시 수성구 대흥동 831-2 101호,,https://www.instagram.com/_cafe.hours?igsh=a2xpano5Y2QzaGRy&utm_source=qr,"음식점>카페,디저트",1286828113,358378068,128.6828768,35.8378445,,,SEARCH_TIMEOUT_NO_UI,대구 아워스 카페,,,,,,,,,,,,,,,,,0,0
saltbread,daegu,대구 안지랑 소금빵 베이커리,카페 아그데아그데,대구광역시 남구 대명로36길 10-15 농협 주차장 옆 골목 아그데아그데,대구광역시 남구 대명동 902-23 농협 주차장 옆 골목 아그데아그데,,https://www.instagram.com/cafe_agdeagde,"음식점>카페,디저트",1285755163,358386854,128.5754358,35.8386377,,1512086484.0,SID_OK_AUTO_DETAIL,대구 카페 아그데아그데,OK,0507-1447-8190,OK,[],AI_BRIEFING_NOT_FOUND,,98,"[{""keyword"": ""커피가 맛있어요"", ""count"": 75}, {""keyword"": ""인테리어가 멋져요"", ""count"": 57}, {""keyword"": ""디저트가 맛있어요"", ""count"": 56}, {""keyword"": ""대화하기 좋아요"", ""count"": 39}, {""keyword"": ""음료가 맛있어요"", ""count"": 35}]",OK,keyword_count=5 total=98,https://search.pstatic.net/common/?autoRotate=true&type=w560_sharpen&src=https%3A%2F%2Fldb-phinf.pstatic.net%2F20251222_91%2F1766390588591kqqkg_JPEG%2FKakaoTalk_20251222_170247177.jpg,OK,"hit=a#_autoPlayable img
src_len=183",수 11:00 - 22:00 21:55 라스트오더 | 목 11:00 - 22:00 21:55 라스트오더 | 금 11:00 - 22:00 21:55 라스트오더 | 토 12:00 - 22:00 21:55 라스트오더 | 일 12:00 - 22:00 21:55 라스트오더 | 월(2/16) 설날 연휴12:00 - 22:00 | 화(2/17) 설날12:00 - 22:00 | - 2월1일 정상영업 합니다,OK,"hit=hours_toggle
aria_before=false
aria_after=true
w9QyJ_count=9
detail_lines=8",0,0
saltbread,daegu,대구 황금역 소금빵,클렁키,대구광역시 수성구 동대구로 95 1층상가 108동 6112호 클렁키(GS편의점 맞은편),대구광역시 수성구 두산동 113 1층상가 108동 6112호 클렁키(GS편의점 맞은편),,https://www.instagram.com/clunkybakery,"카페,디저트>베이커리",1286234823,358393197,128.6230706,35.8387222,,1926004010.0,SID_OK_AUTO_DETAIL,대구 클렁키,OK,0507-1318-4555,OK,[],AI_BRIEFING_NOT_FOUND,,89,"[{""keyword"": ""빵이 맛있어요"", ""count"": 82}, {""keyword"": ""친절해요"", ""count"": 40}, {""keyword"": ""매장이 청결해요"", ""count"": 34}, {""keyword"": ""특별한 메뉴가 있어요"", ""count"": 27}, {""keyword"": ""디저트가 맛있어요"", ""count"": 14}]",OK,keyword_count=5 total=89,https://search.pstatic.net/common/?autoRotate=true&type=w560_sharpen&src=https%3A%2F%2Fldb-phinf.pstatic.net%2F20221112_83%2F1668240527095lNPXv_JPEG%2FDA9A0B62-7948-4279-B73C-7A99CD79A2CE.jpeg,OK,"hit=a#_autoPlayable img
src_len=192",수 11:00 - 20:00 | 목 11:00 - 20:00 | 금 11:00 - 20:00 | 토 11:00 - 18:00 | 일 정기휴무 (매주 일요일) | 월(2/16) 설날 연휴 휴무 | 화(2/17) 설날 휴무 | 02/16-02/18 설날 연휴 휴무,OK,"hit=hours_toggle
aria_before=false
aria_after=true
w9QyJ_count=9
detail_lines=8",0,0
saltbread,daegu,대구 고산 소금빵,시지본,대구광역시 수성구 노변로 79,대구광역시 수성구 노변동 120-2,,,"음식점>카페,디저트",1286999176,358388270,128.6997476,35.8388079,,,SEARCH_TIMEOUT_NO_UI,대구 시지본,,,,,,,,,,,,,,,,,0,0
saltbread,daegu,대구 안지랑 소금빵 베이커리,앞산빵래터,대구광역시 남구 대명로 168 1층,대구광역시 남구 대명동 901-5 1층,,,"카페,디저트>베이커리",1285761068,358388364,128.5761068,35.8388364,,1373897014.0,SID_OK_AUTO_DETAIL,대구 앞산빵래터,OK,053-625-0088,OK,"[""앞산빵래터는 안지랑역 근처에 위치한 천연발효 빵 전문점입니다."", ""유기농 호밀식빵, 통밀 깜빠뉴, 크림치즈 감자 치아바타 등 건강한 빵부터 몽블랑, 초코쿠키, 에그샌드위치까지 다양한 메뉴를 제공합니다."", ""특히 무화과 크림치즈 깜빠뉴와 직접 만든 팥이 들어간 앙버터가 인기 메뉴입니다."", ""빵은 촉촉하고 재료가 풍부해 든든하며, 가격도 합리적입니다.""]",OK,bkeel_count=4,96,"[{""keyword"": ""빵이 맛있어요"", ""count"": 93}, {""keyword"": ""건강한 맛이에요"", ""count"": 33}, {""keyword"": ""특별한 메뉴가 있어요"", ""count"": 31}, {""keyword"": ""친절해요"", ""count"": 24}, {""keyword"": ""재료가 신선해요"", ""count"": 22}]",OK,keyword_count=5 total=96,https://search.pstatic.net/common/?autoRotate=true&type=w560_sharpen&src=https%3A%2F%2Fldb-phinf.pstatic.net%2F20240927_209%2F17274181417972wY2O_JPEG%2F20240927_100628.jpg,OK,"hit=a#_autoPlayable img
src_len=171",매일 09:00 - 22:00,OK,"hit=hours_toggle
aria_before=false
aria_after=true
w9QyJ_count=2
detail_lines=1",0,0
saltbread,daegu,대구 황금 소금빵,핑퐁커피 본점,대구광역시 수성구 청호로 242 1층,대구광역시 수성구 황금동 249-6 1층,,http://www.pingpongcoffee.co.kr,"음식점>카페,디저트",1286400996,358389803,128.6401132,35.8389827,,1027856033.0,SID_OK_AUTO_DETAIL,대구 핑퐁커피 본점,OK,0507-1478-6224,OK,[],AI_BRIEFING_NOT_FOUND,,116,"[{""keyword"": ""디저트가 맛있어요"", ""count"": 73}, {""keyword"": ""커피가 맛있어요"", ""count"": 71}, {""keyword"": ""친절해요"", ""count"": 52}, {""keyword"": ""음료가 맛있어요"", ""count"": 49}, {""keyword"": ""인테리어가 멋져요"", ""count"": 43}]",OK,keyword_count=5 total=116,https://search.pstatic.net/common/?autoRotate=true&type=w560_sharpen&src=https%3A%2F%2Fnaverbooking-phinf.pstatic.net%2F20260205_14%2F1770279093726T0XvE_JPEG%2FKakaoTalk_20260205_150807154.jpg,OK,"hit=a#_autoPlayable img
src_len=192",매일 08:00 - 24:00 23:30 라스트오더,OK,"hit=hours_toggle
aria_before=false
aria_after=true
w9QyJ_count=2
detail_lines=1",0,0
saltbread,daegu,대구 수성알파시티 소금빵,오브스윗,대구광역시 수성구 알파시티2로9길 12 1층,대구광역시 수성구 시지동 589 1층,,https://www.instagram.com/of.sweet_,"음식점>카페,디저트",1286935298,358392390,128.6935299,35.839239,,,SEARCH_TIMEOUT_NO_UI,대구 오브스윗,,,,,,,,,,,,,,,,,0,0
saltbread,daegu,대구 고산 소금빵,메종루이 베이커리,대구광역시 수성구 알파시티2로 35,대구광역시 수성구 시지동 587-1,,,"카페,디저트>베이커리",1286929247,358395441,128.6929678,35.8395516,,1152796043.0,SID_OK_AUTO_DETAIL,대구 메종루이 베이커리,OK,0507-1408-1172,OK,"[""메종루이 베이커리는 대구 수성구 알파시티에 위치한 베이커리 카페로, 신선한 재료로 만든 다양한 빵과 디저트를 제공합니다."", ""특히 무화과 호두 깜빠뉴와 딸기케이크가 인기 메뉴이며, 커피와 음료도 다양하게 준비되어 있습니다."", ""매장은 넓고 테이블 간격이 넓어 편안하게 즐길 수 있으며, 주차 시설과 단체석이 마련되어 있어 모임 장소로도 적합합니다.""]",OK,bkeel_count=3,1,"[{""keyword"": ""빵이 맛있어요"", ""count"": 1198}, {""keyword"": ""커피가 맛있어요"", ""count"": 351}, {""keyword"": ""친절해요"", ""count"": 347}, {""keyword"": ""매장이 청결해요"", ""count"": 289}, {""keyword"": ""특별한 메뉴가 있어요"", ""count"": 200}]",OK,keyword_count=5 total=1,https://search.pstatic.net/common/?autoRotate=true&type=w560_sharpen&src=https%3A%2F%2Fldb-phinf.pstatic.net%2F20220630_241%2F1656563921050NxhIS_JPEG%2F10.jpg,OK,"hit=a#_autoPlayable img
src_len=158",수 08:00 - 23:00 | 목 08:00 - 23:00 | 금 08:00 - 23:00 | 토 08:00 - 23:00 | 일 08:00 - 23:00 | 월 08:00 - 23:00 | 화 08:00 - 23:00,OK,"hit=hours_toggle
aria_before=false
aria_after=true
w9QyJ_count=8
detail_lines=7",0,0
saltbread,daegu,대구 고산역 소금빵,플라림비,대구광역시 수성구 노변로 101-1 1층,대구광역시 수성구 노변동 15-4 1층,,https://www.instagram.com/flalim.b/profilecard/?igsh=MThjcmx4OTZ6dHQ4bg==,"음식점>카페,디저트",1287007087,358404628,128.7006949,35.8404645,,1212510778.0,SID_OK_AUTO_DETAIL,대구 플라림비,OK,0507-1467-8511,OK,"[""플라림비는 프랑스산 고메버터로 만든 소금빵이 유명한 카페입니다."", ""미니 소금빵부터 모카소금빵까지 다양한 종류가 있으며, 플라림라떼와 함께 즐기기 좋습니다."", ""내부에는 식물과 생화로 꾸며진 아늑한 공간이 마련되어 있고, 단체 모임에도 적합한 넓은 좌석이 있습니다."", ""디저트류와 음료 모두 맛있어 재방문 의사가 높은 곳입니다.""]",OK,bkeel_count=4,372,"[{""keyword"": ""커피가 맛있어요"", ""count"": 181}, {""keyword"": ""디저트가 맛있어요"", ""count"": 162}, {""keyword"": ""음료가 맛있어요"", ""count"": 114}, {""keyword"": ""친절해요"", ""count"": 96}, {""keyword"": ""인테리어가 멋져요"", ""count"": 58}]",OK,keyword_count=5 total=372,https://search.pstatic.net/common/?autoRotate=true&type=w560_sharpen&src=https%3A%2F%2Fldb-phinf.pstatic.net%2F20260211_48%2F1770763749816CqvTr_JPEG%2FIMG_8152.jpeg,OK,"hit=a#_autoPlayable img
src_len=164",수 09:00 - 22:00 21:50 라스트오더 | 목 09:00 - 22:00 21:50 라스트오더 | 금 09:00 - 22:00 21:50 라스트오더 | 토 09:00 - 22:00 21:50 라스트오더 | 일(2/15) 09:00 - 20:00 | 월(2/16) 09:00 - 20:00 | 화(2/17) 휴무,OK,"hit=hours_toggle
aria_before=false
aria_after=true
w9QyJ_count=9
detail_lines=7",0,0
saltbread,daegu,대구 고산 소금빵,버터우드 라이온즈파크점,대구광역시 수성구 야구전설로 1 1층 2호 버터우드 라이온즈파크점,대구광역시 수성구 연호동 648 1층 2호 버터우드 라이온즈파크점,,https://www.instagram.com/butterwood_daegu,"음식점>카페,디저트",1286822059,358416451,128.6812364,35.841129,,1397831158.0,SID_OK_AUTO_DETAIL,대구 버터우드 라이온즈파크점,OK,0507-1474-5080,OK,[],AI_BRIEFING_NOT_FOUND,,423,"[{""keyword"": ""커피가 맛있어요"", ""count"": 235}, {""keyword"": ""음료가 맛있어요"", ""count"": 124}, {""keyword"": ""디저트가 맛있어요"", ""count"": 74}, {""keyword"": ""친절해요"", ""count"": 49}, {""keyword"": ""특별한 메뉴가 있어요"", ""count"": 34}]",OK,keyword_count=5 total=423,https://search.pstatic.net/common/?autoRotate=true&type=w560_sharpen&src=https%3A%2F%2Fldb-phinf.pstatic.net%2F20250214_6%2F1739516122495qv55x_PNG%2FKakaoTalk_20250119_142656849.png,OK,"hit=a#_autoPlayable img
src_len=181",수(2/11) 휴무 | 목(2/12) 휴무 | 금(2/13) 휴무 | 토(2/14) 휴무 | 일(2/15) 휴무 | 월(2/16) 휴무 | 화(2/17) 휴무 | - 매장 리뉴얼 공사로 인해 시범경기 전까지 휴무합니다.,OK,"hit=hours_toggle
aria_before=false
aria_after=true
w9QyJ_count=9
detail_lines=8",0,0
saltbread,daegu,대구 송현역 소금빵,빵장수쉐프 장기점,대구광역시 달서구 대명천로 235 1층 빵장수쉐프 장기점,대구광역시 달서구 본리동 425 1층 빵장수쉐프 장기점,,,"카페,디저트>베이커리",1285345443,358416628,128.5344994,35.8415383,,1403161394.0,SID_OK_AUTO_DETAIL,대구 빵장수쉐프 장기점,OK,053-287-0120,OK,"[""빵장수쉐프 장기점은 대한민국 제과기능장이 운영하는 대구의 유명 베이커리입니다."", ""단팥빵, 치아바타, 마늘바게트 등 다양한 빵과 커피, 차, 스무디 등 음료 메뉴를 제공합니다."", ""매장은 넓고 깔끔하며 테이블이 많아 브런치나 모임 장소로 적합합니다."", ""특히 단팥빵과 치아바타는 인기가 높아 일찍 방문해야 구매 가능합니다.""]",OK,bkeel_count=4,1,"[{""keyword"": ""빵이 맛있어요"", ""count"": 810}, {""keyword"": ""친절해요"", ""count"": 256}, {""keyword"": ""특별한 메뉴가 있어요"", ""count"": 225}, {""keyword"": ""매장이 청결해요"", ""count"": 186}, {""keyword"": ""커피가 맛있어요"", ""count"": 114}]",OK,keyword_count=5 total=1,https://search.pstatic.net/common/?autoRotate=true&type=w560_sharpen&src=https%3A%2F%2Fldb-phinf.pstatic.net%2F20231213_127%2F1702433625334oGfiQ_JPEG%2FIMG_0232.jpg,OK,"hit=a#_autoPlayable img
src_len=164",매일 08:00 - 22:00,OK,"hit=hours_toggle
aria_before=false
aria_after=true
w9QyJ_count=2
detail_lines=1",0,0
saltbread,daegu,대구 황금 소금빵,봄팡 베이커리 수성 황금 본점,대구광역시 수성구 청수로 261 상가 105호 봄팡 베이커리 수성 황금 본점,대구광역시 수성구 황금동 368 상가 105호 봄팡 베이커리 수성 황금 본점,,https://www.instagram.com/bom__pang,"카페,디저트>베이커리",1286364379,358419923,128.6376893,35.8420696,,1842831712.0,SID_OK_AUTO_DETAIL,대구 봄팡 베이커리 수성 황금 본점,OK,0507-1430-2457,OK,"[""봄팡 베이커리 수성 황금 본점은 건강한 재료로 만든 다양한 빵을 즐길 수 있는 곳입니다."", ""소금빵, 치아바타, 크로와상, 단팥빵 등 메뉴가 풍부하며, 특히 비건 옵션과 무설탕 식빵이 다양하게 준비되어 있습니다."", ""천연발효 방식으로 만든 빵들은 속이 편안하면서도 고소한 맛이 특징입니다."", ""매장은 청결하고 직원들이 친절해 기분 좋은 방문이 가능합니다.""]",OK,bkeel_count=4,214,"[{""keyword"": ""빵이 맛있어요"", ""count"": 207}, {""keyword"": ""특별한 메뉴가 있어요"", ""count"": 84}, {""keyword"": ""친절해요"", ""count"": 69}, {""keyword"": ""매장이 청결해요"", ""count"": 50}, {""keyword"": ""인테리어가 멋져요"", ""count"": 41}]",OK,keyword_count=5 total=214,https://search.pstatic.net/common/?autoRotate=true&type=w560_sharpen&src=https%3A%2F%2Fvideo-phinf.pstatic.net%2F20260130_219%2F1769742323853eggiL_JPEG%2FT2kquCO1X4_02.jpg,OK,"hit=a#_autoPlayable img
src_len=171",수 08:00 - 20:00 | 목 08:00 - 20:00 | 금 08:00 - 20:00 | 토 08:00 - 20:00 | 일 정기휴무 (매주 일요일) | 월(2/16) 설날 연휴 휴무 | 화(2/17) 설날 휴무 | 02/16-02/18 설날 연휴 휴무 | - 설 연휴 기간 휴무입니다. 새해 복 많이 받으세요🙇,OK,"hit=hours_toggle
aria_before=false
aria_after=true
w9QyJ_count=10
detail_lines=9",0,0
saltbread,daegu,대구 강창역 소금빵,다이브인커피 브런치&디너,대구광역시 달성군 다사읍 강정본길 81 다이브인커피,대구광역시 달성군 다사읍 죽곡리 768-3 다이브인커피,,https://www.instagram.com/dive__in__coffee/,"음식점>카페,디저트",1284627710,358424159,128.462771,35.8424159,,1891326431.0,SID_OK_AUTO_DETAIL,대구 다이브인커피 브런치&디너,OK,0507-1470-7895,OK,"[""다이브인커피 브런치&디너는 강정보 뷰가 아름다운 대형 카페입니다."", ""1층부터 3층까지 넓은 공간과 다양한 좌석 구성으로 가족 모임이나 단체 방문에 적합합니다."", ""브런치 메뉴로는 바질파스타플레이트와 나시고랭플레이트가 인기 있으며, 매콤크림파스타플레이트는 해쉬브라운, 소시지, 샐러드 등 다양한 구성으로 만족도가 높습니다.""]",OK,bkeel_count=3,2,"[{""keyword"": ""커피가 맛있어요"", ""count"": 1451}, {""keyword"": ""디저트가 맛있어요"", ""count"": 1138}, {""keyword"": ""뷰가 좋아요"", ""count"": 1104}, {""keyword"": ""인테리어가 멋져요"", ""count"": 970}, {""keyword"": ""음료가 맛있어요"", ""count"": 719}]",OK,keyword_count=5 total=2,https://search.pstatic.net/common/?autoRotate=true&type=w560_sharpen&src=https%3A%2F%2Fldb-phinf.pstatic.net%2F20241126_215%2F17326001385340F50o_JPEG%2FKakaoTalk_20241125_101911341_25.jpg,OK,"hit=a#_autoPlayable img
src_len=187",매일 09:00 - 22:00 21:30 라스트오더,OK,"hit=hours_toggle
aria_before=false
aria_after=true
w9QyJ_count=2
detail_lines=1",0,0
saltbread,daegu,대구 고산 소금빵,아로케 대구시지점,대구광역시 수성구 달구벌대로 3058 1층,대구광역시 수성구 시지동 246-5 1층,,https://www.instagram.com/aroke_daegu?igsh=bDM2dGpxZnB0ZGo4&utm_source=qr,"음식점>카페,디저트",1286916109,358425538,128.6916109,35.8425538,,1105431168.0,SID_OK_AUTO_DETAIL,대구 아로케 대구시지점,OK,0507-1328-3519,OK,"[""아로케 대구시지점은 대구 수성구에 위치한 카페로, 주차가 용이하고 다양한 음료와 베이커리를 제공합니다."", ""특히 콜드브루 꿀 라떼는 진한 커피에 꿀의 달콤함이 더해져 인기가 많습니다."", ""넓은 매장과 다양한 좌석 구성으로 단체 모임이나 혼자 방문하기에도 적합합니다."", ""한국의 전통적 요소를 살린 인테리어와 친절한 서비스가 특징입니다.""]",OK,bkeel_count=4,337,"[{""keyword"": ""커피가 맛있어요"", ""count"": 260}, {""keyword"": ""디저트가 맛있어요"", ""count"": 228}, {""keyword"": ""인테리어가 멋져요"", ""count"": 219}, {""keyword"": ""음료가 맛있어요"", ""count"": 132}, {""keyword"": ""친절해요"", ""count"": 108}]",OK,keyword_count=5 total=337,https://search.pstatic.net/common/?autoRotate=true&type=w560_sharpen&src=https%3A%2F%2Fldb-phinf.pstatic.net%2F20250512_166%2F1747017526740WkwnY_JPEG%2F%25B3%25BB%25BA%25CE2.jpg,OK,"hit=a#_autoPlayable img
src_len=177",수 10:00 - 22:00 | 목 10:00 - 22:00 | 금 10:00 - 22:00 | 토 10:00 - 22:00 | 일 10:00 - 22:00 | 월 10:00 - 22:00 | 화 10:00 - 22:00,OK,"hit=hours_toggle
aria_before=false
aria_after=true
w9QyJ_count=8
detail_lines=7",0,0
saltbread,daegu,대구 강창역 소금빵,박기태명장의 장수당,대구광역시 달서구 성서공단로11길 87,대구광역시 달서구 호산동 708-6,,,"카페,디저트>베이커리",1284877104,358429683,128.4877104,35.8429683,,1450147348.0,SID_OK_AUTO_DETAIL,대구 박기태명장의 장수당,OK,0507-1490-5500,OK,[],AI_BRIEFING_NOT_FOUND,,1,"[{""keyword"": ""빵이 맛있어요"", ""count"": 1080}, {""keyword"": ""커피가 맛있어요"", ""count"": 356}, {""keyword"": ""인테리어가 멋져요"", ""count"": 269}, {""keyword"": ""친절해요"", ""count"": 250}, {""keyword"": ""특별한 메뉴가 있어요"", ""count"": 243}]",OK,keyword_count=5 total=1,https://search.pstatic.net/common/?autoRotate=true&type=w560_sharpen&src=https%3A%2F%2Fldb-phinf.pstatic.net%2F20220913_105%2F1663039901868qNhbA_JPEG%2FIMG_2681.JPEG,OK,"hit=a#_autoPlayable img
src_len=165",매일 09:00 - 21:00 20:30 라스트오더,OK,"hit=hours_toggle
aria_before=false
aria_after=true
w9QyJ_count=2
detail_lines=1",0,0
saltbread,daegu,대구 서부정류장 소금빵,데일리 본리점,대구광역시 달서구 장기로 167,대구광역시 달서구 본리동 76-2,,,"카페,디저트>베이커리",1285416860,358428820,128.5418998,35.8430518,,37883416.0,SID_OK_AUTO_DETAIL,대구 데일리 본리점,OK,053-525-3335,OK,[],AI_BRIEFING_NOT_FOUND,,2,"[{""keyword"": ""빵이 맛있어요"", ""count"": 1266}, {""keyword"": ""친절해요"", ""count"": 247}, {""keyword"": ""특별한 메뉴가 있어요"", ""count"": 199}, {""keyword"": ""매장이 청결해요"", ""count"": 177}, {""keyword"": ""가성비가 좋아요"", ""count"": 116}]",OK,keyword_count=5 total=2,https://search.pstatic.net/common/?autoRotate=true&type=w560_sharpen&src=https%3A%2F%2Fldb-phinf.pstatic.net%2F20200428_7%2F1588085867435Tmny8_JPEG%2FX5QWQTjKMXr455z9PRn6X9sQ.jpg,OK,"hit=a#_autoPlayable img
src_len=178",매일 07:00 - 23:00,OK,"hit=hours_toggle
aria_before=false
aria_after=true
w9QyJ_count=2
detail_lines=1",0,0
saltbread,daegu,대구 영대병원역 소금빵,1972포포징,대구광역시 남구 중앙대로 112-2,대구광역시 남구 봉덕동 1302-18,,https://www.instagram.com/1972forpausing,"음식점>카페,디저트",1285907578,358431193,128.5907644,35.8431099,,1277844533.0,SID_OK_AUTO_DETAIL,대구 1972포포징,OK,053-721-7934,OK,"[""1972포포징은 대구 봉덕동에 위치한 아늑한 분위기의 카페로, 다양한 구움과자와 커피가 맛있는 곳입니다."", ""특히 소금빵(플레인, 앙버터, 참깨 브릭레인, 에그마요 등)과 휘낭시에가 인기 메뉴입니다."", ""야외 테라스와 2층 공간을 포함해 좌석이 넉넉하며, 반려동물 동반도 가능합니다."", ""주차는 매장 옆 도로변이나 공터에 할 수 있습니다.""]",OK,bkeel_count=4,984,"[{""keyword"": ""디저트가 맛있어요"", ""count"": 738}, {""keyword"": ""커피가 맛있어요"", ""count"": 724}, {""keyword"": ""인테리어가 멋져요"", ""count"": 475}, {""keyword"": ""친절해요"", ""count"": 403}, {""keyword"": ""음료가 맛있어요"", ""count"": 371}]",OK,keyword_count=5 total=984,https://search.pstatic.net/common/?autoRotate=true&type=w560_sharpen&src=https%3A%2F%2Fldb-phinf.pstatic.net%2F20250917_60%2F1758092667729gMeBd_JPEG%2FIMG_0010.jpeg,OK,"hit=a#_autoPlayable img
src_len=164",수 11:30 - 22:00 | 목 11:30 - 22:00 | 금 11:30 - 22:00 | 토 11:30 - 22:00 | 일 11:30 - 22:00 | 월(2/16) 설날 연휴 휴무 | 화(2/17) 설날 휴무 | 02/16-02/22 휴무,OK,"hit=hours_toggle
aria_before=false
aria_after=true
w9QyJ_count=9
detail_lines=8",0,0
saltbread,daegu,대구 서부정류장 소금빵,밥스딜라잇 달서구 본점,"대구광역시 달서구 장기로 231 1층, 2층, 3층","대구광역시 달서구 장기동 539-10 1층, 2층, 3층",,https://smartstore.naver.com/bobscoffee/products/10438429022,"카페,디저트>베이커리",1285348803,358433251,128.5349151,35.8433017,,36454013.0,SID_OK_AUTO_DETAIL,대구 밥스딜라잇 달서구 본점,OK,0507-2093-5505,OK,"[""밥스딜라잇 달서구 본점은 주차가 편리하고 넓은 공간의 베이커리 카페입니다."", ""시그니처 국산팥빙수는 직접 쑨 팥과 아몬드 토핑이 특징이며, 고메 앙버터와 시오빵 등 베이커리 메뉴도 다양합니다."", ""2층과 3층에는 여유로운 좌석이 마련되어 있어 가족 단위 방문객이나 단체 모임에도 적합합니다.""]",OK,bkeel_count=3,2,"[{""keyword"": ""빵이 맛있어요"", ""count"": 1155}, {""keyword"": ""커피가 맛있어요"", ""count"": 801}, {""keyword"": ""인테리어가 멋져요"", ""count"": 394}, {""keyword"": ""디저트가 맛있어요"", ""count"": 346}, {""keyword"": ""친절해요"", ""count"": 307}]",OK,keyword_count=5 total=2,https://search.pstatic.net/common/?autoRotate=true&type=w560_sharpen&src=https%3A%2F%2Fvideo-phinf.pstatic.net%2F20260120_99%2F17688864938864UHkE_JPEG%2FCee3iimeT5_01.jpg,OK,"hit=a#_autoPlayable img
src_len=170","수 08:00 - 22:30 22:00 라스트오더 | 목 08:00 - 22:30 22:00 라스트오더 | 금 08:00 - 22:30 22:00 라스트오더 | 토 08:00 - 23:00 22:30 라스트오더 | 일 08:00 - 23:00 22:30 라스트오더 | 월 08:00 - 22:30 22:00 라스트오더 | 화 08:00 - 22:30 22:00 라스트오더 | - 추석당일 10시부터 영업, 주문마감 10시",OK,"hit=hours_toggle
aria_before=false
aria_after=true
w9QyJ_count=9
detail_lines=8",0,0
saltbread,daegu,대구 영대병원역 소금빵,브레드앤모어,대구광역시 남구 봉덕남로 32 1층,대구광역시 남구 봉덕동 607-8 1층,,https://www.instagram.com/bread_and_more2025?igsh=c3BmcnF3aHA3NzQ4,"카페,디저트>베이커리",1285937240,358437200,128.593724,35.84372,,2005666031.0,SID_OK_AUTO_DETAIL,대구 브레드앤모어,OK,0507-1350-7274,OK,"[""브레드앤모어는 봉덕동의 신상 베이커리로 소금빵과 깜빠뉴가 유명합니다."", ""아몬드크로와상, 호밀무화과깜빠뉴, 단호박찰떡식빵 등 다양한 메뉴가 있으며, 초코소금빵과 쑥떡쑥떡도 인기입니다."", ""사장님이 친절하고 빵이 많이 달지 않아 부담 없이 즐길 수 있습니다."", ""점심 시간대에 방문하면 더 다양한 빵을 만나볼 수 있습니다.""]",OK,bkeel_count=4,25,"[{""keyword"": ""빵이 맛있어요"", ""count"": 22}, {""keyword"": ""커피가 맛있어요"", ""count"": 11}, {""keyword"": ""음료가 맛있어요"", ""count"": 11}, {""keyword"": ""친절해요"", ""count"": 10}, {""keyword"": ""가성비가 좋아요"", ""count"": 9}]",OK,keyword_count=5 total=25,https://search.pstatic.net/common/?autoRotate=true&type=w560_sharpen&src=https%3A%2F%2Fldb-phinf.pstatic.net%2F20250820_108%2F1755667455049dfKeg_JPEG%2F1000009415.jpg,OK,"hit=a#_autoPlayable img
src_len=166",수 10:00 - 19:00 | 목 10:00 - 19:00 | 금 10:00 - 19:00 | 토 10:00 - 19:00 | 일 10:00 - 19:00 | 월(2/16) 설날 연휴 휴무 | 화(2/17) 설날 휴무 | 02/16-02/18 설날 연휴 휴무,OK,"hit=hours_toggle
aria_before=false
aria_after=true
w9QyJ_count=9
detail_lines=8",0,0
saltbread,daegu,대구 고산 소금빵,페이스포포,대구광역시 수성구 고모로 15-1,대구광역시 수성구 시지동 196-15,,https://www.instagram.com/pacepopo.daegu/,"음식점>카페,디저트",1286879989,358436280,128.6879392,35.8438493,,1208350212.0,SID_OK_AUTO_DETAIL,대구 페이스포포,OK,0507-1333-3645,OK,"[""페이스포포는 대구 수성구에 위치한 대형 카페로, 3층까지 넓은 공간을 자랑합니다."", ""잠봉뵈르와 뇨끼 그라탕 등 브런치 메뉴가 맛있고, 드립커피와 복숭아 아이스 커피 등 음료도 다양합니다."", ""주차장이 넓고 인테리어가 모던하며, 유모차와 아기의자도 구비되어 있어 편안하게 방문할 수 있습니다.""]",OK,bkeel_count=3,2,"[{""keyword"": ""커피가 맛있어요"", ""count"": 1619}, {""keyword"": ""인테리어가 멋져요"", ""count"": 1414}, {""keyword"": ""디저트가 맛있어요"", ""count"": 1316}, {""keyword"": ""음료가 맛있어요"", ""count"": 694}, {""keyword"": ""대화하기 좋아요"", ""count"": 513}]",OK,keyword_count=5 total=2,https://search.pstatic.net/common/?autoRotate=true&type=w560_sharpen&src=https%3A%2F%2Fvideo-phinf.pstatic.net%2F20260121_186%2F1769004140766fLRVV_JPEG%2Fmy04Zg8QpG_08.jpg,OK,"hit=a#_autoPlayable img
src_len=171",매일 10:00 - 22:00 21:30 라스트오더,OK,"hit=hours_toggle
aria_before=false
aria_after=true
w9QyJ_count=2
detail_lines=1",0,0
saltbread,daegu,대구 남구 소금빵,구민회의 좋은아침,대구광역시 남구 대명로57길 7,대구광역시 남구 대명동 174-1,,https://instagram.com/gmh_good_morning,"카페,디저트>베이커리",1285868174,358441214,128.5867739,35.8441201,,37350966.0,SID_OK_AUTO_DETAIL,대구 구민회의 좋은아침,OK,053-623-0001,OK,"[""구민회의 좋은아침은 다양한 베이커리와 샌드위치를 즐길 수 있는 동네 빵집입니다."", ""딸기케이크와 바게트 샌드위치가 인기 메뉴이며, 바게트 속에 계란 샐러드와 야채가 가득 들어간 샌드위치는 포만감도 좋습니다."", ""가격도 합리적이고 직원들도 친절해 자주 방문하게 됩니다."", ""매장에서는 시식용 빵을 제공하며, 다양한 빵 종류를 맛볼 수 있어 선택의 폭이 넓습니다.""]",OK,bkeel_count=4,1,"[{""keyword"": ""빵이 맛있어요"", ""count"": 921}, {""keyword"": ""친절해요"", ""count"": 297}, {""keyword"": ""특별한 메뉴가 있어요"", ""count"": 194}, {""keyword"": ""가성비가 좋아요"", ""count"": 153}, {""keyword"": ""매장이 청결해요"", ""count"": 146}]",OK,keyword_count=5 total=1,https://search.pstatic.net/common/?autoRotate=true&type=w560_sharpen&src=https%3A%2F%2Fldb-phinf.pstatic.net%2F20241126_68%2F1732612053088ixJV8_JPEG%2F1.jpeg,OK,"hit=a#_autoPlayable img
src_len=157",수 07:00 - 23:00 | 목 07:00 - 23:00 | 금 07:00 - 23:00 | 토 07:00 - 23:00 | 일 07:00 - 23:00 | 월 07:00 - 23:00 | 화(2/17) 설날 휴무,OK,"hit=hours_toggle
aria_before=false
aria_after=true
w9QyJ_count=9
detail_lines=7",0,0
saltbread,daegu,대구 소금빵,마고플레인 강정보점,대구광역시 달성군 다사읍 강정본길 68-18 마고플레인 강정보점,대구광역시 달성군 다사읍 죽곡리 688-2 마고플레인 강정보점,,https://www.instagram.com/margauxplain_river/,"음식점>카페,디저트",1284650808,358441915,128.4651274,35.8441691,,1193052767.0,SID_OK_AUTO_DETAIL,대구 마고플레인 강정보점,OK,0507-1466-1147,OK,"[""마고플레인 강정보점은 대구 달성군에 위치한 넓은 대형 카페로, 다양한 베이커리와 음료 메뉴를 제공합니다."", ""아메리카노는 은은한 산미가 특징이며, 인기 메뉴인 마고라떼와 마고말차라떼는 달달한 맛으로 인기가 높습니다."", ""2층 전용 주차장과 갓길 주차가 가능해 접근성이 좋으며, 애견 동반 시 실외 좌석을 이용할 수 있습니다.""]",OK,bkeel_count=3,8,"[{""keyword"": ""커피가 맛있어요"", ""count"": 5656}, {""keyword"": ""디저트가 맛있어요"", ""count"": 5568}, {""keyword"": ""인테리어가 멋져요"", ""count"": 3843}, {""keyword"": ""음료가 맛있어요"", ""count"": 2698}, {""keyword"": ""친절해요"", ""count"": 1785}]",OK,keyword_count=5 total=8,https://search.pstatic.net/common/?autoRotate=true&type=w560_sharpen&src=https%3A%2F%2Fldb-phinf.pstatic.net%2F20260124_34%2F1769228319916SqnIu_JPEG%2FIMG_3305.jpeg,OK,"hit=a#_autoPlayable img
src_len=164","매일 09:00 - 22:50 22:30 라스트오더 | - ※ 공휴일,명절 정상 영업합니다!!",OK,"hit=hours_toggle
aria_before=false
aria_after=true
w9QyJ_count=3
detail_lines=2",0,0
saltbread,daegu,대구 황금 소금빵,사피디뜨 by커피맛을조금아는남자,대구광역시 수성구 청호로 301,대구광역시 수성구 황금동 75,,http://www.커피맛을조금아는남자.com,"카페,디저트>베이커리",1286386364,358445393,128.6385997,35.8443716,,1025151665.0,SID_OK_AUTO_DETAIL,대구 사피디뜨 by커피맛을조금아는남자,OK,070-4454-4604,OK,[],AI_BRIEFING_NOT_FOUND,,286,"[{""keyword"": ""빵이 맛있어요"", ""count"": 162}, {""keyword"": ""커피가 맛있어요"", ""count"": 94}, {""keyword"": ""친절해요"", ""count"": 77}, {""keyword"": ""매장이 청결해요"", ""count"": 55}, {""keyword"": ""특별한 메뉴가 있어요"", ""count"": 42}]",OK,keyword_count=5 total=286,https://search.pstatic.net/common/?autoRotate=true&type=w560_sharpen&src=https%3A%2F%2Fldb-phinf.pstatic.net%2F20210227_283%2F1614397899912dfmvs_JPEG%2FuHR9NPylGEhqIoFEBSk6rxeI.JPG.jpg,OK,"hit=a#_autoPlayable img
src_len=184",수 08:30 - 18:00 | 목 08:30 - 18:00 | 금 08:30 - 18:00 | 토 08:30 - 18:00 | 일 08:30 - 18:00 | 월 정기휴무 (매주 월요일) | 화 정기휴무 (매주 화요일),OK,"hit=hours_toggle
aria_before=false
aria_after=true
w9QyJ_count=8
detail_lines=7",0,0
saltbread,daegu,대구 감삼 소금빵,하이우,대구광역시 달서구 와룡로28길 83 1층 하이우,대구광역시 달서구 감삼동 296-10 1층 하이우,,https://www.instagram.com/hiwu_happinessiswithu,"음식점>카페,디저트",1285419905,358448410,128.5419905,35.844841,,1296999372.0,SID_OK_AUTO_DETAIL,대구 하이우,OK,053-264-2887,OK,"[""하이우는 아늑한 분위기와 친절한 사장님으로 유명한 디저트 카페입니다."", ""딸기 듬뿍 케이크는 부드럽고 달콤하며, 에그타르트는 겉은 바삭하고 속은 촉촉한 식감이 매력적입니다."", ""쌀 크림 라떼와 바닐라빈 라떼 등 다양한 음료 메뉴와 함께, 계절에 따라 바뀌는 디저트 라인업이 특징입니다.""]",OK,bkeel_count=3,754,"[{""keyword"": ""디저트가 맛있어요"", ""count"": 618}, {""keyword"": ""커피가 맛있어요"", ""count"": 598}, {""keyword"": ""인테리어가 멋져요"", ""count"": 386}, {""keyword"": ""친절해요"", ""count"": 337}, {""keyword"": ""음료가 맛있어요"", ""count"": 326}]",OK,keyword_count=5 total=754,https://search.pstatic.net/common/?autoRotate=true&type=w560_sharpen&src=https%3A%2F%2Fldb-phinf.pstatic.net%2F20251202_267%2F1764655212967fm1gk_JPEG%2FIMG_9200.jpeg,OK,"hit=a#_autoPlayable img
src_len=165",수 10:00 - 21:00 | 목 10:00 - 21:00 | 금 10:00 - 21:00 | 토 10:00 - 21:00 | 일 10:00 - 21:00 | 월(2/16) 10:00 - 21:00 | 화 10:00 - 21:00,OK,"hit=hours_toggle
aria_before=false
aria_after=true
w9QyJ_count=8
detail_lines=7",0,0
saltbread,daegu,대구 대명역 소금빵,스트로우베이지,대구광역시 남구 두류공원로17길 89 1층,대구광역시 남구 대명동 3052-2 1층,,https://www.instagram.com/strawbeige_bakery,"카페,디저트>베이커리",1285663543,358463127,128.5663543,35.8463127,,1056935727.0,SID_OK_AUTO_DETAIL,대구 스트로우베이지,OK,0507-1365-8058,OK,"[""스트로우베이지는 소금빵과 다양한 베이글 메뉴로 유명한 카페입니다."", ""인기 메뉴인 바게트 소금빵과 감자후추소금빵은 겉바속촉한 식감과 풍부한 맛으로 인기가 높습니다."", ""에그타르트와 명란감자베이글도 인기 메뉴로, 음료와 함께 즐기기 좋습니다."", ""아몬드라떼 등 다양한 음료 메뉴도 준비되어 있어 브런치나 디저트로 방문하기 좋습니다.""]",OK,bkeel_count=4,271,"[{""keyword"": ""빵이 맛있어요"", ""count"": 235}, {""keyword"": ""친절해요"", ""count"": 132}, {""keyword"": ""커피가 맛있어요"", ""count"": 111}, {""keyword"": ""특별한 메뉴가 있어요"", ""count"": 83}, {""keyword"": ""매장이 청결해요"", ""count"": 62}]",OK,keyword_count=5 total=271,https://search.pstatic.net/common/?autoRotate=true&type=w560_sharpen&src=https%3A%2F%2Fldb-phinf.pstatic.net%2F20251211_175%2F1765427404758j15ou_JPEG%2FF0DF194D-3618-4F37-BEE2-4F85570D6731.jpeg,OK,"hit=a#_autoPlayable img
src_len=193",수 정기휴무 (매주 수요일) | 목 11:00 - 19:00 | 금 11:00 - 19:00 | 토 11:00 - 19:00 | 일 11:00 - 19:00 | 월(2/16) 휴무 | 화(2/17) 설날 휴무 | - 베이커리 소진 시 조기마감합니다!,OK,"hit=hours_toggle
aria_before=false
aria_after=true
w9QyJ_count=10
detail_lines=8",0,0
saltbread,daegu,대구 감삼 소금빵,사운즈커피 죽전점,대구광역시 달서구 와룡로31길 26 301동 1층 3~4호,대구광역시 달서구 감삼동 709 301동 1층 3~4호,,,"음식점>카페,디저트",1285341541,358467379,128.5339216,35.8468062,,1983703932.0,SID_OK_AUTO_DETAIL,대구 사운즈커피 죽전점,OK,0507-1384-8434,OK,"[""사운즈커피 죽전점은 힐스테이트 죽전역 더퍼스트 상가에 위치한 카페로, 주차가 편리하며 통유리창으로 개방감이 좋은 공간입니다."", ""아이스크림 라떼는 에스프레소에 바닐라 아이스크림이 들어가 시원하고 달콤하며, 진한 커피 맛이 특징입니다."", ""고메 버터 바질 샌드위치와 같은 브런치 메뉴와 다양한 베이커리도 함께 즐길 수 있습니다.""]",OK,bkeel_count=3,424,"[{""keyword"": ""커피가 맛있어요"", ""count"": 369}, {""keyword"": ""친절해요"", ""count"": 168}, {""keyword"": ""디저트가 맛있어요"", ""count"": 152}, {""keyword"": ""음료가 맛있어요"", ""count"": 83}, {""keyword"": ""인테리어가 멋져요"", ""count"": 80}]",OK,keyword_count=5 total=424,https://search.pstatic.net/common/?autoRotate=true&type=w560_sharpen&src=https%3A%2F%2Fldb-phinf.pstatic.net%2F20230515_246%2F1684157916428hzU4u_JPEG%2F%25BB%25E7%25BF%25EE%25C1%25EE%25C4%25BF%25C7%25C7_%25C1%25D7%25C0%25FC%25C1%25A1_%25B0%25F8%25B0%25A3-12.jpg,OK,"hit=a#_autoPlayable img
src_len=261",매일 08:00 - 22:00 21:00 라스트오더,OK,"hit=hours_toggle
aria_before=false
aria_after=true
w9QyJ_count=2
detail_lines=1",0,0
saltbread,daegu,대구 감삼 소금빵 베이커리,계절상점,대구광역시 달서구 당산로 109-1,대구광역시 달서구 감삼동 207-9,,https://www.instagram.com/seasonbakeshop,"카페,디저트>베이커리",1285450429,358472516,128.5450429,35.8472516,,,SEARCH_TIMEOUT_NO_UI,대구 계절상점,,,,,,,,,,,,,,,,,0,0
saltbread,daegu,대구 감삼 소금빵 베이커리,카프리쵸사 죽전 직영점,"대구광역시 달서구 와룡로33길 20 1층 101, 102호","대구광역시 달서구 감삼동 714 1층 101, 102호",,https://smartstore.naver.com/ccb_/category/ALL?cp=1,"카페,디저트>베이커리",1285351930,358477620,128.5348089,35.8477383,,1603970877.0,SID_OK_AUTO_DETAIL,대구 카프리쵸사 죽전 직영점,OK,053-710-6115,OK,"[""카프리쵸사 죽전 직영점은 죽전역 해링턴플레이스 상가에 위치한 베이커리로, 본점은 현풍에 있습니다."", ""통새우 샌드위치, 올리브 치아바타, 러스크 등 다양한 메뉴를 제공하며, 특히 러스크는 시식 후 구매로 이어지는 경우가 많습니다."", ""케이크 종류도 다양하며, 조각 케이크부터 미니케이크까지 선택의 폭이 넓습니다.""]",OK,bkeel_count=3,414,"[{""keyword"": ""빵이 맛있어요"", ""count"": 394}, {""keyword"": ""특별한 메뉴가 있어요"", ""count"": 160}, {""keyword"": ""커피가 맛있어요"", ""count"": 131}, {""keyword"": ""친절해요"", ""count"": 87}, {""keyword"": ""인테리어가 멋져요"", ""count"": 86}]",OK,keyword_count=5 total=414,https://search.pstatic.net/common/?autoRotate=true&type=w560_sharpen&src=https%3A%2F%2Fldb-phinf.pstatic.net%2F20240929_167%2F172754015069089Se8_JPEG%2FE7FC76D1-7E58-4191-B768-F96E073A1874.jpeg,OK,"hit=a#_autoPlayable img
src_len=193",매일 09:00 - 21:00,OK,"hit=hours_toggle
aria_before=false
aria_after=true
w9QyJ_count=2
detail_lines=1",0,0
saltbread,daegu,대구 영대병원역 소금빵,아이워즈그린 봉덕점,대구광역시 남구 봉덕로9길 72 1층,대구광역시 남구 봉덕동 499-24 1층,,https://www.instagram.com/i.was_green,"음식점>카페,디저트",1285968246,358478795,128.5968346,35.8479207,,1379425313.0,SID_OK_AUTO_DETAIL,대구 아이워즈그린 봉덕점,OK,0503-5260-6831,OK,"[""아이워즈그린 봉덕점은 대구 남구에서 가성비 좋은 카페로 손꼽히는 곳입니다."", ""커피 외에도 티라미수, 당근 케이크 등 다양한 디저트를 즐길 수 있으며, 음료 사이즈는 S, M, L 중에서 선택 가능합니다."", ""매장은 초록색 테마로 아늑하게 꾸며져 있고, 야외 테라스 좌석도 있어 날씨가 좋을 때는 야외에서 커피를 즐기기 좋습니다.""]",OK,bkeel_count=3,717,"[{""keyword"": ""커피가 맛있어요"", ""count"": 582}, {""keyword"": ""음료가 맛있어요"", ""count"": 346}, {""keyword"": ""디저트가 맛있어요"", ""count"": 233}, {""keyword"": ""가성비가 좋아요"", ""count"": 222}, {""keyword"": ""친절해요"", ""count"": 219}]",OK,keyword_count=5 total=717,https://search.pstatic.net/common/?autoRotate=true&type=w560_sharpen&src=https%3A%2F%2Fldb-phinf.pstatic.net%2F20241024_36%2F17297591028014dBIU_JPEG%2FIMG_6836.jpeg,OK,"hit=a#_autoPlayable img
src_len=164",수 08:00 - 24:00 | 목 08:00 - 24:00 | 금 08:00 - 24:00 | 토 08:00 - 24:00 | 일 08:00 - 22:00 | 월(2/16) 설날 연휴08:00 - 24:00 | 화(2/17) 설날 휴무,OK,"hit=hours_toggle
aria_before=false
aria_after=true
w9QyJ_count=9
detail_lines=7",0,0
saltbread,daegu,대구 감삼 소금빵,푸푸커피 대구 본점,대구광역시 달서구 와룡로 169 판매시설동 108동 101호,대구광역시 달서구 감삼동 461 판매시설동 108동 101호,,https://web.coupangeats.com/share?storeId=935072&dishId&key=2f6666a4-0a58-43fe-985b-7d9c5dc9edee,"음식점>카페,디저트",1285363484,358490388,128.5359406,35.8481004,,1860394638.0,SID_OK_AUTO_DETAIL,대구 푸푸커피 대구 본점,OK,0507-1406-3246,OK,"[""푸푸커피 대구 본점은 아담한 매장과 따뜻한 우드 인테리어가 매력적인 카페입니다."", ""상하목장 우유로 만든 진한 아이스크림과 오리지널 크로플이 인기 메뉴이며, 크림바나나크로플과 같은 달콤한 디저트도 추천합니다."", ""주차는 상가주차장에서 4시간 무료 지원되며, 날씨가 좋을 때는 카페 앞 공원에서 야외 좌석을 이용할 수 있습니다.""]",OK,bkeel_count=3,1,"[{""keyword"": ""커피가 맛있어요"", ""count"": 512}, {""keyword"": ""디저트가 맛있어요"", ""count"": 501}, {""keyword"": ""음료가 맛있어요"", ""count"": 284}, {""keyword"": ""친절해요"", ""count"": 227}, {""keyword"": ""특별한 메뉴가 있어요"", ""count"": 197}]",OK,keyword_count=5 total=1,https://search.pstatic.net/common/?autoRotate=true&type=w560_sharpen&src=https%3A%2F%2Fldb-phinf.pstatic.net%2F20251120_123%2F1763639079466C1qJS_PNG%2F%25B0%25DC%25BF%25EF%25BD%25C5%25B8%25DE%25B4%25BA.PNG,OK,"hit=a#_autoPlayable img
src_len=205",수 10:00 - 23:30 | 목 10:00 - 23:30 | 금 10:00 - 다음 날 00:30 | 토 10:00 - 다음 날 00:30 | 일 10:00 - 다음 날 00:30 | 월 10:00 - 다음 날 00:30 | 화 10:00 - 다음 날 00:30,OK,"hit=hours_toggle
aria_before=false
aria_after=true
w9QyJ_count=8
detail_lines=7",0,0
saltbread,daegu,대구 교대역 소금빵,명덕빵앗간 영대병원점,대구광역시 남구 현충로 170 본관 A동 2층,대구광역시 남구 대명동 317-1 본관 A동 2층,,,"음식점>카페,디저트>베이커리",1285849104,358473811,128.5819932,35.8482251,,,SEARCH_TIMEOUT_NO_UI,대구 명덕빵앗간 영대병원점,,,,,,,,,,,,,,,,,0,0
saltbread,daegu,대구 황금 소금빵,휴네스트커피,대구광역시 수성구 청솔로 23 1층,대구광역시 수성구 황금동 729-11 1층,,https://www.instagram.com/huenest_coffee,"음식점>카페,디저트",1286203519,358486908,128.6203061,35.8487195,,1967550839.0,SID_OK_AUTO_DETAIL,대구 휴네스트커피,OK,0507-1375-9061,OK,"[""휴네스트커피는 대구 황금동에 위치한 카페로, 다양한 소금빵과 커피 메뉴를 제공합니다."", ""특히 말차라떼는 주문 즉시 제조해 신선하며, 핸드드립 커피는 원두 종류가 다양해 선택의 폭이 넓습니다."", ""주차장이 마련되어 있고, 우드톤 인테리어와 편안한 좌석으로 모임이나 혼자 방문하기에도 적합합니다.""]",OK,bkeel_count=3,146,"[{""keyword"": ""커피가 맛있어요"", ""count"": 116}, {""keyword"": ""디저트가 맛있어요"", ""count"": 93}, {""keyword"": ""친절해요"", ""count"": 57}, {""keyword"": ""빵이 맛있어요"", ""count"": 38}, {""keyword"": ""인테리어가 멋져요"", ""count"": 35}]",OK,keyword_count=5 total=146,https://search.pstatic.net/common/?autoRotate=true&type=w560_sharpen&src=https%3A%2F%2Fldb-phinf.pstatic.net%2F20251017_75%2F1760689214246wFx60_GIF%2F1000017705.gif,OK,"hit=a#_autoPlayable img
src_len=164",매일 10:00 - 22:00,OK,"hit=hours_toggle
aria_before=false
aria_after=true
w9QyJ_count=2
detail_lines=1",0,0
saltbread,daegu,대구 감삼 소금빵,홀리앤졸리 도넛&커피 대구죽전점,대구광역시 달서구 달구벌대로 1530 삼정브리티시 용산 상가 301동 102호,대구광역시 달서구 감삼동 702 삼정브리티시 용산 상가 301동 102호,,,"음식점>카페,디저트",1285339564,358495002,128.5337589,35.8492551,,,SEARCH_TIMEOUT_NO_UI,대구 홀리앤졸리 도넛&커피 대구죽전점,,,,,,,,,,,,,,,,,0,0
saltbread,daegu,대구 감삼 소금빵 베이커리,리노크,대구광역시 달서구 감삼남길 144,대구광역시 달서구 감삼동 195-23,,https://open.kakao.com/o/sAPMqJHh,"카페,디저트>베이커리",1285447200,358494946,128.54472,35.8494946,,1203794138.0,SID_OK_AUTO_DETAIL,대구 리노크,OK,0507-1480-6685,OK,"[""리노크는 소금빵과 다양한 휘낭시에가 인기인 베이커리 카페입니다."", ""휘낭시에는 무화과, 카라멜, 헤이즐넛 등 다양한 맛으로 제공되며, 특히 휘낭시에 러스크가 특별한 메뉴로 추천됩니다."", ""주차장이 넓고 매장도 쾌적하며, 2층까지 있어 아늑한 분위기에서 커피와 디저트를 즐기기 좋습니다."", ""커피는 산미 없이 고소하고 양도 넉넉합니다.""]",OK,bkeel_count=4,392,"[{""keyword"": ""빵이 맛있어요"", ""count"": 255}, {""keyword"": ""커피가 맛있어요"", ""count"": 219}, {""keyword"": ""인테리어가 멋져요"", ""count"": 149}, {""keyword"": ""친절해요"", ""count"": 118}, {""keyword"": ""음료가 맛있어요"", ""count"": 113}]",OK,keyword_count=5 total=392,https://search.pstatic.net/common/?autoRotate=true&type=w560_sharpen&src=https%3A%2F%2Fldb-phinf.pstatic.net%2F20240701_118%2F1719811419191k4F6w_JPEG%2F2.jpg,OK,"hit=a#_autoPlayable img
src_len=157",수 10:00 - 20:00 19:30 라스트오더 | 목 10:00 - 20:00 19:30 라스트오더 | 금 10:00 - 20:00 19:30 라스트오더 | 토 11:00 - 20:00 19:30 라스트오더 | 일 정기휴무 (매주 일요일) | 월(2/16) 설날 연휴 휴무 | 화(2/17) 설날 휴무,OK,"hit=hours_toggle
aria_before=false
aria_after=true
w9QyJ_count=9
detail_lines=7",0,0
saltbread,daegu,대구 용산 소금빵,광화문살롱 대구,대구광역시 달서구 달구벌대로 1515 1층,대구광역시 달서구 용산동 997 1층,,https://www.instagram.com/gwanghwamunsalon_daegu?igsh=MW4yNTdoOWkyaGdqcA%3D%3D&utm_source=qr,"음식점>카페,디저트",1285334586,358503013,128.5331337,35.8503676,,1387439152.0,SID_OK_AUTO_DETAIL,대구 광화문살롱 대구,OK,0507-1463-8214,OK,"[""광화문살롱 대구는 100평 이상의 넓은 공간과 다양한 좌석 구성으로 단체 모임부터 혼자 방문까지 모두 적합한 대형 카페입니다."", ""유기농 소금빵과 밤식빵 등 다양한 베이커리 메뉴와 커피, 음료가 준비되어 있으며, 특히 롤치즈 브레드는 인기 메뉴입니다."", ""넓은 주차장과 유아의자 구비, 창가석 콘센트 제공으로 편의성을 높였습니다.""]",OK,bkeel_count=3,238,"[{""keyword"": ""커피가 맛있어요"", ""count"": 150}, {""keyword"": ""디저트가 맛있어요"", ""count"": 149}, {""keyword"": ""인테리어가 멋져요"", ""count"": 59}, {""keyword"": ""친절해요"", ""count"": 41}, {""keyword"": ""특별한 메뉴가 있어요"", ""count"": 40}]",OK,keyword_count=5 total=238,https://search.pstatic.net/common/?autoRotate=true&type=w560_sharpen&src=https%3A%2F%2Fldb-phinf.pstatic.net%2F20251207_192%2F1765094620899LBvtm_JPEG%2F%25BD%25B4%25C5%25E7%25B7%25BB.jpg,OK,"hit=a#_autoPlayable img
src_len=186",수 09:30 - 22:00 | 목 09:30 - 22:00 | 금 09:30 - 23:00 | 토 09:30 - 23:00 | 일 09:30 - 22:00 | 월(2/16) 설날 연휴11:00 - 22:00 | 화(2/17) 설날11:00 - 22:00 | - 마감 30분전 커피류는 마감됩니다^^ 참고부탁드립니다!,OK,"hit=hours_toggle
aria_before=false
aria_after=true
w9QyJ_count=9
detail_lines=8",0,0
saltbread,daegu,대구 죽전역 소금빵,와드커피 대구죽전역점,대구광역시 달서구 달구벌대로 1551 1층 117호,대구광역시 달서구 죽전동 273-27 1층 117호,,https://wadcoffee.com/,"음식점>카페,디저트",1285364509,358505757,128.5364509,35.8505758,,1080846697.0,SID_OK_AUTO_DETAIL,대구 와드커피 대구죽전역점,OK,0507-2087-1179,OK,[],AI_BRIEFING_NOT_FOUND,,104,"[{""keyword"": ""커피가 맛있어요"", ""count"": 59}, {""keyword"": ""디저트가 맛있어요"", ""count"": 47}, {""keyword"": ""음료가 맛있어요"", ""count"": 46}, {""keyword"": ""친절해요"", ""count"": 38}, {""keyword"": ""가성비가 좋아요"", ""count"": 33}]",OK,keyword_count=5 total=104,https://search.pstatic.net/common/?autoRotate=true&type=w560_sharpen&src=https%3A%2F%2Fldb-phinf.pstatic.net%2F20230705_102%2F1688551190177DkoCm_JPEG%2FKakaoTalk_20230616_172241714.jpg,OK,"hit=a#_autoPlayable img
src_len=184","수 09:00 - 19:00 | 목 09:00 - 19:00 | 금 09:00 - 19:00 | 토 10:00 - 19:00 | 일 정기휴무 (매주 일요일) | 월(2/16) 설날 연휴 휴무 | 화(2/17) 설날 휴무 | 02/16-02/18 설날 연휴, 03/01 삼일절 휴무",OK,"hit=hours_toggle
aria_before=false
aria_after=true
w9QyJ_count=9
detail_lines=8",0,0
saltbread,daegu,대구 계명대역 소금빵,거너실제빵소,"대구광역시 달서구 달구벌대로291길 27-6 1,2층","대구광역시 달서구 장기동 45 1,2층",,https://www.instagram.com/geneosil_bakehouse,"음식점>카페,디저트",1285245249,358505826,128.5245249,35.8505826,,1765626026.0,SID_OK_AUTO_DETAIL,대구 거너실제빵소,OK,0507-1407-8400,OK,"[""카페월미는 주차가 편리하고 메뉴가 다양해 재방문율이 높은 카페입니다."", ""아인슈페너, 레몬에이드, 딸기요거트스무디 등 음료와 크림치즈롱소세지, 소금빵, 밤식빵 등 베이커리가 인기입니다."", ""2층 대형 테이블과 아늑한 소파 좌석은 모임 장소로도 제격이며, 깔끔한 내부와 친절한 서비스가 특징입니다.""]",OK,bkeel_count=3,1,"[{""keyword"": ""커피가 맛있어요"", ""count"": 1136}, {""keyword"": ""디저트가 맛있어요"", ""count"": 993}, {""keyword"": ""음료가 맛있어요"", ""count"": 492}, {""keyword"": ""매장이 넓어요"", ""count"": 485}, {""keyword"": ""대화하기 좋아요"", ""count"": 460}]",OK,keyword_count=5 total=1,https://search.pstatic.net/common/?autoRotate=true&type=w560_sharpen&src=https%3A%2F%2Fldb-phinf.pstatic.net%2F20260103_195%2F1767418484067rrl6P_JPEG%2FKakaoTalk_20251231_103100379.jpg,OK,"hit=a#_autoPlayable img
src_len=184",수 10:00 - 22:00 | 목 10:00 - 22:00 | 금 10:00 - 22:00 | 토 09:00 - 22:00 | 일 09:00 - 22:00 | 월(2/16) 12:00 - 20:00 | 화(2/17) 12:00 - 20:00 | - 연중무휴입니다.,OK,"hit=hours_toggle
aria_before=false
aria_after=true
w9QyJ_count=9
detail_lines=8",0,0
saltbread,daegu,대구 교대 소금빵,딥딥딥 교대,대구광역시 남구 명덕로40길 128 1층,대구광역시 남구 대명동 1797-1 1층,,https://www.instagram.com/deep__deep__deep,"음식점>카페,디저트",1285897778,358510484,128.5897778,35.8510484,,1737142941.0,SID_OK_AUTO_DETAIL,대구 딥딥딥 교대,OK,0507-1326-6995,OK,"[""딥딥딥 교대는 소금빵과 우유빙수가 맛있는 대구 교대 인근 카페입니다."", ""다양한 종류의 소금빵(플레인, 글레이즈드, 감자치즈 등)과 디저트를 제공하며, 커피는 원두 선택과 디카페인 옵션이 가능합니다."", ""아늑하고 조용한 분위기로 작업이나 대화하기 좋으며, 내부 화장실과 창가 자리가 인기입니다."", ""주차는 가게 앞 1대 정도 가능합니다.""]",OK,bkeel_count=4,346,"[{""keyword"": ""디저트가 맛있어요"", ""count"": 291}, {""keyword"": ""커피가 맛있어요"", ""count"": 228}, {""keyword"": ""인테리어가 멋져요"", ""count"": 157}, {""keyword"": ""음료가 맛있어요"", ""count"": 110}, {""keyword"": ""대화하기 좋아요"", ""count"": 90}]",OK,keyword_count=5 total=346,https://search.pstatic.net/common/?autoRotate=true&type=w560_sharpen&src=https%3A%2F%2Fldb-phinf.pstatic.net%2F20241202_259%2F1733092440408v5qDR_JPEG%2FIMG_4664.jpeg,OK,"hit=a#_autoPlayable img
src_len=165",매일 11:00 - 17:00,OK,"hit=hours_toggle
aria_before=false
aria_after=true
w9QyJ_count=2
detail_lines=1",0,0
saltbread,daegu,대구 교대 소금빵,동아제빵소,대구광역시 남구 중앙대로31길 181 101호,대구광역시 남구 대명동 1912-3 101호,,https://www.instagram.com/dong_a_bakery_shop,"카페,디저트>베이커리",1285840912,358520689,128.5840912,35.8520689,,1862084392.0,SID_OK_AUTO_DETAIL,대구 동아제빵소,OK,0507-1436-4579,OK,"[""동아제빵소는 빵 종류가 다양하고 맛이 좋아 인기 있는 베이커리입니다."", ""소금빵, 크로아상, 샌드위치, 에그타르트 등 메뉴가 있으며, 비건 옵션도 제공됩니다."", ""매장은 깔끔하고 아늑한 분위기로 꾸며져 있으며, 실내외 테이블이 다양하게 마련되어 있습니다."", ""디카페인 커피와 다양한 음료 메뉴도 있어 빵과 함께 즐기기 좋습니다.""]",OK,bkeel_count=4,909,"[{""keyword"": ""빵이 맛있어요"", ""count"": 818}, {""keyword"": ""친절해요"", ""count"": 425}, {""keyword"": ""커피가 맛있어요"", ""count"": 326}, {""keyword"": ""매장이 청결해요"", ""count"": 286}, {""keyword"": ""가성비가 좋아요"", ""count"": 260}]",OK,keyword_count=5 total=909,https://search.pstatic.net/common/?autoRotate=true&type=w560_sharpen&src=https%3A%2F%2Fldb-phinf.pstatic.net%2F20221224_209%2F1671854609041wFCLh_PNG%2F%25BD%25BA%25C5%25DB%25C7%25C1-002.png,OK,"hit=a#_autoPlayable img
src_len=189",수 11:30 - 20:00 | 목 11:30 - 20:00 | 금 11:30 - 20:00 | 토 11:30 - 20:00 | 일 11:30 - 20:00 | 월 정기휴무 (매주 월요일) | 화 정기휴무 (매주 화요일) | - 20:00까지 포장가능(품절 시 조기마감 합니다),OK,"hit=hours_toggle
aria_before=false
aria_after=true
w9QyJ_count=9
detail_lines=8",0,0
saltbread,daegu,대구 교대 소금빵,우리의사계절,대구광역시 남구 현충로48길 7 1층,대구광역시 남구 대명동 1897-8 1층,,https://www.instagram.com/woori_seasons,"음식점>카페,디저트",1285838855,358528176,128.5838855,35.8528176,,1178600755.0,SID_OK_AUTO_DETAIL,대구 우리의사계절,OK,0507-1369-2856,OK,[],AI_BRIEFING_NOT_FOUND,,685,"[{""keyword"": ""디저트가 맛있어요"", ""count"": 667}, {""keyword"": ""친절해요"", ""count"": 308}, {""keyword"": ""커피가 맛있어요"", ""count"": 301}, {""keyword"": ""특별한 메뉴가 있어요"", ""count"": 271}, {""keyword"": ""가성비가 좋아요"", ""count"": 184}]",OK,keyword_count=5 total=685,https://search.pstatic.net/common/?autoRotate=true&type=w560_sharpen&src=https%3A%2F%2Fldb-phinf.pstatic.net%2F20251228_170%2F1766891731552aKV5M_JPEG%2FKakaoTalk_20251228_121134021.jpg,OK,"hit=a#_autoPlayable img
src_len=184",수(2/11) 휴무 | 목(2/12) 휴무 | 금(2/13) 휴무 | 토(2/14) 휴무 | 일(2/15) 휴무 | 월(2/16) 휴무 | 화(2/17) 휴무,OK,"hit=hours_toggle
aria_before=false
aria_after=true
w9QyJ_count=8
detail_lines=7",0,0
saltbread,daegu,대구 수성시장 소금빵,러셀커피,대구광역시 수성구 명덕로 494-11 1층 러셀커피.,대구광역시 수성구 범어동 774-28 1층 러셀커피.,,,"음식점>카페,디저트",1286242497,358528684,128.6242998,35.8528217,,,SEARCH_TIMEOUT_NO_UI,대구 러셀커피,,,,,,,,,,,,,,,,,0,0
saltbread,daegu,대구 감삼 소금빵,이혜과자점,대구광역시 달서구 달구벌대로332길 21 1층,대구광역시 달서구 감삼동 108-1 1층,,http://pf.kakao.com/_MxaibG,"카페,디저트>베이커리",1285478104,358529563,128.5478672,35.8529517,,1144629527.0,SID_OK_AUTO_DETAIL,대구 이혜과자점,OK,0507-1369-2427,OK,[],AI_BRIEFING_NOT_FOUND,,584,"[{""keyword"": ""빵이 맛있어요"", ""count"": 469}, {""keyword"": ""특별한 메뉴가 있어요"", ""count"": 327}, {""keyword"": ""친절해요"", ""count"": 268}, {""keyword"": ""매장이 청결해요"", ""count"": 176}, {""keyword"": ""디저트가 맛있어요"", ""count"": 170}]",OK,keyword_count=5 total=584,https://search.pstatic.net/common/?autoRotate=true&type=w560_sharpen&src=https%3A%2F%2Fldb-phinf.pstatic.net%2F20251018_32%2F1760791724583llEF5_JPEG%2F1000031405.jpg,OK,"hit=a#_autoPlayable img
src_len=165",수 11:00 - 19:00 | 목 11:00 - 19:00 | 금 11:00 - 19:00 | 토 11:00 - 19:00 | 일 정기휴무 (매주 일요일) | 월(2/16) 설날 연휴 휴무 | 화(2/17) 설날 휴무 | 02/16-02/18 설날 연휴 휴무,OK,"hit=hours_toggle
aria_before=false
aria_after=true
w9QyJ_count=9
detail_lines=8",0,0
saltbread,daegu,대구 두류 소금빵,프랑제리 뺑드프랑스 이월드점,대구광역시 달서구 두류공원로 200 푸드폴리탄 프랑제리 뺑드프랑스 이월드점,대구광역시 달서구 두류동 산302-11 푸드폴리탄 프랑제리 뺑드프랑스 이월드점,,https://www.instagram.com/eworld_bbangzip,"카페,디저트>베이커리",1285645903,358540874,128.5657599,35.8530292,,1545667499.0,SID_OK_AUTO_DETAIL,대구 프랑제리 뺑드프랑스 이월드점,OK,053-657-0927,OK,[],AI_BRIEFING_NOT_FOUND,,115,"[{""keyword"": ""빵이 맛있어요"", ""count"": 85}, {""keyword"": ""커피가 맛있어요"", ""count"": 46}, {""keyword"": ""음료가 맛있어요"", ""count"": 29}, {""keyword"": ""특별한 메뉴가 있어요"", ""count"": 29}, {""keyword"": ""친절해요"", ""count"": 25}]",OK,keyword_count=5 total=115,https://search.pstatic.net/common/?autoRotate=true&type=w560_sharpen&src=https%3A%2F%2Fldb-phinf.pstatic.net%2F20230915_283%2F1694767449782OJqux_JPEG%2F%25BB%25B1%25B5%25E5.JPG,OK,"hit=a#_autoPlayable img
src_len=176",매일 10:00 - 18:00 17:30 라스트오더,OK,"hit=hours_toggle
aria_before=false
aria_after=true
w9QyJ_count=2
detail_lines=1",0,0
saltbread,daegu,대구 이곡 소금빵,카페 무디,대구광역시 달서구 이곡동로 32 상가동1층 카페무디 (성서이마트 주차장 입구),대구광역시 달서구 이곡동 1256 상가동1층 카페무디 (성서이마트 주차장 입구),,https://www.instagram.com/cafe_moody_,"음식점>카페,디저트",1285107145,358534871,128.5116131,35.85312,,1867163088.0,SID_OK_AUTO_DETAIL,대구 카페 무디,OK,0507-1422-5993,OK,"[""카페 무디는 대구 성서 이곡동에 위치한 감성적인 블랙톤 인테리어의 카페입니다."", ""무디피넛커피와 다양한 브런치 메뉴(프렌치토스트, 남해시금치파스타, 새우명란파스타)를 제공하며, 단체석과 편안한 소파 좌석이 마련되어 있어 모임이나 혼자 방문하기 좋습니다."", ""주차는 매장 앞에 가능하며, 조용하고 아늑한 분위기에서 커피와 디저트를 즐길 수 있습니다.""]",OK,bkeel_count=3,480,"[{""keyword"": ""커피가 맛있어요"", ""count"": 292}, {""keyword"": ""디저트가 맛있어요"", ""count"": 144}, {""keyword"": ""인테리어가 멋져요"", ""count"": 127}, {""keyword"": ""음료가 맛있어요"", ""count"": 113}, {""keyword"": ""친절해요"", ""count"": 98}]",OK,keyword_count=5 total=480,https://search.pstatic.net/common/?autoRotate=true&type=w560_sharpen&src=https%3A%2F%2Fldb-phinf.pstatic.net%2F20251208_109%2F1765175799671RbTJo_JPEG%2F1000018917.jpg,OK,"hit=a#_autoPlayable img
src_len=166",수 11:00 - 22:00 | 목 11:00 - 22:00 | 금 11:00 - 22:00 | 토 11:00 - 22:00 | 일 정기휴무 (매주 일요일) | 월 11:00 - 22:00 | 화(2/17) 설날 휴무,OK,"hit=hours_toggle
aria_before=false
aria_after=true
w9QyJ_count=9
detail_lines=7",0,0
saltbread,daegu,대구 감삼역 소금빵,터틀턴,대구광역시 달서구 당산로38길 23 1층,대구광역시 달서구 두류동 495-39 1층,,https://www.instagram.com/turtleturn_coffee,"음식점>카페,디저트",1285497600,358536059,128.5497601,35.8536059,,,SEARCH_TIMEOUT_NO_UI,대구 터틀턴,,,,,,,,,,,,,,,,,0,0
saltbread,daegu,대구 교대 소금빵,명덕빵앗간 명덕본점,대구광역시 남구 명덕로40길 70 1층 명덕빵앗간,대구광역시 남구 대명동 1798-3 1층 명덕빵앗간,,https://www.instagram.com/md_bbang,"음식점>카페,디저트>베이커리",1285897964,358536478,128.5897964,35.8536478,,,SEARCH_TIMEOUT_NO_UI,대구 명덕빵앗간 명덕본점,,,,,,,,,,,,,,,,,0,0
saltbread,daegu,대구 용산 소금빵,팔오카페,대구광역시 달서구 장산로 55 루이스타 1층 106호,대구광역시 달서구 용산동 612-1 루이스타 1층 106호,,https://www.instagram.com/pal_o_coffee,음식점>양식,1285241665,358536479,128.5241665,35.853648,,1577285885.0,SID_OK_AUTO_DETAIL,대구 팔오카페,OK,0507-1459-0564,OK,"[""대구 용산동에 위치한 팔오카페는 브런치와 커피를 즐기기에 최적의 장소입니다."", ""매콤한 라구 파스타와 부드러운 크림 파스타, 그리고 쫄깃한 찹스테이크 덮밥이 인기 메뉴입니다."", ""식사와 함께 제공되는 식전빵과 커피 서비스가 매력적이며, 깔끔하고 아늑한 인테리어로 편안한 식사 시간을 보낼 수 있습니다."", ""주차 시설도 완비되어 있어 가족 단위 방문객에게 추천합니다.""]",OK,bkeel_count=4,156,"[{""keyword"": ""커피가 맛있어요"", ""count"": 82}, {""keyword"": ""가성비가 좋아요"", ""count"": 82}, {""keyword"": ""음식이 맛있어요"", ""count"": 62}, {""keyword"": ""디저트가 맛있어요"", ""count"": 61}, {""keyword"": ""음료가 맛있어요"", ""count"": 51}]",OK,keyword_count=5 total=156,https://search.pstatic.net/common/?autoRotate=true&type=w560_sharpen&src=https%3A%2F%2Fldb-phinf.pstatic.net%2F20250804_197%2F1754298197243f09s6_JPEG%2Fpal5-133.jpg,OK,"hit=a#_autoPlayable img
src_len=164","수 10:00 - 20:00 | 목 10:00 - 20:00 | 금 10:00 - 20:00 | 토 10:00 - 18:00 | 일(2/15) 10:00 - 17:00 | 월(2/16) 휴무 | 화(2/17) 휴무 | - 주문마감 브런치 1시간 전,커피 30분 전 입니다:)",OK,"hit=hours_toggle
aria_before=false
aria_after=true
w9QyJ_count=10
detail_lines=8",0,0
saltbread,daegu,대구 강창역 소금빵,베이커리율,대구광역시 달서구 신당로 59 상가1층 율베이커리,대구광역시 달서구 신당동 1846-4 상가1층 율베이커리,,https://www.instagram.com/bakery_yul_053,"카페,디저트>베이커리",1284987039,358537278,128.4987016,35.8537893,,852155258.0,SID_OK_AUTO_DETAIL,대구 베이커리율,OK,053-581-6832,OK,"[""베이커리 율은 다양한 빵 종류와 맛있는 디저트로 유명한 빵집입니다."", ""천연효모로 만든 치아바타, 비건빵, 소세지빵, 크림빵 등이 인기 메뉴이며, 즉석에서 만들어주는 샌드위치와 음료도 제공됩니다."", ""포장과 배달 서비스가 가능하며, 주차가 편리해 접근성이 좋습니다."", ""깔끔한 매장과 친절한 서비스로 고객들의 만족도가 높습니다.""]",OK,bkeel_count=4,728,"[{""keyword"": ""빵이 맛있어요"", ""count"": 509}, {""keyword"": ""친절해요"", ""count"": 229}, {""keyword"": ""특별한 메뉴가 있어요"", ""count"": 212}, {""keyword"": ""가성비가 좋아요"", ""count"": 182}, {""keyword"": ""매장이 청결해요"", ""count"": 91}]",OK,keyword_count=5 total=728,https://search.pstatic.net/common/?autoRotate=true&type=w560_sharpen&src=https%3A%2F%2Fldb-phinf.pstatic.net%2F20230518_85%2F16844158351899EQmO_JPEG%2F%25C0%25B2%25BA%25A3%25C0%25CC%25C4%25BF%25B8%25AE%25B7%25CE%25B0%25ED.jpg,OK,"hit=a#_autoPlayable img
src_len=225",수 11:30 - 21:00 | 목 11:30 - 21:00 | 금 11:30 - 21:00 | 토 11:30 - 21:00 | 일 11:30 - 21:00 | 월(2/16) 설날 연휴 휴무 | 화(2/17) 설날 휴무 | 02/16-02/18 설날 연휴 휴무 | - 임시휴무 없이 모든 날 영업합니다,OK,"hit=hours_toggle
aria_before=false
aria_after=true
w9QyJ_count=10
detail_lines=9",0,0
saltbread,daegu,대구 담티 소금빵,피카커피 담티점,"대구광역시 수성구 달구벌대로 2690 상가 101, 102, 103, 104호","대구광역시 수성구 만촌동 861-8 상가 101, 102, 103, 104호",,https://www.instagram.com/_fika_coffee?igsh=Y2VsdHk1cnZkZXBu,"카페,디저트>베이커리",1286550954,358539635,128.6549845,35.8540186,,2074195723.0,SID_OK_AUTO_DETAIL,대구 피카커피 담티점,OK,0507-1482-0870,OK,"[""피카커피 담티점은 베이커리 메뉴가 풍부하고 음료 종류도 다양한 카페입니다."", ""초당옥수수 아이스크림라떼와 같은 새로운 메뉴가 지속적으로 추가되며, 샌드위치부터 디저트빵까지 선택의 폭이 넓습니다."", ""작업이나 공부를 위한 조용한 공간부터 단체 모임용 좌석까지 다양하게 구성되어 있어 방문 목적에 맞게 이용하기 좋습니다."", ""상가 주차장이 있어 차량 방문도 편리합니다.""]",OK,bkeel_count=4,33,"[{""keyword"": ""빵이 맛있어요"", ""count"": 26}, {""keyword"": ""커피가 맛있어요"", ""count"": 24}, {""keyword"": ""음료가 맛있어요"", ""count"": 15}, {""keyword"": ""친절해요"", ""count"": 14}, {""keyword"": ""대화하기 좋아요"", ""count"": 10}]",OK,keyword_count=5 total=33,https://search.pstatic.net/common/?autoRotate=true&type=w560_sharpen&src=https%3A%2F%2Fldb-phinf.pstatic.net%2F20250523_114%2F1747986869163VrOOP_JPEG%2FKakaoTalk_20250523_165336946_07.jpg,OK,"hit=a#_autoPlayable img
src_len=187",매일 08:00 - 22:00 21:00 라스트오더 | - 1월 19(월) ~ 1월 23(금) 임시휴업,OK,"hit=hours_toggle
aria_before=false
aria_after=true
w9QyJ_count=3
detail_lines=2",0,0
saltbread,daegu,대구 만촌역 소금빵,씨티씨커피 범어점,대구광역시 수성구 달구벌대로496길 48,대구광역시 수성구 범어동 292-16,,https://forms.gle/rmTXqBLwcVEfChwz5,"음식점>카페,디저트",1286342895,358542625,128.6342895,35.8542625,,1252706235.0,SID_OK_AUTO_DETAIL,대구 씨티씨커피 범어점,OK,0507-1486-7742,OK,"[""씨티씨커피 범어점은 소금빵으로 유명한 대구의 베이커리 카페입니다."", ""기본 소금빵부터 우유생크림, 초코생크림 등 다양한 종류가 있으며, 샌드위치 형태까지 있어 브런치로도 즐기기 좋습니다."", ""인기 메뉴인 초당옥수수 커피도 맛볼 수 있으며, 매장은 넓고 쾌적하며 통창으로 개방감이 있어 데이트나 모임 장소로 적합합니다.""]",OK,bkeel_count=3,814,"[{""keyword"": ""디저트가 맛있어요"", ""count"": 699}, {""keyword"": ""커피가 맛있어요"", ""count"": 537}, {""keyword"": ""인테리어가 멋져요"", ""count"": 254}, {""keyword"": ""음료가 맛있어요"", ""count"": 246}, {""keyword"": ""특별한 메뉴가 있어요"", ""count"": 236}]",OK,keyword_count=5 total=814,https://search.pstatic.net/common/?autoRotate=true&type=w560_sharpen&src=https%3A%2F%2Fldb-phinf.pstatic.net%2F20241228_258%2F1735369920509opcO0_JPEG%2F1000015078.jpg,OK,"hit=a#_autoPlayable img
src_len=166",수 10:00 - 21:00 | 목 10:00 - 21:00 | 금 10:00 - 21:00 | 토 10:00 - 21:00 | 일 10:00 - 21:00 | 월 10:00 - 21:00 | 화(2/17) 12:00 - 21:00,OK,"hit=hours_toggle
aria_before=false
aria_after=true
w9QyJ_count=8
detail_lines=7",0,0
saltbread,daegu,대구 이곡 소금빵,한나식빵 성서점,대구광역시 달서구 이곡동로 23 1층,대구광역시 달서구 이곡동 1250-4 1층,,,"음식점>카페,디저트>베이커리",1285098786,358542928,128.5100132,35.854267,,,SEARCH_TIMEOUT_NO_UI,대구 한나식빵 성서점,,,,,,,,,,,,,,,,,0,0
saltbread,daegu,대구 용산 소금빵,미구제과,대구광역시 달서구 와룡로49길 101,대구광역시 달서구 용산동 954-14,,https://smartstore.naver.com/migubake,"음식점>카페,디저트",1285315878,358543088,128.5315878,35.8543088,,1651144539.0,SID_OK_AUTO_DETAIL,대구 미구제과,OK,0507-1366-6231,OK,"[""미구제과는 SNS에서 핫한 디저트를 빠르게 만나볼 수 있는 대구의 디저트 카페입니다."", ""두바이 초콜릿, 마오진줼 등 독특한 메뉴와 함께 딸기, 오레오, 흑임자, 말차 등 다양한 맛의 수건케이크가 인기입니다."", ""크림이 풍부하고 고소한 맛이 특징이며, 디저트뿐 아니라 커피 메뉴도 다양하고 가격이 합리적입니다.""]",OK,bkeel_count=3,51,"[{""keyword"": ""디저트가 맛있어요"", ""count"": 42}, {""keyword"": ""커피가 맛있어요"", ""count"": 19}, {""keyword"": ""특별한 메뉴가 있어요"", ""count"": 19}, {""keyword"": ""친절해요"", ""count"": 16}, {""keyword"": ""가성비가 좋아요"", ""count"": 14}]",OK,keyword_count=5 total=51,https://search.pstatic.net/common/?autoRotate=true&type=w560_sharpen&src=https%3A%2F%2Fldb-phinf.pstatic.net%2F20251110_57%2F1762770395353JTy47_JPEG%2FIMG_1251.jpeg,OK,"hit=a#_autoPlayable img
src_len=164","수 11:00 - 16:00 | 목 11:00 - 16:00 | 금 11:00 - 16:00 | 토 정기휴무 (매주 토요일) | 일 정기휴무 (매주 일요일) | 월(2/16) 설날 연휴 휴무 | 화(2/17) 설날 휴무 | 02/16-02/18 설날 연휴, 02/21 , 03/01 삼일절, 03/02 대체공휴일(삼일절) 휴무",OK,"hit=hours_toggle
aria_before=false
aria_after=true
w9QyJ_count=9
detail_lines=8",0,0
saltbread,daegu,대구 대구은행역 소금빵,브레드맨,대구광역시 남구 명덕로68길 17 105동1층3호 (강변타운상가),대구광역시 남구 이천동 214-456 105동1층3호 (강변타운상가),,https://idus.kr/KO6Qi,"카페,디저트>베이커리",1286059822,358543122,128.6061543,35.8543933,,1727839319.0,SID_OK_AUTO_DETAIL,대구 브레드맨,OK,0507-1488-1106,OK,"[""브레드맨은 대구 대봉교역 인근에 위치한 베이커리로, 밤식빵과 롤치즈 쏙쏙 치즈식빵이 인기 메뉴입니다."", ""크런치앙버터와 마늘바게트도 인기 있으며, 신선한 재료로 만든 빵과 커피를 함께 즐길 수 있습니다."", ""매장에는 아이들 음료와 작은 빵들도 구비되어 있어 가족 단위 방문객에게 적합합니다."", ""상가 주차장과 가게 앞 주차가 가능해 편리합니다.""]",OK,bkeel_count=4,630,"[{""keyword"": ""빵이 맛있어요"", ""count"": 577}, {""keyword"": ""친절해요"", ""count"": 361}, {""keyword"": ""가성비가 좋아요"", ""count"": 232}, {""keyword"": ""특별한 메뉴가 있어요"", ""count"": 229}, {""keyword"": ""매장이 청결해요"", ""count"": 220}]",OK,keyword_count=5 total=630,https://search.pstatic.net/common/?autoRotate=true&type=w560_sharpen&src=https%3A%2F%2Fldb-phinf.pstatic.net%2F20250105_246%2F1736067811577nYl1H_JPEG%2F1733679847200-0.jpg,OK,"hit=a#_autoPlayable img
src_len=171",수 08:00 - 20:00 | 목 08:00 - 20:00 | 금 08:00 - 20:00 | 토 08:00 - 20:00 | 일 정기휴무 (매주 일요일) | 월(2/16) 설날 연휴 휴무 | 화(2/17) 설날 휴무 | 02/16-02/18 설날 연휴 휴무,OK,"hit=hours_toggle
aria_before=false
aria_after=true
w9QyJ_count=9
detail_lines=8",0,0
saltbread,daegu,대구 건들바위역 소금빵,카페생명나무,대구광역시 남구 명덕로 288 2동 1층,대구광역시 남구 이천동 310-11 2동 1층,,,"음식점>카페,디저트",1286017122,358551000,128.6014518,35.8548483,,1564566891.0,SID_OK_AUTO_DETAIL,대구 카페생명나무,OK,070-7721-1624,OK,[],AI_BRIEFING_NOT_FOUND,,98,"[{""keyword"": ""가성비가 좋아요"", ""count"": 44}, {""keyword"": ""대화하기 좋아요"", ""count"": 35}, {""keyword"": ""매장이 청결해요"", ""count"": 31}, {""keyword"": ""커피가 맛있어요"", ""count"": 30}, {""keyword"": ""친절해요"", ""count"": 30}]",OK,keyword_count=5 total=98,https://search.pstatic.net/common/?autoRotate=true&type=w560_sharpen&src=https%3A%2F%2Fldb-phinf.pstatic.net%2F20220917_56%2F1663405254092kLVIj_JPEG%2F1615186804775-1.jpg,OK,"hit=a#_autoPlayable img
src_len=170",수 10:00 - 17:30 17:00 라스트오더 | 목 10:00 - 17:30 17:00 라스트오더 | 금 10:00 - 17:30 17:00 라스트오더 | 토 10:00 - 17:30 17:00 라스트오더 | 일 10:00 - 16:30 16:00 라스트오더 | 월 10:00 - 17:30 17:00 라스트오더 | 화 10:00 - 17:30 17:00 라스트오더 | - 크리스마스 당일 오후 1시 영업 종료,OK,"hit=hours_toggle
aria_before=false
aria_after=true
w9QyJ_count=9
detail_lines=8",0,0
saltbread,daegu,대구 감삼 소금빵 베이커리,음믐빵집,대구광역시 달서구 당산로 205 1층,대구광역시 달서구 감삼동 60-9 1층,,https://www.instagram.com/_umm_m,"카페,디저트>베이커리",1285477658,358549695,128.5477272,35.8549104,,1434459727.0,SID_OK_AUTO_DETAIL,대구 음믐빵집,OK,0507-1420-8210,OK,"[""음믐빵집은 아늑한 분위기와 친절한 사장님으로 유명한 베이커리입니다."", ""감자샐러드빵은 부드러운 식감과 진한 감자 풍미가 특징이며, 고구마소금빵은 달콤한 고구마 앙금과 바삭한 식감이 매력적입니다."", ""무화과깜바뉴와 메이플크림치즈빵도 인기 메뉴로, 다양한 빵 종류를 즐길 수 있습니다."", ""사장님의 추천을 받아 방문하면 더욱 만족스러운 경험을 할 수 있습니다.""]",OK,bkeel_count=4,156,"[{""keyword"": ""빵이 맛있어요"", ""count"": 149}, {""keyword"": ""친절해요"", ""count"": 72}, {""keyword"": ""특별한 메뉴가 있어요"", ""count"": 51}, {""keyword"": ""가성비가 좋아요"", ""count"": 31}, {""keyword"": ""매장이 청결해요"", ""count"": 30}]",OK,keyword_count=5 total=156,https://search.pstatic.net/common/?autoRotate=true&type=w560_sharpen&src=https%3A%2F%2Fldb-phinf.pstatic.net%2F20231204_229%2F1701675176241A4XAJ_JPEG%2F65B1FEAF-2B55-4E4E-AEF7-AD98591A808E.jpeg,OK,"hit=a#_autoPlayable img
src_len=193","수 09:00 - 20:00 | 목 09:00 - 20:00 | 금 09:00 - 20:00 | 토 09:00 - 20:00 | 일 정기휴무 (매주 일요일) | 월(2/16) 설날 연휴 휴무 | 화(2/17) 설날 휴무 | 02/16-02/18 설날 연휴, 02/23 휴무 | - 매달 둘째주 넷째주 월요일 휴무입니다😊",OK,"hit=hours_toggle
aria_before=false
aria_after=true
w9QyJ_count=10
detail_lines=9",0,0
saltbread,daegu,대구 교대 소금빵,미힐,대구광역시 남구 중앙대로49길 49 미힐,대구광역시 남구 대명동 1810-1 미힐,,https://www.instagram.com/cafe.mehl,"카페,디저트>베이커리",1285877500,358553033,128.58775,35.8553033,,1064636254.0,SID_OK_AUTO_DETAIL,대구 미힐,OK,0507-1342-7702,OK,"[""미힐은 잠봉뵈르와 사장님마음대로샌드위치로 입소문난 베이커리입니다."", ""잠봉뵈르는 허니머스타드 소스와 담백한 바게트가 어우러져 맛있고, 사장님마음대로샌드위치는 신선한 재료와 특제 소스가 조화롭습니다."", ""음료도 저렴한 가격에 판매되어 베이커리와 함께 즐기기 좋습니다."", ""내부 좌석은 한정되어 있어 포장을 추천드리며, 인기 메뉴는 조기 품절될 수 있으니 일찍 방문하세요.""]",OK,bkeel_count=4,443,"[{""keyword"": ""빵이 맛있어요"", ""count"": 385}, {""keyword"": ""친절해요"", ""count"": 124}, {""keyword"": ""커피가 맛있어요"", ""count"": 121}, {""keyword"": ""특별한 메뉴가 있어요"", ""count"": 117}, {""keyword"": ""매장이 청결해요"", ""count"": 56}]",OK,keyword_count=5 total=443,https://search.pstatic.net/common/?autoRotate=true&type=w560_sharpen&src=https%3A%2F%2Fldb-phinf.pstatic.net%2F20250316_25%2F1742111610554ExJNV_JPEG%2F1000040117.jpg,OK,"hit=a#_autoPlayable img
src_len=165",수 11:00 - 16:00 | 목 11:00 - 16:00 | 금 11:00 - 16:00 | 토 11:00 - 15:00 | 일 정기휴무 (매주 일요일) | 월(2/16) 설날 연휴 휴무 | 화(2/17) 설날 휴무 | - 제품 소진시 마감합니다,OK,"hit=hours_toggle
aria_before=false
aria_after=true
w9QyJ_count=10
detail_lines=8",0,0
saltbread,daegu,대구 안심 소금빵,제로테이블,대구광역시 수성구 수성로68길 35-8 맨왼쪽집,대구광역시 수성구 수성동2가 49-3 맨왼쪽집,,https://www.instagram.com/zero_table_/,"카페,디저트>베이커리",1286158910,358553849,128.6159185,35.85535,,,SEARCH_TIMEOUT_NO_UI,대구 제로테이블,,,,,,,,,,,,,,,,,0,0
saltbread,daegu,대구 담티역 소금빵,커널스커피,대구광역시 수성구 교학로4길 54 1층,대구광역시 수성구 만촌동 855-22 1층,,https://www.instagram.com/kernelscoffee,"음식점>카페,디저트",1286500858,358554570,128.6500858,35.8554571,,1721691383.0,SID_OK_AUTO_DETAIL,대구 커널스커피,OK,0507-1357-4290,OK,[],AI_BRIEFING_NOT_FOUND,,328,"[{""keyword"": ""커피가 맛있어요"", ""count"": 187}, {""keyword"": ""친절해요"", ""count"": 145}, {""keyword"": ""디저트가 맛있어요"", ""count"": 130}, {""keyword"": ""빵이 맛있어요"", ""count"": 111}, {""keyword"": ""음료가 맛있어요"", ""count"": 106}]",OK,keyword_count=5 total=328,https://search.pstatic.net/common/?autoRotate=true&type=w560_sharpen&src=https%3A%2F%2Fldb-phinf.pstatic.net%2F20221223_163%2F1671763190670vIDS6_JPEG%2F62FD669C-9F89-4E25-BF56-23C3FB907488.jpeg,OK,"hit=a#_autoPlayable img
src_len=193",수 11:30 - 19:00 18:30 라스트오더 | 목 11:30 - 19:00 18:30 라스트오더 | 금 11:30 - 20:00 19:30 라스트오더 | 토 11:00 - 21:00 20:30 라스트오더 | 일 11:00 - 21:00 20:30 라스트오더 | 월 정기휴무 (매주 월요일) | 화 11:30 - 19:00 18:30 라스트오더,OK,"hit=hours_toggle
aria_before=false
aria_after=true
w9QyJ_count=8
detail_lines=7",0,0
saltbread,daegu,대구 명덕 소금빵,천냥빵떡대장 명덕역점,대구광역시 남구 중앙대로 251-1 1층,대구광역시 남구 대명동 1791-7 1층,,http://breadtteok.kr/,"카페,디저트>베이커리",1285904023,358556929,128.5904024,35.8556929,,2009847289.0,SID_OK_AUTO_DETAIL,대구 천냥빵떡대장 명덕역점,OK,,PHONE_NOT_FOUND,[],AI_BRIEFING_NOT_FOUND,,5,[],VISITOR_REVIEW_KEYWORDS_NOT_FOUND,,https://search.pstatic.net/common/?autoRotate=true&type=w560_sharpen&src=https%3A%2F%2Fldb-phinf.pstatic.net%2F20251231_60%2F1767145957619DQr1E_PNG%2F1000.png,OK,"hit=a#_autoPlayable img
src_len=158",매일 00:00 - 24:00,OK,"hit=hours_toggle
aria_before=false
aria_after=true
w9QyJ_count=2
detail_lines=1",0,0
saltbread,daegu,대구 두류역 소금빵,버터리버튼,대구광역시 달서구 야외음악당로39동길 47 1층,대구광역시 달서구 두류동 487-14 1층,,https://100원커피이벤트-선착순주문하기.com,"음식점>카페,디저트",1285554723,358559172,128.5554723,35.8559172,,2026592459.0,SID_OK_AUTO_DETAIL,대구 버터리버튼,OK,0507-1345-2840,OK,"[""버터리버튼은 대구 두류동에 위치한 아담하고 조용한 분위기의 신상 카페입니다."", ""휘낭시에와 구움과자 등 디저트가 맛있으며, 인스타그램에서 라인업을 확인할 수 있습니다."", ""1-2인 방문이나 포장에 적합한 공간으로 테이블은 2인용 3개가 마련되어 있습니다."", ""셀프바가 깔끔하게 정돈되어 있고, 포스트잇으로 메모를 남길 수 있는 재미있는 요소가 있습니다.""]",OK,bkeel_count=4,19,"[{""keyword"": ""디저트가 맛있어요"", ""count"": 16}, {""keyword"": ""친절해요"", ""count"": 13}, {""keyword"": ""커피가 맛있어요"", ""count"": 9}, {""keyword"": ""아늑해요"", ""count"": 7}, {""keyword"": ""특별한 메뉴가 있어요"", ""count"": 7}]",OK,keyword_count=5 total=19,https://search.pstatic.net/common/?autoRotate=true&type=w560_sharpen&src=https%3A%2F%2Fldb-phinf.pstatic.net%2F20250626_10%2F1750925614681pLMym_PNG%2F02_%25BC%25AD%25BA%25EA_%25B7%25CE%25B0%25ED.png,OK,"hit=a#_autoPlayable img
src_len=198",수 11:00 - 20:00 | 목 11:00 - 20:00 | 금 11:00 - 20:00 | 토 11:00 - 20:00 | 일 정기휴무 (매주 일요일) | 월 정기휴무 (매주 월요일) | 화 11:00 - 20:00,OK,"hit=hours_toggle
aria_before=false
aria_after=true
w9QyJ_count=8
detail_lines=7",0,0
saltbread,daegu,대구 대구은행역 소금빵,브레드바바,대구광역시 수성구 수성로69길 55,대구광역시 수성구 수성동1가 820,,https://blog.naver.com/breadbaba,"카페,디저트>베이커리",1286105181,358559576,128.6104681,35.8559411,,,SEARCH_TIMEOUT_NO_UI,대구 브레드바바,,,,,,,,,,,,,,,,,0,0
saltbread,daegu,대구 범어 소금빵,아눅 베이커스,대구광역시 수성구 동대구로58길 15 1층 아눅베이커스,대구광역시 수성구 범어동 592-7 1층 아눅베이커스,,https://smartstore.naver.com/a-nook,"카페,디저트>베이커리",1286267502,358562899,128.62673,35.8562893,,1866825830.0,SID_OK_AUTO_DETAIL,대구 아눅 베이커스,OK,0507-1432-1060,OK,"[""아눅 베이커스는 프렌치토스트와 양송이스프를 비롯해 다양한 브런치 메뉴를 제공하는 카페입니다."", ""프렌치토스트는 바삭하면서도 촉촉한 식감이 특징이며, 양송이스프는 고소한 맛으로 인기가 많습니다."", ""매장 내부는 아늑하고 편안한 분위기로 꾸며져 있어 혼자 방문해도 좋은 공간입니다.""]",OK,bkeel_count=3,3,"[{""keyword"": ""빵이 맛있어요"", ""count"": 2405}, {""keyword"": ""커피가 맛있어요"", ""count"": 1839}, {""keyword"": ""인테리어가 멋져요"", ""count"": 835}, {""keyword"": ""친절해요"", ""count"": 782}, {""keyword"": ""음료가 맛있어요"", ""count"": 616}]",OK,keyword_count=5 total=3,https://search.pstatic.net/common/?autoRotate=true&type=w560_sharpen&src=https%3A%2F%2Fldb-phinf.pstatic.net%2F20250313_168%2F1741832968000CYilg_JPEG%2FIMG_2654.JPG,OK,"hit=a#_autoPlayable img
src_len=164",수 08:00 - 22:00 | 목 08:00 - 22:00 | 금 08:00 - 22:00 | 토 08:00 - 22:00 | 일 08:00 - 22:00 | 월 08:00 - 22:00 | 화(2/17) 설날 휴무 | - 브런치 8:00~17:00,OK,"hit=hours_toggle
aria_before=false
aria_after=true
w9QyJ_count=10
detail_lines=8",0,0
saltbread,daegu,대구 용산 소금빵 베이커리,끄래용베이커리,대구광역시 달서구 이곡공원로 83 영남우방2차아파트상가 117동 105호,대구광역시 달서구 용산동 416-1 영남우방2차아파트상가 117동 105호,,https://blog.naver.com/yhk1880,"카페,디저트>베이커리",1285164375,358553736,128.5167679,35.8563787,,16381719.0,SID_OK_AUTO_DETAIL,대구 끄래용베이커리,OK,0507-1378-6229,OK,[],AI_BRIEFING_NOT_FOUND,,,[],VISITOR_REVIEW_KEYWORDS_NOT_FOUND,,https://search.pstatic.net/common/?autoRotate=true&type=w560_sharpen&src=https%3A%2F%2Fldb-phinf.pstatic.net%2F20251217_124%2F1765947955344apnld_JPEG%2F1000004324.jpg,OK,"hit=a#_autoPlayable img
src_len=166",수 07:40 - 22:00 | 목 07:40 - 22:00 | 금 07:40 - 22:00 | 토 07:40 - 22:00 | 일 정기휴무 (매주 일요일) | 월(2/16) 설날 연휴 휴무 | 화(2/17) 설날 휴무 | 02/16-02/18 설날 연휴 휴무,OK,"hit=hours_toggle
aria_before=false
aria_after=true
w9QyJ_count=9
detail_lines=8",0,0
saltbread,daegu,대구 내당역 소금빵 베이커리,더바나포레스트,"대구광역시 달서구 두류공원로 256 1층 102, 103, 104, 105호","대구광역시 달서구 두류동 148-7 1층 102, 103, 104, 105호",,https://www.instagram.com/thebanaforest/,"음식점>카페,디저트",1285588495,358563186,128.5589531,35.8564549,,2036228989.0,SID_OK_AUTO_DETAIL,대구 더바나포레스트,OK,053-626-8800,OK,"[""더바나포레스트는 두류공원 맞은편에 위치한 넓은 카페로, 다양한 베이커리와 음료를 제공합니다."", ""특히 소금빵 종류가 많아 선택의 폭이 넓으며, 브런치 메뉴와 함께 즐길 수 있는 트러플 수프와 샌드위치도 인기입니다."", ""주차는 건물 지하에 2시간 무료로 가능하며, 아기의자와 단체석도 마련되어 있어 가족이나 모임 장소로도 적합합니다.""]",OK,bkeel_count=3,496,"[{""keyword"": ""디저트가 맛있어요"", ""count"": 396}, {""keyword"": ""커피가 맛있어요"", ""count"": 322}, {""keyword"": ""인테리어가 멋져요"", ""count"": 264}, {""keyword"": ""음료가 맛있어요"", ""count"": 175}, {""keyword"": ""특별한 메뉴가 있어요"", ""count"": 122}]",OK,keyword_count=5 total=496,https://search.pstatic.net/common/?autoRotate=true&type=w560_sharpen&src=https%3A%2F%2Fldb-phinf.pstatic.net%2F20260204_79%2F17702096633219VNyX_PNG%2F3882.png,OK,"hit=a#_autoPlayable img
src_len=158",매일 10:00 - 22:00 21:30 라스트오더,OK,"hit=hours_toggle
aria_before=false
aria_after=true
w9QyJ_count=2
detail_lines=1",0,0
saltbread,daegu,대구 명덕역 소금빵 베이커리,버터파우더,대구광역시 남구 명덕로 178 1층 106호,대구광역시 남구 대명동 1801-1 1층 106호,,,"카페,디저트>베이커리",1285898572,358565994,128.5896543,35.8566008,,2016184170.0,SID_OK_AUTO_DETAIL,대구 버터파우더,OK,,PHONE_NOT_FOUND,[],AI_BRIEFING_NOT_FOUND,,4,[],VISITOR_REVIEW_KEYWORDS_NOT_FOUND,,https://search.pstatic.net/common/?autoRotate=true&type=w560_sharpen&src=https%3A%2F%2Fldb-phinf.pstatic.net%2F20251118_12%2F1763451631858Yzbx3_JPEG%2FIMG_9151.jpeg,OK,"hit=a#_autoPlayable img
src_len=164",수 10:30 - 20:00 | 목 10:30 - 20:00 | 금 10:30 - 20:00 | 토 10:30 - 20:00 | 일 정기휴무 (매주 일요일) | 월 10:30 - 20:00 | 화 10:30 - 20:00,OK,"hit=hours_toggle
aria_before=false
aria_after=true
w9QyJ_count=8
detail_lines=7",0,0
saltbread,daegu,대구 건들바위역 소금빵,루밀레,대구광역시 중구 대봉로43길 21 401동 110호,대구광역시 중구 대봉동 770 401동 110호,,,"카페,디저트>베이커리",1286019879,358562928,128.600682,35.8568233,,2095176012.0,SID_OK_AUTO_DETAIL,대구 루밀레,OK,,PHONE_NOT_FOUND,"[""루밀레는 가격 대비 품질이 좋은 빵집으로, 다양한 샌드위치와 베이커리를 제공합니다."", ""모닝빵은 고소하고 촉촉하며, 퀸아망은 파삭한 식감이 매력적입니다."", ""치즈치아바타와 무화과깜빠뉴 등 식사빵 종류가 풍부해 브런치로도 적합합니다."", ""매장에서 직접 먹어보면 빵의 풍미를 더욱 잘 느낄 수 있습니다.""]",OK,bkeel_count=4,22,"[{""keyword"": ""빵이 맛있어요"", ""count"": 19}, {""keyword"": ""친절해요"", ""count"": 14}, {""keyword"": ""건강한 맛이에요"", ""count"": 7}, {""keyword"": ""매장이 청결해요"", ""count"": 6}, {""keyword"": ""디저트가 맛있어요"", ""count"": 5}]",OK,keyword_count=5 total=22,https://search.pstatic.net/common/?autoRotate=true&type=w560_sharpen&src=https%3A%2F%2Fldb-phinf.pstatic.net%2F20250902_275%2F1756799318973vFs6a_JPEG%2F1000007320.jpg,OK,"hit=a#_autoPlayable img
src_len=166",수 09:00 - 22:00 | 목 09:00 - 22:00 | 금 09:00 - 22:00 | 토 09:00 - 22:00 | 일 09:00 - 22:00 | 월 09:00 - 22:00 | 화(2/17) 설날 휴무 | 02/17-02/18 설날 휴무,OK,"hit=hours_toggle
aria_before=false
aria_after=true
w9QyJ_count=9
detail_lines=8",0,0
saltbread,daegu,대구 용산 소금빵,구움도,대구광역시 달서구 와룡로53길 80 1층,대구광역시 달서구 용산동 862-16 1층,,https://www.instagram.com/cafe_guumdo_,"음식점>카페,디저트",1285327747,358569164,128.5327252,35.8569137,,1167621351.0,SID_OK_AUTO_DETAIL,대구 구움도,OK,0507-1496-7050,OK,[],AI_BRIEFING_NOT_FOUND,,134,"[{""keyword"": ""디저트가 맛있어요"", ""count"": 75}, {""keyword"": ""커피가 맛있어요"", ""count"": 72}, {""keyword"": ""친절해요"", ""count"": 47}, {""keyword"": ""음료가 맛있어요"", ""count"": 32}, {""keyword"": ""매장이 청결해요"", ""count"": 25}]",OK,keyword_count=5 total=134,https://search.pstatic.net/common/?autoRotate=true&type=w560_sharpen&src=https%3A%2F%2Fldb-phinf.pstatic.net%2F20210619_106%2F1624032039998ogRXK_JPEG%2F2E1zxWgjxF6ov1HOh9JLF0Xq.jpeg.jpg,OK,"hit=a#_autoPlayable img
src_len=185",수 10:30 - 20:00 | 목 10:30 - 20:00 | 금 10:30 - 20:00 | 토 10:30 - 20:00 | 일 10:30 - 20:00 | 월 정기휴무 (매주 월요일) | 화(2/17) 휴무 | 02/17-02/19 휴무,OK,"hit=hours_toggle
aria_before=false
aria_after=true
w9QyJ_count=9
detail_lines=8",0,0
saltbread,daegu,대구 수성구청 소금빵 베이커리,그레이핍플 힐스테이트범어점,대구광역시 수성구 범어로18길 13 102호 그레이핍플 힐스테이트범어점,대구광역시 수성구 범어동 209-27 102호 그레이핍플 힐스테이트범어점,,https://www.instagram.com/graypipple_hillstate.beomeo?igsh=a3Bnd2xwN3cxd2Zo,"음식점>카페,디저트",1286365212,358571862,128.6365495,35.8572219,,2023774862.0,SID_OK_AUTO_DETAIL,대구 그레이핍플 힐스테이트범어점,OK,0507-2093-3646,OK,[],AI_BRIEFING_NOT_FOUND,,23,"[{""keyword"": ""커피가 맛있어요"", ""count"": 20}, {""keyword"": ""디저트가 맛있어요"", ""count"": 18}, {""keyword"": ""친절해요"", ""count"": 15}, {""keyword"": ""가성비가 좋아요"", ""count"": 11}, {""keyword"": ""매장이 청결해요"", ""count"": 11}]",OK,keyword_count=5 total=23,https://search.pstatic.net/common/?autoRotate=true&type=w560_sharpen&src=https%3A%2F%2Fldb-phinf.pstatic.net%2F20250825_7%2F1756102929855sbL6w_PNG%2F%25C8%25FA%25BD%25BA%25C5%25D7%25C0%25CC%25C6%25AE%25B9%25FC%25BE%25EE%25C1%25A1.png,OK,"hit=a#_autoPlayable img
src_len=233",매일 07:00 - 21:00,OK,"hit=hours_toggle
aria_before=false
aria_after=true
w9QyJ_count=2
detail_lines=1",0,0
saltbread,daegu,대구 담티역 소금빵,올글래드,대구광역시 수성구 달구벌대로492길 43 1층,대구광역시 수성구 범어동 204-7 1층,,https://www.instagram.com/all._.glad,"음식점>카페,디저트",1286350148,358571813,128.6350132,35.8572409,,1341362003.0,SID_OK_AUTO_DETAIL,대구 올글래드,OK,053-752-9006,OK,"[""올글래드는 수제 바닐라 라떼와 다양한 디저트가 맛있는 범어동 감성 카페입니다."", ""매장 안은 넓고 층고가 높아 개방감이 좋으며, 자연광이 들어오는 통창 구조로 아늑한 분위기를 연출합니다."", ""혼자 작업하기 좋은 바 테이블부터 단체석까지 다양한 좌석이 마련되어 있습니다."", ""주차장이 넓어 차량 방문도 편리합니다.""]",OK,bkeel_count=4,2,"[{""keyword"": ""커피가 맛있어요"", ""count"": 1668}, {""keyword"": ""디저트가 맛있어요"", ""count"": 1474}, {""keyword"": ""인테리어가 멋져요"", ""count"": 1298}, {""keyword"": ""음료가 맛있어요"", ""count"": 926}, {""keyword"": ""대화하기 좋아요"", ""count"": 603}]",OK,keyword_count=5 total=2,https://search.pstatic.net/common/?autoRotate=true&type=w560_sharpen&src=https%3A%2F%2Fldb-phinf.pstatic.net%2F20180625_188%2F1529931158761xSa9S_JPEG%2FLOfrKBN0l_k2Oy3_ylkZkSWp.jpg,OK,"hit=a#_autoPlayable img
src_len=180",매일 11:00 - 23:00 | - 설 연휴 정상 영업,OK,"hit=hours_toggle
aria_before=false
aria_after=true
w9QyJ_count=3
detail_lines=2",0,0
saltbread,daegu,대구 두류 소금빵,커피퍼스트,대구광역시 달서구 야외음악당로53길 31 1층,대구광역시 달서구 두류동 137-75 1층,,https://www.instagram.com/coffee_____first,"음식점>카페,디저트",1285627017,358575272,128.5627017,35.8575272,,,SEARCH_TIMEOUT_NO_UI,대구 커피퍼스트,,,,,,,,,,,,,,,,,0,0
saltbread,daegu,대구 감삼역 소금빵 베이커리,감미정,대구광역시 서구 당산로 237 1층,대구광역시 서구 내당동 429-1 1층,,https://www.naver.com/gammijung,"음식점>카페,디저트",1285469191,358575755,128.5469429,35.857536,,,SEARCH_TIMEOUT_NO_UI,대구 감미정,,,,,,,,,,,,,,,,,0,0
saltbread,daegu,대구 담티역 소금빵,솔트에버,대구광역시 수성구 범어로 94 1층,대구광역시 수성구 범어동 209-14 1층,,https://www.instagram.com/salt_ever,"카페,디저트>베이커리",1286358742,358577004,128.6358916,35.8576692,,1670063939.0,SID_OK_AUTO_DETAIL,대구 솔트에버,OK,0507-1425-0981,OK,"[""솔트에버는 대구 수성구에 위치한 소금빵 전문점으로, 플레인, 초코, 팥, 생크림 4가지 맛의 소담빵이 인기 메뉴입니다."", ""소금빵은 부드럽고 담백한 맛이 일품이며, 특히 생크림 소금빵은 버터와 크림의 조화가 뛰어납니다."", ""음료로는 피치몽 아이스티와 오트크림라떼가 인기 있으며, 소금빵과 잘 어울립니다.""]",OK,bkeel_count=3,251,"[{""keyword"": ""빵이 맛있어요"", ""count"": 244}, {""keyword"": ""친절해요"", ""count"": 93}, {""keyword"": ""특별한 메뉴가 있어요"", ""count"": 66}, {""keyword"": ""커피가 맛있어요"", ""count"": 51}, {""keyword"": ""매장이 청결해요"", ""count"": 43}]",OK,keyword_count=5 total=251,https://search.pstatic.net/common/?autoRotate=true&type=w560_sharpen&src=https%3A%2F%2Fldb-phinf.pstatic.net%2F20231227_130%2F1703649919325FJzfU_JPEG%2FIMG_1684.jpeg,OK,"hit=a#_autoPlayable img
src_len=165",수 11:30 - 19:00 | 목 11:30 - 19:00 | 금 11:30 - 19:00 | 토 11:30 - 19:00 | 일 11:30 - 19:00 | 월 11:30 - 19:00 | 화(2/17) 설날 휴무 | - 소담빵 재고 소진시 조기마감입니다!! 사랑 감사합니다!,OK,"hit=hours_toggle
aria_before=false
aria_after=true
w9QyJ_count=10
detail_lines=8",0,0
saltbread,daegu,대구 담티역 소금빵,마들렌베이커리 만촌네거리점,대구광역시 수성구 달구벌대로 2612 마들렌베이커리,대구광역시 수성구 만촌동 849 마들렌베이커리,,https://blog.naver.com/madeleinebakery,"카페,디저트>베이커리",1286479477,358576947,128.6479256,35.857709,,1276009267.0,SID_OK_AUTO_DETAIL,대구 마들렌베이커리 만촌네거리점,OK,053-759-7737,OK,[],AI_BRIEFING_NOT_FOUND,,536,"[{""keyword"": ""빵이 맛있어요"", ""count"": 298}, {""keyword"": ""친절해요"", ""count"": 124}, {""keyword"": ""특별한 메뉴가 있어요"", ""count"": 72}, {""keyword"": ""매장이 청결해요"", ""count"": 66}, {""keyword"": ""커피가 맛있어요"", ""count"": 23}]",OK,keyword_count=5 total=536,https://search.pstatic.net/common/?autoRotate=true&type=w560_sharpen&src=https%3A%2F%2Fldb-phinf.pstatic.net%2F20260205_58%2F1770267521636IRUo0_JPEG%2F%25BD%25BA%25B8%25B6%25C6%25AE%25C7%25C3%25B7%25B9%25C0%25CC%25BD%25BA_%25C7%25C1%25B7%25CE%25C7%25CA_%25BB%25E7%25C1%25F8_%25B5%25EE%25B7%25CF_260205.jpg,OK,"hit=a#_autoPlayable img
src_len=305",수 09:30 - 22:30 | 목 09:30 - 22:30 | 금 09:30 - 22:30 | 토 09:30 - 22:30 | 일 09:30 - 22:30 | 월 09:30 - 22:30 | 화(2/17) 설날 휴무,OK,"hit=hours_toggle
aria_before=false
aria_after=true
w9QyJ_count=9
detail_lines=7",0,0
saltbread,daegu,대구 담티역 소금빵,소금무늬,대구광역시 수성구 달구벌대로504길 12 1층 소금무늬,대구광역시 수성구 범어동 210-21 1층 소금무늬,,,"카페,디저트>베이커리",1286381096,358577153,128.6381096,35.8577153,,,SEARCH_TIMEOUT_NO_UI,대구 소금무늬,,,,,,,,,,,,,,,,,0,0
saltbread,daegu,대구 대구은행역 소금빵,비바 베이커리,대구광역시 중구 대봉로 215 비바베이커리,대구광역시 중구 대봉동 138-1 비바베이커리,,https://blog.naver.com/vivaba,"음식점>카페,디저트",1286014601,358580017,128.6014176,35.857954,,1008651944.0,SID_OK_AUTO_DETAIL,대구 비바 베이커리,OK,0507-1347-0113,OK,"[""비바 베이커리는 대구 대봉동에 위치한 베이커리 카페로, 다양한 건강한 빵과 음료를 제공합니다."", ""유기농 밀가루와 천연 발효종을 사용한 호밀빵, 무화과치즈깜빠뉴 등이 인기 메뉴입니다."", ""매장은 넓고 편안한 소파 좌석과 통창으로 채광이 좋으며, 주차는 건물 옆 4대 무료 주차가 가능합니다."", ""음료와 디저트의 조화로운 맛을 즐길 수 있습니다.""]",OK,bkeel_count=4,944,"[{""keyword"": ""디저트가 맛있어요"", ""count"": 425}, {""keyword"": ""커피가 맛있어요"", ""count"": 402}, {""keyword"": ""인테리어가 멋져요"", ""count"": 349}, {""keyword"": ""빵이 맛있어요"", ""count"": 339}, {""keyword"": ""친절해요"", ""count"": 322}]",OK,keyword_count=5 total=944,https://search.pstatic.net/common/?autoRotate=true&type=w560_sharpen&src=https%3A%2F%2Fldb-phinf.pstatic.net%2F20260107_233%2F1767764036247vEbOv_JPEG%2F%25BA%25F1%25B9%25D9%25B8%25C5%25C0%25E5.jpg,OK,"hit=a#_autoPlayable img
src_len=196",매일 09:00 - 24:00,OK,"hit=hours_toggle
aria_before=false
aria_after=true
w9QyJ_count=2
detail_lines=1",0,0
saltbread,daegu,대구 이곡 소금빵,카페 가온77,"대구광역시 달서구 선원남로 77 211동 가온77빌딩 1,2층","대구광역시 달서구 이곡동 1306-1 211동 가온77빌딩 1,2층",,https://www.instagram.com/cafegaon77,"음식점>카페,디저트",1285099631,358583574,128.5088249,35.857997,,,SEARCH_TIMEOUT_NO_UI,대구 카페 가온77,,,,,,,,,,,,,,,,,0,0
saltbread,daegu,대구 내당 소금빵,디웨이브,"대구광역시 서구 서대구로 3 1,2층","대구광역시 서구 내당동 469-9 1,2층",,,"카페,디저트>카페",1285566544,358583247,128.5564859,35.858236,,1301928609.0,SID_OK_AUTO_DETAIL,대구 디웨이브,OK,053-521-5736,OK,"[""디웨이브는 두류역 19번 출구 바로 앞에 위치한 편리한 카페로, 넓고 깔끔한 인테리어가 특징입니다."", ""1층과 2층으로 나뉘어 있으며, 특히 2층은 단체석과 넓은 테이블 간격으로 조용하고 여유로운 분위기를 제공합니다."", ""아메리카노와 밀크티크림라떼가 인기 메뉴이며, 주차는 DBS건물 지하 주차장을 이용할 수 있어 접근성이 좋습니다.""]",OK,bkeel_count=3,369,"[{""keyword"": ""커피가 맛있어요"", ""count"": 105}, {""keyword"": ""친절해요"", ""count"": 62}, {""keyword"": ""디저트가 맛있어요"", ""count"": 51}, {""keyword"": ""인테리어가 멋져요"", ""count"": 49}, {""keyword"": ""대화하기 좋아요"", ""count"": 43}]",OK,keyword_count=5 total=369,https://search.pstatic.net/common/?autoRotate=true&type=w560_sharpen&src=https%3A%2F%2Fldb-phinf.pstatic.net%2F20250313_108%2F1741840895993TJOoX_JPEG%2FIMG_6409.jpeg,OK,"hit=a#_autoPlayable img
src_len=165",수 09:00 - 18:00 17:30 라스트오더 | 목 09:00 - 18:00 17:30 라스트오더 | 금 09:00 - 18:00 17:30 라스트오더 | 토 10:00 - 18:00 17:30 라스트오더 | 일 10:00 - 18:00 17:30 라스트오더 | 월 09:00 - 18:00 17:30 라스트오더 | 화 09:00 - 18:00 17:30 라스트오더,OK,"hit=hours_toggle
aria_before=false
aria_after=true
w9QyJ_count=8
detail_lines=7",0,0
saltbread,daegu,대구 수성시장 소금빵,딥딥딥 수성,대구광역시 수성구 수성로77길 15 1층,대구광역시 수성구 수성동1가 113-8 1층,,http://www.instagram.com/deep__deep__deep,"음식점>카페,디저트",1286128067,358583428,128.6128211,35.858292,,1109301928.0,SID_OK_AUTO_DETAIL,대구 딥딥딥 수성,OK,0507-1496-7709,OK,"[""딥딥딥 수성은 소금빵으로 유명한 대구 카페입니다."", ""부드러운 우유크림이 가득한 우유크림 소금빵과 아메리카노의 조화가 일품입니다."", ""가게 앞이나 주변 골목에 주차 가능하며, 포장 주문도 가능합니다."", ""직원들의 친절한 서비스와 감성적인 인테리어가 방문객들에게 좋은 인상을 줍니다.""]",OK,bkeel_count=4,502,"[{""keyword"": ""디저트가 맛있어요"", ""count"": 413}, {""keyword"": ""커피가 맛있어요"", ""count"": 303}, {""keyword"": ""인테리어가 멋져요"", ""count"": 221}, {""keyword"": ""친절해요"", ""count"": 153}, {""keyword"": ""음료가 맛있어요"", ""count"": 127}]",OK,keyword_count=5 total=502,https://search.pstatic.net/common/?autoRotate=true&type=w560_sharpen&src=https%3A%2F%2Fldb-phinf.pstatic.net%2F20230611_273%2F1686459636883kXKaK_JPEG%2FIMG_3789.jpeg,OK,"hit=a#_autoPlayable img
src_len=165",매일 11:00 - 17:00,OK,"hit=hours_toggle
aria_before=false
aria_after=true
w9QyJ_count=2
detail_lines=1",0,0
saltbread,daegu,대구 만촌역 소금빵,버터베이크 범어점,대구광역시 수성구 달구벌대로 2480 버터베이크,대구광역시 수성구 범어동 197-6 버터베이크,,https://www.instagram.com/butterbake_beomeo?igsh=MXFpOWw3Mmhmb21kZg%3D%3D&utm_source=qr,"카페,디저트>베이커리",1286338236,358584986,128.6337849,35.8583539,,1547968839.0,SID_OK_AUTO_DETAIL,대구 버터베이크 범어점,OK,,PHONE_NOT_FOUND,"[""버터베이크 범어점은 수성구에 위치한 베이글 전문 카페로, 쪽파 크림치즈 베이글과 베이글 샌드위치가 인기 메뉴입니다."", ""베이글은 촉촉하고 부드러우며, 샌드위치는 신선한 재료로 풍성하게 채워져 있습니다."", ""매장에는 좌석이 충분해 단체 방문에도 좋고, 주차타워가 있어 차량 이용 시 편리합니다.""]",OK,bkeel_count=3,1,"[{""keyword"": ""빵이 맛있어요"", ""count"": 1454}, {""keyword"": ""특별한 메뉴가 있어요"", ""count"": 592}, {""keyword"": ""인테리어가 멋져요"", ""count"": 588}, {""keyword"": ""친절해요"", ""count"": 403}, {""keyword"": ""커피가 맛있어요"", ""count"": 357}]",OK,keyword_count=5 total=1,https://search.pstatic.net/common/?autoRotate=true&type=w560_sharpen&src=https%3A%2F%2Fldb-phinf.pstatic.net%2F20251115_24%2F1763133909110l8NNf_JPEG%2FKakaoTalk_20241210_152534268_01.jpg,OK,"hit=a#_autoPlayable img
src_len=186",수 09:30 - 23:00 22:30 라스트오더 | 목 09:30 - 23:00 22:30 라스트오더 | 금 09:30 - 23:00 22:30 라스트오더 | 토 09:30 - 22:00 21:30 라스트오더 | 일 09:30 - 22:00 21:30 라스트오더 | 월 09:30 - 23:00 22:30 라스트오더 | 화 09:30 - 23:00 22:30 라스트오더,OK,"hit=hours_toggle
aria_before=false
aria_after=true
w9QyJ_count=8
detail_lines=7",0,0
saltbread,daegu,대구 범어역 소금빵,알리KENYA스타커피 대구범어네거리점,대구광역시 수성구 동대구로 311-1,대구광역시 수성구 범어동 563-7,,https://www.instagram.com/alistar_beomeo,"음식점>카페,디저트",1286252315,358584290,128.6252388,35.8584446,,1925141583.0,SID_OK_AUTO_DETAIL,대구 알리KENYA스타커피 대구범어네거리점,OK,0507-1370-0071,OK,"[""알리KENYA스타커피 대구범어네거리점은 케냐 원두를 사용한 커피와 다양한 빵을 즐길 수 있는 카페입니다."", ""특히 소금빵이 유명하며, 갓 구운 소금빵은 겉은 바삭하고 속은 촉촉한 식감으로 인기가 많습니다."", ""3층 규모의 넓은 공간과 통창을 통해 범어네거리 전경을 감상할 수 있으며, 애견 동반 가능한 야외 테라스도 마련되어 있습니다.""]",OK,bkeel_count=3,294,"[{""keyword"": ""커피가 맛있어요"", ""count"": 181}, {""keyword"": ""디저트가 맛있어요"", ""count"": 86}, {""keyword"": ""친절해요"", ""count"": 75}, {""keyword"": ""음료가 맛있어요"", ""count"": 53}, {""keyword"": ""특별한 메뉴가 있어요"", ""count"": 45}]",OK,keyword_count=5 total=294,https://search.pstatic.net/common/?autoRotate=true&type=w560_sharpen&src=https%3A%2F%2Fldb-phinf.pstatic.net%2F20220721_221%2F1658400049714fq2ev_JPEG%2F1658142222459.jpg,OK,"hit=a#_autoPlayable img
src_len=169",수 09:30 - 22:30 | 목 09:30 - 22:30 | 금 09:30 - 22:30 | 토 09:30 - 22:30 | 일 12:00 - 18:00 | 월 09:30 - 22:30 | 화 09:30 - 22:30,OK,"hit=hours_toggle
aria_before=false
aria_after=true
w9QyJ_count=8
detail_lines=7",0,0
saltbread,daegu,대구 다사역 소금빵,빵집오빠 대구다사점,대구광역시 달성군 다사읍 달구벌대로 864 1층 빵집오빠 대구다사점,대구광역시 달성군 다사읍 죽곡리 117-3 1층 빵집오빠 대구다사점,,https://blog.naver.com/bbangjib58,"카페,디저트>베이커리",1284637625,358584850,128.4637394,35.8586268,,,SEARCH_TIMEOUT_NO_UI,대구 빵집오빠 대구다사점,,,,,,,,,,,,,,,,,0,0
saltbread,daegu,대구 김광석 다시그리기 길 소금빵,대봉동카페운트,대구광역시 중구 동덕로8길 8 1층 카페운트,대구광역시 중구 대봉동 40-70 1층 카페운트,,https://smartstore.naver.com/dong2509-2340,"음식점>카페,디저트",1286054586,358586383,128.6054586,35.8586383,,1184300714.0,SID_OK_AUTO_DETAIL,대구 대봉동카페운트,OK,0507-1479-2353,OK,"[""대봉동카페운트는 드립 커피가 맛있는 대구의 카페입니다."", ""다양한 원두 선택이 가능하며, 특히 드립 커피는 합리적인 가격에 제공되어 많은 방문객들이 추천합니다."", ""사장님이 친절하고 매장 분위기가 차분해 혼자 방문하기에도 좋습니다."", ""또한, 깔끔한 인테리어와 조용한 분위기로 작업이나 독서에 적합합니다.""]",OK,bkeel_count=4,935,"[{""keyword"": ""커피가 맛있어요"", ""count"": 876}, {""keyword"": ""친절해요"", ""count"": 559}, {""keyword"": ""인테리어가 멋져요"", ""count"": 526}, {""keyword"": ""매장이 청결해요"", ""count"": 303}, {""keyword"": ""대화하기 좋아요"", ""count"": 250}]",OK,keyword_count=5 total=935,https://search.pstatic.net/common/?autoRotate=true&type=w560_sharpen&src=https%3A%2F%2Fldb-phinf.pstatic.net%2F20220227_185%2F16459257007358nsFD_JPEG%2FKakaoTalk_20220227_102749110_03.jpg,OK,"hit=a#_autoPlayable img
src_len=187",수 09:00 - 18:00 | 목 09:00 - 18:00 | 금 09:00 - 18:00 | 토 09:00 - 18:00 | 일 09:00 - 18:00 | 월 09:00 - 18:00 | 화 정기휴무 (매주 화요일),OK,"hit=hours_toggle
aria_before=false
aria_after=true
w9QyJ_count=8
detail_lines=7",0,0
saltbread,daegu,대구 남산 소금빵,카페헤더,대구광역시 중구 남산로7길 24 1층,대구광역시 중구 남산동 2488-15 1층,,http://instagram.com/cafe_heather,"카페,디저트>베이커리",1285812776,358588191,128.5812553,35.8588343,,1141373871.0,SID_OK_AUTO_DETAIL,대구 카페헤더,OK,0507-1373-0818,OK,"[""카페헤더는 다양한 소금빵(모카소금빵, 앙버터소금빵 등)과 신선한 베이커리로 유명한 대구의 주택개조 카페입니다."", ""2층과 루프탑에서는 아늑한 분위기와 함께 공원 뷰를 즐기며 커피와 디저트를 맛볼 수 있습니다."", ""디카페인 옵션과 브런치 메뉴도 제공되어 다양한 취향을 만족시키며, 아기자기한 인테리어와 조용한 공간이 특징입니다.""]",OK,bkeel_count=3,768,"[{""keyword"": ""빵이 맛있어요"", ""count"": 356}, {""keyword"": ""커피가 맛있어요"", ""count"": 344}, {""keyword"": ""친절해요"", ""count"": 172}, {""keyword"": ""음료가 맛있어요"", ""count"": 157}, {""keyword"": ""인테리어가 멋져요"", ""count"": 124}]",OK,keyword_count=5 total=768,https://search.pstatic.net/common/?autoRotate=true&type=w560_sharpen&src=https%3A%2F%2Fldb-phinf.pstatic.net%2F20230607_271%2F1686100873786XM3C3_JPEG%2F1615874766541.jpg,OK,"hit=a#_autoPlayable img
src_len=169","매일 09:00 - 21:00 20:30 라스트오더 | - 치아바타샌드,잠봉뵈르 10시 이후로 가능 (5시까지)",OK,"hit=hours_toggle
aria_before=false
aria_after=true
w9QyJ_count=3
detail_lines=2",0,0
saltbread,daegu,대구 다사 소금빵,카페보우케,"대구광역시 달성군 다사읍 대실역북로1길 15-3 1, 2층","대구광역시 달성군 다사읍 매곡리 1547-12 1, 2층",,https://www.instagram.com/Cafe_BOUKE,"음식점>카페,디저트",1284651215,358589872,128.4651732,35.8589367,,1892459846.0,SID_OK_AUTO_DETAIL,대구 카페보우케,OK,0507-1329-5393,OK,"[""카페보우케는 대실역 근처에서 공부나 모임을 하기 좋은 대형 카페입니다."", ""2층에는 프라이빗한 개별 룸과 넓은 테이블이 마련되어 있으며, 고소한 카페라떼와 아이스 아메리카노가 맛있습니다."", ""디저트로는 허니넛브레드와 브라우니에 아이스크림을 추가해 먹는 것이 추천됩니다."", ""전체적으로 조용하고 친절한 분위기가 매력적입니다.""]",OK,bkeel_count=4,329,"[{""keyword"": ""커피가 맛있어요"", ""count"": 210}, {""keyword"": ""디저트가 맛있어요"", ""count"": 164}, {""keyword"": ""친절해요"", ""count"": 139}, {""keyword"": ""인테리어가 멋져요"", ""count"": 133}, {""keyword"": ""음료가 맛있어요"", ""count"": 106}]",OK,keyword_count=5 total=329,https://search.pstatic.net/common/?autoRotate=true&type=w560_sharpen&src=https%3A%2F%2Fldb-phinf.pstatic.net%2F20251223_154%2F1766497167676HmKaM_JPEG%2F1000068184.jpg,OK,"hit=a#_autoPlayable img
src_len=166",수 10:00 - 22:00 | 목 정기휴무 (매주 목요일) | 금 10:00 - 22:00 | 토 10:00 - 22:00 | 일 10:00 - 22:00 | 월 10:00 - 22:00 | 화 10:00 - 22:00,OK,"hit=hours_toggle
aria_before=false
aria_after=true
w9QyJ_count=8
detail_lines=7",0,0
saltbread,daegu,대구 범어역 소금빵,마들렌베이커리 범어네거리점,대구광역시 수성구 달구벌대로 2380,대구광역시 수성구 범어동 559-1,,https://blog.naver.com/madeleinebakery,"카페,디저트>베이커리",1286228521,358590499,128.6228414,35.8589842,,1301065833.0,SID_OK_AUTO_DETAIL,대구 마들렌베이커리 범어네거리점,OK,053-751-7737,OK,"[""마들렌 베이커리 범어네거리점은 다양한 빵 종류와 디저트를 제공하는 베이커리 카페입니다."", ""소세지빵, 쌀대파빵, 치아바타 등 다양한 빵을 시식해볼 수 있어 선택에 도움이 됩니다."", ""케이크와 롤케이크, 쿠키 등 디저트류도 풍부하며, 커피와 음료도 다양하게 준비되어 있습니다."", ""매장은 넓고 깔끔하여 편안하게 이용하기 좋습니다.""]",OK,bkeel_count=4,620,"[{""keyword"": ""빵이 맛있어요"", ""count"": 317}, {""keyword"": ""친절해요"", ""count"": 87}, {""keyword"": ""특별한 메뉴가 있어요"", ""count"": 53}, {""keyword"": ""커피가 맛있어요"", ""count"": 46}, {""keyword"": ""매장이 청결해요"", ""count"": 45}]",OK,keyword_count=5 total=620,https://search.pstatic.net/common/?autoRotate=true&type=w560_sharpen&src=https%3A%2F%2Fldb-phinf.pstatic.net%2F20260205_142%2F17702674019641rSGn_JPEG%2F%25BD%25BA%25B8%25B6%25C6%25AE%25C7%25C3%25B7%25B9%25C0%25CC%25BD%25BA_%25C7%25C1%25B7%25CE%25C7%25CA_%25BB%25E7%25C1%25F8_%25B5%25EE%25B7%25CF_260205.jpg,OK,"hit=a#_autoPlayable img
src_len=306",수 09:30 - 22:30 | 목 09:30 - 22:30 | 금 09:30 - 22:30 | 토 09:30 - 22:30 | 일 09:30 - 22:30 | 월 09:30 - 22:30 | 화(2/17) 설날 휴무,OK,"hit=hours_toggle
aria_before=false
aria_after=true
w9QyJ_count=9
detail_lines=7",0,0
saltbread,daegu,대구 계명대역 소금빵,레이몬드베이커리,대구광역시 달서구 선원로 241 성서2차보성타운,대구광역시 달서구 용산동 501-2 성서2차보성타운,,,"카페,디저트>베이커리",1285194758,358591271,128.5187052,35.8594586,,,SEARCH_TIMEOUT_NO_UI,대구 레이몬드베이커리,,,,,,,,,,,,,,,,,0,0
saltbread,daegu,대구 만촌역 소금빵,호랑이빵집,대구광역시 수성구 달구벌대로495길 10,대구광역시 수성구 범어동 168-5,,https://100원커피이벤트-선착순주문하기.com,"카페,디저트>베이커리",1286343957,358594786,128.6343892,35.8594815,,37778701.0,SID_OK_AUTO_DETAIL,대구 호랑이빵집,OK,0507-877-3154,OK,[],AI_BRIEFING_NOT_FOUND,,1,"[{""keyword"": ""빵이 맛있어요"", ""count"": 421}, {""keyword"": ""커피가 맛있어요"", ""count"": 280}, {""keyword"": ""친절해요"", ""count"": 121}, {""keyword"": ""음료가 맛있어요"", ""count"": 114}, {""keyword"": ""매장이 청결해요"", ""count"": 92}]",OK,keyword_count=5 total=1,https://search.pstatic.net/common/?autoRotate=true&type=w560_sharpen&src=https%3A%2F%2Fvideo-phinf.pstatic.net%2F20260205_86%2F17702674143881wI3X_JPEG%2F3KL2a029eM_01.jpg,OK,"hit=a#_autoPlayable img
src_len=170",수 09:00 - 20:30 20:00 라스트오더 | 목 09:00 - 20:30 20:00 라스트오더 | 금 09:00 - 20:30 20:00 라스트오더 | 토 09:00 - 20:30 20:00 라스트오더 | 일 09:00 - 20:30 20:00 라스트오더 | 월(2/16) 설날 연휴09:00 - 20:30 | 화(2/17) 설날09:00 - 20:30,OK,"hit=hours_toggle
aria_before=false
aria_after=true
w9QyJ_count=8
detail_lines=7",0,0
saltbread,daegu,대구 내당역 소금빵 베이커리,이인상과자점,대구광역시 중구 남산로17길 139 1층,대구광역시 중구 남산동 2612-108 1층,,,"카페,디저트>베이커리",1285768002,358597808,128.5768531,35.8597746,,1392945755.0,SID_OK_AUTO_DETAIL,대구 이인상과자점,OK,0507-1375-7761,OK,[],AI_BRIEFING_NOT_FOUND,,615,"[{""keyword"": ""빵이 맛있어요"", ""count"": 541}, {""keyword"": ""친절해요"", ""count"": 182}, {""keyword"": ""특별한 메뉴가 있어요"", ""count"": 140}, {""keyword"": ""매장이 청결해요"", ""count"": 140}, {""keyword"": ""가성비가 좋아요"", ""count"": 122}]",OK,keyword_count=5 total=615,https://search.pstatic.net/common/?autoRotate=true&type=w560_sharpen&src=https%3A%2F%2Fldb-phinf.pstatic.net%2F20221120_145%2F16688748967963BMOx_JPEG%2F1668874880996.jpg,OK,"hit=a#_autoPlayable img
src_len=169",매일 08:00 - 23:00,OK,"hit=hours_toggle
aria_before=false
aria_after=true
w9QyJ_count=2
detail_lines=1",0,0
saltbread,daegu,대구 명덕역 소금빵,천씨씨커피 대구남산점,대구광역시 중구 중앙대로61길 37-2 1층 천씨씨커피 남산점,대구광역시 중구 남산동 594-6 1층 천씨씨커피 남산점,,https://100원커피이벤트-선착순주문하기.com,"음식점>카페,디저트",1285897228,358604958,128.5897308,35.860421,,,SEARCH_TIMEOUT_NO_UI,대구 천씨씨커피 대구남산점,,,,,,,,,,,,,,,,,0,0
saltbread,daegu,대구 내당 소금빵,올망,대구광역시 서구 달구벌대로361길 12 1층,대구광역시 서구 내당동 209-91 1층,,https://www.instagram.com/olmang_bake?igshid=Y2ZmNzg0YzQ=,"음식점>카페,디저트",1285616617,358604496,128.5617053,35.8604799,,1570890478.0,SID_OK_AUTO_DETAIL,대구 올망,OK,0507-1369-8486,OK,"[""가게명인 올망은 다양한 구움과자와 에그타르트가 맛있는 베이커리입니다."", ""특히 에그타르트는 최상급 고메버터와 최고급 바닐라빈으로 만들어져 풍미가 뛰어나며, 휘낭시에는 국산 쌀가루를 사용해 건강하고 맛있습니다."", ""선물세트로 포장도 가능하며, 아늑한 분위기에서 친절한 서비스를 제공합니다.""]",OK,bkeel_count=3,497,"[{""keyword"": ""디저트가 맛있어요"", ""count"": 478}, {""keyword"": ""친절해요"", ""count"": 211}, {""keyword"": ""특별한 메뉴가 있어요"", ""count"": 168}, {""keyword"": ""커피가 맛있어요"", ""count"": 140}, {""keyword"": ""매장이 청결해요"", ""count"": 139}]",OK,keyword_count=5 total=497,https://search.pstatic.net/common/?autoRotate=true&type=w560_sharpen&src=https%3A%2F%2Fldb-phinf.pstatic.net%2F20240701_43%2F1719814590687dyYzq_JPEG%2FIMG_4589.jpeg,OK,"hit=a#_autoPlayable img
src_len=164",수 12:00 - 19:00 | 목 12:00 - 19:00 | 금 12:00 - 19:00 | 토 12:00 - 18:00 | 일 정기휴무 (매주 일요일) | 월 정기휴무 (매주 월요일) | 화(2/17) 설날12:00 - 18:00,OK,"hit=hours_toggle
aria_before=false
aria_after=true
w9QyJ_count=8
detail_lines=7",0,0
saltbread,daegu,대구 내당 소금빵,반죽하우스,대구광역시 서구 평리로 214 상가 6동 지하1층 30-7호,대구광역시 서구 내당동 340 상가 6동 지하1층 30-7호,,https://www.instagram.com/banjookhouse,"카페,디저트>베이커리",1285468463,358612824,128.5465467,35.8607851,,1581301895.0,SID_OK_AUTO_DETAIL,대구 반죽하우스,OK,0507-1420-8522,OK,"[""반죽하우스는 다양한 식빵과 소금빵으로 유명한 베이커리입니다."", ""치즈폭탄식빵, 단호박크림치즈식빵, 명란소금빵 등 다양한 메뉴가 있으며, 특히 소금빵 종류가 풍부합니다."", ""고양이식빵과 같은 귀여운 메뉴도 인기입니다."", ""매장 내부는 아늑한 분위기로 테이블 3개 정도가 마련되어 있어 편안하게 즐길 수 있습니다.""]",OK,bkeel_count=4,149,"[{""keyword"": ""빵이 맛있어요"", ""count"": 145}, {""keyword"": ""커피가 맛있어요"", ""count"": 85}, {""keyword"": ""특별한 메뉴가 있어요"", ""count"": 78}, {""keyword"": ""친절해요"", ""count"": 76}, {""keyword"": ""음료가 맛있어요"", ""count"": 48}]",OK,keyword_count=5 total=149,https://search.pstatic.net/common/?autoRotate=true&type=w560_sharpen&src=https%3A%2F%2Fldb-phinf.pstatic.net%2F20230511_182%2F1683793874960jLUaa_JPEG%2F1683793599529.jpg,OK,"hit=a#_autoPlayable img
src_len=169",수 11:00 - 19:00 | 목 11:00 - 19:00 | 금 11:00 - 19:00 | 토 11:00 - 19:00 | 일 정기휴무 (매주 일요일) | 월(2/16) 설날 연휴 휴무 | 화(2/17) 설날 휴무 | 02/16-02/18 설날 연휴 휴무 | - 빵나오는 시간은 11시~12시 입니다 🥰,OK,"hit=hours_toggle
aria_before=false
aria_after=true
w9QyJ_count=10
detail_lines=9",0,0
saltbread,daegu,대구 수성시장 소금빵,로맨틱포레스트,대구광역시 수성구 달구벌대로469길 24 1층,대구광역시 수성구 수성동4가 1009-13 1층,,https://www.instagram.com/romantic_forest.bakery/,"카페,디저트>베이커리",1286193696,358608363,128.6193696,35.8608364,,1334605430.0,SID_OK_AUTO_DETAIL,대구 로맨틱포레스트,OK,053-752-0200,OK,"[""로맨틱포레스트는 다양한 빵과 케이크를 즐길 수 있는 베이커리 카페입니다."", ""망고 케이크, 러블리피치케이크, 로맨틱베리 등 특별한 케이크와 땡초치아바타샌드위치, 소금빵, 올리브치아바타, 무화과깜빠뉴 등 다양한 베이커리 메뉴를 제공합니다."", ""특히 무화과깜빠뉴와 올리브치아바타는 풍부한 재료가 들어가 인기가 높으며, 에그아보카도샌드위치는 건강한 한 끼로도 좋습니다.""]",OK,bkeel_count=3,517,"[{""keyword"": ""빵이 맛있어요"", ""count"": 507}, {""keyword"": ""특별한 메뉴가 있어요"", ""count"": 259}, {""keyword"": ""친절해요"", ""count"": 246}, {""keyword"": ""건강한 맛이에요"", ""count"": 164}, {""keyword"": ""인테리어가 멋져요"", ""count"": 122}]",OK,keyword_count=5 total=517,https://search.pstatic.net/common/?autoRotate=true&type=w560_sharpen&src=https%3A%2F%2Fldb-phinf.pstatic.net%2F20250519_133%2F1747652709372jy8JA_JPEG%2FIMG_7321.jpeg,OK,"hit=a#_autoPlayable img
src_len=165",수 08:00 - 21:00 | 목 08:00 - 21:00 | 금 08:00 - 21:00 | 토 08:00 - 21:00 | 일 08:00 - 21:00 | 월(2/16) 휴무 | 화(2/17) 휴무 | 02/16-02/18 휴무,OK,"hit=hours_toggle
aria_before=false
aria_after=true
w9QyJ_count=9
detail_lines=8",0,0
saltbread,daegu,대구 범어역 소금빵,오렌지템프 커피,대구광역시 수성구 상록로2길 13-5 1층,대구광역시 수성구 범어동 38-9 1층,,https://smartstore.naver.com/orange_temp,"음식점>카페,디저트",1286246295,358608284,128.6246007,35.8608407,,1662905319.0,SID_OK_AUTO_DETAIL,대구 오렌지템프 커피,OK,0507-1317-4310,OK,"[""오렌지템프 커피는 범어동 카페로, 직접 로스팅한 핸드드립 커피와 다양한 디저트가 인기입니다."", ""시그니처 원 라떼와 베리 밀크 브루는 방문객들의 추천 메뉴입니다."", ""매장 내부는 세련된 인테리어와 넓은 공간으로 편안하게 머물기 좋으며, 전용 주차장이 있어 차량 이용도 편리합니다."", ""소금빵과 버터바 등 베이커리 메뉴도 함께 즐길 수 있습니다.""]",OK,bkeel_count=4,113,"[{""keyword"": ""커피가 맛있어요"", ""count"": 107}, {""keyword"": ""디저트가 맛있어요"", ""count"": 56}, {""keyword"": ""인테리어가 멋져요"", ""count"": 56}, {""keyword"": ""음료가 맛있어요"", ""count"": 54}, {""keyword"": ""특별한 메뉴가 있어요"", ""count"": 47}]",OK,keyword_count=5 total=113,https://search.pstatic.net/common/?autoRotate=true&type=w560_sharpen&src=https%3A%2F%2Fldb-phinf.pstatic.net%2F20250620_137%2F1750409280063Mgy7D_JPEG%2FIMG_6980.jpg,OK,"hit=a#_autoPlayable img
src_len=164",수 08:00 - 21:00 20:30 라스트오더 | 목 08:00 - 21:00 20:30 라스트오더 | 금 08:00 - 21:00 20:30 라스트오더 | 토 10:00 - 21:00 20:30 라스트오더 | 일 정기휴무 (매주 일요일) | 월(2/16) 설날 연휴09:00 - 16:00 | 화(2/17) 설날 휴무,OK,"hit=hours_toggle
aria_before=false
aria_after=true
w9QyJ_count=9
detail_lines=7",0,0
saltbread,daegu,대구 대구은행역 소금빵,슈텐,대구광역시 수성구 수성로 393 슈텐,대구광역시 수성구 수성동4가 1090-8 슈텐,,https://shop.coupang.com/A00572877?locale=ko_KR&platform=m&source=brandstore_share,"카페,디저트>베이커리",1286136103,358604005,128.6135781,35.8609292,,83197471.0,SID_OK_AUTO_DETAIL,대구 슈텐,OK,0507-1400-6962,OK,"[""슈텐은 유기농, 비건, 글루텐프리 등 건강한 빵을 제공하는 베이커리 카페입니다."", ""두바이쫀득쿠키, 공주알밤식빵, 단호박크림치즈깜빠뉴 등 다양한 메뉴가 있으며, 특히 명란바게트와 소금빵이 인기입니다."", ""매장 내부는 넓고 쾌적하며 주차도 편리해 모임 장소로 좋습니다."", ""비건 메뉴가 다양해 임산부나 건강식 선호자도 안심하고 방문할 수 있습니다.""]",OK,bkeel_count=4,1,"[{""keyword"": ""빵이 맛있어요"", ""count"": 712}, {""keyword"": ""특별한 메뉴가 있어요"", ""count"": 231}, {""keyword"": ""친절해요"", ""count"": 171}, {""keyword"": ""커피가 맛있어요"", ""count"": 149}, {""keyword"": ""매장이 청결해요"", ""count"": 113}]",OK,keyword_count=5 total=1,https://search.pstatic.net/common/?autoRotate=true&type=w560_sharpen&src=https%3A%2F%2Fldb-phinf.pstatic.net%2F20190322_134%2F1553265540730lyGXY_JPEG%2FwpirMoyQcwPtq4jV-E6lEVSm.jpg,OK,"hit=a#_autoPlayable img
src_len=180",수 08:00 - 20:00 | 목 08:00 - 20:00 | 금 08:00 - 20:00 | 토 08:00 - 20:00 | 일 정기휴무 (매주 일요일) | 월 08:00 - 20:00 | 화 08:00 - 20:00,OK,"hit=hours_toggle
aria_before=false
aria_after=true
w9QyJ_count=8
detail_lines=7",0,0
saltbread,daegu,대구 명덕역 소금빵,소브커피,대구광역시 중구 명륜로23길 29 1층,대구광역시 중구 남산동 919-9 1층,,https://www.instagram.com/sove_coffee,"음식점>카페,디저트",1285957513,358612846,128.5957161,35.861278,,,SEARCH_TIMEOUT_NO_UI,대구 소브커피,,,,,,,,,,,,,,,,,0,0
saltbread,daegu,대구 명덕역 소금빵,카페다온,대구광역시 중구 명륜로23길 28 1층,대구광역시 중구 봉산동 230-79 1층,,http://카페다온.shop/,"음식점>카페,디저트",1285959221,358612582,128.5959628,35.861295,,,SEARCH_TIMEOUT_NO_UI,대구 카페다온,,,,,,,,,,,,,,,,,0,0
saltbread,daegu,대구 경대병원역 소금빵,마들렌베이커리 대봉점,대구광역시 중구 대봉로 255 1층 101호,대구광역시 중구 봉산동 185-30 1층 101호,,https://blog.naver.com/madeleinebakery,"카페,디저트>베이커리",1286002739,358612737,128.6001666,35.8613607,,1208333948.0,SID_OK_AUTO_DETAIL,대구 마들렌베이커리 대봉점,OK,053-753-2528,OK,"[""마들렌베이커리 대봉점은 특별한 빵 메뉴가 가득한 베이커리카페입니다."", ""소금빵, 사라다샌드위치, 바질크런치 등을 비롯해 다양한 디저트를 즐길 수 있습니다."", ""매장 안쪽에는 넉넉한 좌석이 마련되어 있고, 시식용 빵도 제공되어 메뉴 선택이 용이합니다."", ""바질향과 바게트 샌드위치의 조화로운 바질크런치는 특히 인기 메뉴입니다.""]",OK,bkeel_count=4,890,"[{""keyword"": ""빵이 맛있어요"", ""count"": 251}, {""keyword"": ""친절해요"", ""count"": 82}, {""keyword"": ""커피가 맛있어요"", ""count"": 58}, {""keyword"": ""특별한 메뉴가 있어요"", ""count"": 48}, {""keyword"": ""매장이 청결해요"", ""count"": 39}]",OK,keyword_count=5 total=890,https://search.pstatic.net/common/?autoRotate=true&type=w560_sharpen&src=https%3A%2F%2Fldb-phinf.pstatic.net%2F20260205_152%2F1770267483536RWilr_JPEG%2F%25BD%25BA%25B8%25B6%25C6%25AE%25C7%25C3%25B7%25B9%25C0%25CC%25BD%25BA_%25C7%25C1%25B7%25CE%25C7%25CA_%25BB%25E7%25C1%25F8_%25B5%25EE%25B7%25CF_260205.jpg,OK,"hit=a#_autoPlayable img
src_len=306","수 09:00 - 22:30 | 목 09:00 - 22:30 | 금 09:00 - 22:30 | 토 09:00 - 22:30 | 일 09:00 - 22:30 | 월 09:00 - 22:30 | 화(2/17) 설날 휴무 | - 설, 추석 명절 당일만 휴무입니다.",OK,"hit=hours_toggle
aria_before=false
aria_after=true
w9QyJ_count=10
detail_lines=8",0,0
saltbread,daegu,대구 범어역 소금빵,모리베이커리,대구광역시 수성구 상록로11길 93 1층,대구광역시 수성구 범어동 481-9 1층,,http://instagram.com/moribakery_daegu,"음식점>카페,디저트",1286231450,358618379,128.6231967,35.8618432,,1641164964.0,SID_OK_AUTO_DETAIL,대구 모리베이커리,OK,053-636-4674,OK,"[""모리베이커리는 범어동에 위치한 생식빵 전문 카페로, 부드러운 식빵과 버터롤이 인기 메뉴입니다."", ""일반 프랜차이즈 식빵보다 품질이 뛰어나며, 허니버터토스트도 추천 메뉴입니다."", ""심플한 인테리어에 야외 테이블이 있어 날씨 좋을 때는 야외 취식이 가능합니다."", ""주차는 매장 옆쪽에 바짝 붙여 주차할 수 있습니다.""]",OK,bkeel_count=4,430,"[{""keyword"": ""디저트가 맛있어요"", ""count"": 121}, {""keyword"": ""특별한 메뉴가 있어요"", ""count"": 79}, {""keyword"": ""친절해요"", ""count"": 66}, {""keyword"": ""매장이 청결해요"", ""count"": 61}, {""keyword"": ""커피가 맛있어요"", ""count"": 48}]",OK,keyword_count=5 total=430,https://search.pstatic.net/common/?autoRotate=true&type=w560_sharpen&src=https%3A%2F%2Fldb-phinf.pstatic.net%2F20241205_211%2F1733382982134JT5dl_JPEG%2F9E103242-2AED-4A43-AEEE-722F8525E4F5.jpeg,OK,"hit=a#_autoPlayable img
src_len=193",수 10:00 - 19:30 | 목 10:00 - 19:30 | 금 10:00 - 19:30 | 토 10:00 - 19:30 | 일 정기휴무 (매주 일요일) | 월 10:00 - 19:30 | 화 10:00 - 19:30,OK,"hit=hours_toggle
aria_before=false
aria_after=true
w9QyJ_count=8
detail_lines=7",0,0
saltbread,daegu,대구 율하 소금빵,소금빵앗간 대구율하점,대구광역시 동구 율하서로 90,대구광역시 동구 율하동 1371,,https://100원커피이벤트-선착순주문하기.com,"음식점>카페,디저트",1286888688,358618213,128.6888432,35.8619042,,1337495046.0,SID_OK_AUTO_DETAIL,대구 소금빵앗간 대구율하점,OK,0503-5260-9295,OK,"[""소금빵앗간 대구율하점은 대구의 빵지순례 명소로 손꼽히는 곳입니다."", ""겉바속촉의 식감과 고소한 풍미가 특징인 소금빵은 오리지널부터 골드치즈, 초콜릿, 갈릭버터 등 다양한 맛으로 구성되어 있어 선택의 즐거움을 줍니다."", ""특히 고구마무스가 들어간 찐고구마소금빵과 단짠 조합의 골드치즈소금빵은 많은 사랑을 받고 있습니다.""]",OK,bkeel_count=3,328,"[{""keyword"": ""디저트가 맛있어요"", ""count"": 237}, {""keyword"": ""특별한 메뉴가 있어요"", ""count"": 149}, {""keyword"": ""친절해요"", ""count"": 128}, {""keyword"": ""종류가 다양해요"", ""count"": 109}, {""keyword"": ""매장이 청결해요"", ""count"": 84}]",OK,keyword_count=5 total=328,https://search.pstatic.net/common/?autoRotate=true&type=w560_sharpen&src=https%3A%2F%2Fldb-phinf.pstatic.net%2F20231028_67%2F1698422742299VDirw_JPEG%2F1000029670.jpg,OK,"hit=a#_autoPlayable img
src_len=165",수 11:00 - 18:00 17:50 라스트오더 | 목 11:00 - 18:00 17:50 라스트오더 | 금 11:00 - 18:00 17:50 라스트오더 | 토 11:00 - 18:00 17:50 라스트오더 | 일 11:00 - 18:00 17:50 라스트오더 | 월 11:00 - 18:00 17:50 라스트오더 | 화(2/17) 설날 휴무 | - 매일 아침 직접 반죽하고 소량씩 정성껏 구워냅니다,OK,"hit=hours_toggle
aria_before=false
aria_after=true
w9QyJ_count=10
detail_lines=8",0,0
saltbread,daegu,대구 명덕 소금빵,명덕빵앗간 범어점,대구광역시 수성구 상록로2길 66 1층,대구광역시 수성구 범어동 32-6 1층,,https://www.instagram.com/md_bbang,"음식점>카페,디저트>베이커리",1286254767,358624530,128.6254767,35.862453,,1313836635.0,SID_OK_AUTO_DETAIL,대구 명덕빵앗간 범어점,OK,,PHONE_NOT_FOUND,[],AI_BRIEFING_NOT_FOUND,,33,"[{""keyword"": ""빵이 맛있어요"", ""count"": 28}, {""keyword"": ""커피가 맛있어요"", ""count"": 21}, {""keyword"": ""인테리어가 멋져요"", ""count"": 18}, {""keyword"": ""친절해요"", ""count"": 14}, {""keyword"": ""가성비가 좋아요"", ""count"": 10}]",OK,keyword_count=5 total=33,https://search.pstatic.net/common/?autoRotate=true&type=w560_sharpen&src=https%3A%2F%2Fldb-phinf.pstatic.net%2F20250802_14%2F1754125822137XAN85_JPEG%2FIMG_3171.jpg,OK,"hit=a#_autoPlayable img
src_len=163",수 09:30 - 20:00 | 목 09:30 - 20:00 | 금 09:30 - 20:00 | 토 09:30 - 20:00 | 일 정기휴무 (매주 일요일) | 월(2/16) 휴무 | 화(2/17) 휴무 | 02/16-02/18 휴무 | - 설연휴 매장 휴무입니다,OK,"hit=hours_toggle
aria_before=false
aria_after=true
w9QyJ_count=10
detail_lines=9",0,0
saltbread,daegu,대구 경대병원역 소금빵,신화빵집,대구광역시 중구 동덕로 91 1층 신화빵집,대구광역시 중구 대봉동 23-7 1층 신화빵집,,http://instagram.com/shinhwa__bread,"카페,디저트>베이커리",1286026253,358627276,128.6026067,35.8626548,,,SEARCH_TIMEOUT_NO_UI,대구 신화빵집,,,,,,,,,,,,,,,,,0,0
saltbread,daegu,대구 율하 소금빵 베이커리,무라베이커리,대구광역시 동구 안심로22길 60-1 110호 무라베이커리,대구광역시 동구 율하동 1431 110호 무라베이커리,,https://murabakery.dothome.co.kr/,"카페,디저트>베이커리",1286982705,358626626,128.6982705,35.8626626,,1271242602.0,SID_OK_AUTO_DETAIL,대구 무라베이커리,OK,0507-1389-5878,OK,"[""무라베이커리는 율하동에 위치한 아담한 베이커리로, 키티슈와 같은 귀여운 빵부터 폭탄피자, 쌀소금빵까지 다양한 메뉴를 제공합니다."", ""오픈 주방에서 깔끔하게 빵을 만드는 과정을 볼 수 있으며, 음료 메뉴도 다양해 빵과 함께 즐기기 좋습니다."", ""주차는 인근 공영주차장을 이용할 수 있으며, 단체 주문도 가능합니다.""]",OK,bkeel_count=3,73,"[{""keyword"": ""빵이 맛있어요"", ""count"": 67}, {""keyword"": ""특별한 메뉴가 있어요"", ""count"": 35}, {""keyword"": ""친절해요"", ""count"": 34}, {""keyword"": ""가성비가 좋아요"", ""count"": 29}, {""keyword"": ""매장이 청결해요"", ""count"": 20}]",OK,keyword_count=5 total=73,https://search.pstatic.net/common/?autoRotate=true&type=w560_sharpen&src=https%3A%2F%2Fldb-phinf.pstatic.net%2F20260130_163%2F1769782150104qEn6C_JPEG%2FIMG_8670.jpeg,OK,"hit=a#_autoPlayable img
src_len=165",수 08:00 - 19:00 18:30 라스트오더 | 목 08:00 - 19:00 18:30 라스트오더 | 금 08:00 - 19:00 18:30 라스트오더 | 토 08:00 - 19:00 18:30 라스트오더 | 일 정기휴무 (매주 일요일) | 월(2/16) 설날 연휴 휴무 | 화(2/17) 설날 휴무 | 02/16-02/18 설날 연휴 휴무,OK,"hit=hours_toggle
aria_before=false
aria_after=true
w9QyJ_count=9
detail_lines=8",0,0
saltbread,daegu,대구 내당 소금빵,하프베이크,대구광역시 서구 달구벌대로375길 23-1 1층,대구광역시 서구 내당동 886-8 1층,,,"음식점>카페,디저트",1285706680,358629661,128.5706227,35.8630101,,1486285390.0,SID_OK_AUTO_DETAIL,대구 하프베이크,OK,0507-1320-5029,OK,"[""하프베이크는 쌀가루로 만든 특별한 디저트 카페입니다."", ""키티휘낭시에와 군고구마 휘낭시에, 야끼소바소금빵 등 다양한 메뉴가 있으며, 모든 시럽과 청은 수제로 만들어 건강하고 맛있는 음료와 디저트를 제공합니다."", ""아늑한 분위기와 넓은 테이블 간격으로 대화하기 좋은 공간이며, 포토존도 마련되어 있어 사진 찍기에도 좋습니다.""]",OK,bkeel_count=3,523,"[{""keyword"": ""디저트가 맛있어요"", ""count"": 308}, {""keyword"": ""커피가 맛있어요"", ""count"": 288}, {""keyword"": ""친절해요"", ""count"": 193}, {""keyword"": ""음료가 맛있어요"", ""count"": 168}, {""keyword"": ""인테리어가 멋져요"", ""count"": 163}]",OK,keyword_count=5 total=523,https://search.pstatic.net/common/?autoRotate=true&type=w560_sharpen&src=https%3A%2F%2Fldb-phinf.pstatic.net%2F20251201_134%2F1764516848437LYshb_JPEG%2FIMG_0002.jpeg,OK,"hit=a#_autoPlayable img
src_len=165",수(2/11) 휴무 | 목(2/12) 휴무 | 금(2/13) 휴무 | 토(2/14) 휴무 | 일(2/15) 휴무 | 월(2/16) 휴무 | 화(2/17) 휴무,OK,"hit=hours_toggle
aria_before=false
aria_after=true
w9QyJ_count=8
detail_lines=7",0,0
saltbread,daegu,대구 율하 소금빵,율하양과점,대구광역시 동구 안심로16길 47,대구광역시 동구 율하동 1445,,,"음식점>카페,디저트",1286937409,358632576,128.6937409,35.8632576,,1963309310.0,SID_OK_AUTO_DETAIL,대구 율하양과점,OK,,PHONE_NOT_FOUND,[],AI_BRIEFING_NOT_FOUND,,247,"[{""keyword"": ""디저트가 맛있어요"", ""count"": 231}, {""keyword"": ""커피가 맛있어요"", ""count"": 93}, {""keyword"": ""친절해요"", ""count"": 90}, {""keyword"": ""특별한 메뉴가 있어요"", ""count"": 70}, {""keyword"": ""인테리어가 멋져요"", ""count"": 54}]",OK,keyword_count=5 total=247,https://search.pstatic.net/common/?autoRotate=true&type=w560_sharpen&src=https%3A%2F%2Fldb-phinf.pstatic.net%2F20230426_88%2F1682485816059h3wWq_JPEG%2F20230426_095503.jpg,OK,"hit=a#_autoPlayable img
src_len=170",수 09:00 - 20:00 | 목 09:00 - 20:00 | 금 09:00 - 20:00 | 토 09:00 - 20:00 | 일 09:00 - 20:00 | 월 정기휴무 (매주 월요일) | 화 09:00 - 20:00,OK,"hit=hours_toggle
aria_before=false
aria_after=true
w9QyJ_count=8
detail_lines=7",0,0
saltbread,daegu,대구 율하 소금빵,사운즈베이커리 율하,"대구광역시 동구 안심로16길 47 타임스퀘어 1층 147호, 148호","대구광역시 동구 율하동 1445 타임스퀘어 1층 147호, 148호",,https://smartstore.naver.com/soundscoffee,"카페,디저트>베이커리",1286932759,358629464,128.6937409,35.8632576,,1772469704.0,SID_OK_AUTO_DETAIL,대구 사운즈베이커리 율하,OK,,PHONE_NOT_FOUND,"[""사운즈베이커리 율하는 넓은 매장과 편안한 소파 좌석으로 가족이나 단체 방문에 적합한 카페입니다."", ""양송이 스프와 바게트, 후레쉬 샌드위치 등 브런치 메뉴가 인기이며, 핸드드립 커피를 포함한 다양한 음료 메뉴도 제공합니다."", ""아기의자와 넓은 테이블 간격으로 아이 동반 가족에게 특히 추천됩니다."", ""주차는 타임스퀘어 건물 주차장을 2시간 무료로 이용할 수 있습니다.""]",OK,bkeel_count=4,998,"[{""keyword"": ""커피가 맛있어요"", ""count"": 739}, {""keyword"": ""빵이 맛있어요"", ""count"": 661}, {""keyword"": ""친절해요"", ""count"": 408}, {""keyword"": ""특별한 메뉴가 있어요"", ""count"": 253}, {""keyword"": ""음료가 맛있어요"", ""count"": 230}]",OK,keyword_count=5 total=998,https://search.pstatic.net/common/?autoRotate=true&type=w560_sharpen&src=https%3A%2F%2Fldb-phinf.pstatic.net%2F20220822_75%2F1661172164161aVBAw_JPEG%2F4A440441-F4DA-4E6E-B8AB-E314F2895E8B.jpeg,OK,"hit=a#_autoPlayable img
src_len=192",매일 08:00 - 22:00 21:00 라스트오더 | - 추석/설날 당일만 12PM 오픈합니다.,OK,"hit=hours_toggle
aria_before=false
aria_after=true
w9QyJ_count=3
detail_lines=2",0,0
saltbread,daegu,대구 남산 소금빵,씨티씨커피 남산본점,대구광역시 중구 명륜로12길 67 1층,대구광역시 중구 남산동 230-7 1층,,https://forms.gle/rmTXqBLwcVEfChwz5,"음식점>카페,디저트",1285867582,358633156,128.5867581,35.8633156,,1304297510.0,SID_OK_AUTO_DETAIL,대구 씨티씨커피 남산본점,OK,0507-1447-7865,OK,[],AI_BRIEFING_NOT_FOUND,,1,"[{""keyword"": ""디저트가 맛있어요"", ""count"": 1247}, {""keyword"": ""커피가 맛있어요"", ""count"": 983}, {""keyword"": ""인테리어가 멋져요"", ""count"": 442}, {""keyword"": ""음료가 맛있어요"", ""count"": 432}, {""keyword"": ""특별한 메뉴가 있어요"", ""count"": 359}]",OK,keyword_count=5 total=1,https://search.pstatic.net/common/?autoRotate=true&type=w560_sharpen&src=https%3A%2F%2Fldb-phinf.pstatic.net%2F20241230_82%2F1735564341178YmxSX_JPEG%2F1000015077.jpg,OK,"hit=a#_autoPlayable img
src_len=165",수 10:00 - 22:00 | 목 정기휴무 (매주 목요일) | 금 10:00 - 22:00 | 토 11:00 - 21:00 | 일 11:00 - 21:00 | 월(2/16) 설날 연휴11:00 - 21:00 | 화(2/17) 12:00 - 21:00,OK,"hit=hours_toggle
aria_before=false
aria_after=true
w9QyJ_count=8
detail_lines=7",0,0
saltbread,daegu,대구 남산 소금빵,마들렌베이커리 반월당점,대구광역시 중구 중앙대로67길 10 마들렌베이커리 반월당점,대구광역시 중구 남산동 665 마들렌베이커리 반월당점,,https://blog.naver.com/madeleinebakery,"카페,디저트>베이커리",1285929219,358632119,128.5925372,35.8636553,,1219095996.0,SID_OK_AUTO_DETAIL,대구 마들렌베이커리 반월당점,OK,053-256-7737,OK,"[""마들렌베이커리 반월당점은 다양한 빵 종류와 시식 서비스가 특징인 베이커리입니다."", ""통밀식빵, 공주밤빵, 군고구마빵 등 메뉴를 매장 내 취식 공간에서 편안하게 즐길 수 있습니다."", ""사장님의 친절한 응대와 푸짐한 시식, 넓은 주차장이 장점이며, 대구 방문 시 꼭 들러야 할 빵집으로 추천됩니다.""]",OK,bkeel_count=3,631,"[{""keyword"": ""빵이 맛있어요"", ""count"": 480}, {""keyword"": ""친절해요"", ""count"": 210}, {""keyword"": ""특별한 메뉴가 있어요"", ""count"": 121}, {""keyword"": ""매장이 청결해요"", ""count"": 113}, {""keyword"": ""커피가 맛있어요"", ""count"": 90}]",OK,keyword_count=5 total=631,https://search.pstatic.net/common/?autoRotate=true&type=w560_sharpen&src=https%3A%2F%2Fldb-phinf.pstatic.net%2F20260205_64%2F1770267494206OVXqr_JPEG%2F%25BD%25BA%25B8%25B6%25C6%25AE%25C7%25C3%25B7%25B9%25C0%25CC%25BD%25BA_%25C7%25C1%25B7%25CE%25C7%25CA_%25BB%25E7%25C1%25F8_%25B5%25EE%25B7%25CF_260205.jpg,OK,"hit=a#_autoPlayable img
src_len=305",수 09:00 - 22:30 | 목 09:00 - 22:30 | 금 09:00 - 22:30 | 토 09:00 - 22:30 | 일 09:00 - 22:30 | 월 09:00 - 22:30 | 화(2/17) 설날 휴무,OK,"hit=hours_toggle
aria_before=false
aria_after=true
w9QyJ_count=9
detail_lines=7",0,0
saltbread,daegu,대구 신천역 소금빵,사운즈커피프리미어점,대구광역시 수성구 들안로73길 50-10 1층 사운즈프리미어,대구광역시 수성구 수성동4가 1119-18 1층 사운즈프리미어,,https://smartstore.naver.com/soundscoffee,"카페,디저트>베이커리",1286156594,358643944,128.6156708,35.8643509,,1032515993.0,SID_OK_AUTO_DETAIL,대구 사운즈커피프리미어점,OK,0507-1458-5625,OK,"[""사운즈커피프리미어점은 층고가 높고 테이블 간격이 넓어 쾌적한 공간입니다."", ""다양한 커피 메뉴와 함께 고메버터 바질샌드위치, 후레쉬 샌드위치 등 신선한 브런치 메뉴를 제공합니다."", ""특히 아이스크림라떼와 사운즈라떼는 인기 메뉴로, 커피와 베이커리의 조화가 좋습니다."", ""단체석과 주차 공간이 마련되어 있어 가족이나 친구들과 함께 방문하기 좋은 카페입니다.""]",OK,bkeel_count=4,1,"[{""keyword"": ""커피가 맛있어요"", ""count"": 703}, {""keyword"": ""빵이 맛있어요"", ""count"": 517}, {""keyword"": ""친절해요"", ""count"": 304}, {""keyword"": ""인테리어가 멋져요"", ""count"": 181}, {""keyword"": ""매장이 청결해요"", ""count"": 172}]",OK,keyword_count=5 total=1,https://search.pstatic.net/common/?autoRotate=true&type=w560_sharpen&src=https%3A%2F%2Fldb-phinf.pstatic.net%2F20241125_172%2F1732495241475KPhU9_JPEG%2F20241124_%25BB%25E7%25BF%25EE%25C1%25EE%25C4%25BF%25C7%25C7_%25C7%25C1%25B8%25AE%25B9%25CC%25BE%25EE-%25C7%25C3-01.jpg,OK,"hit=a#_autoPlayable img
src_len=270",수 08:00 - 21:40 21:00 라스트오더 | 목 08:00 - 21:40 21:00 라스트오더 | 금 08:00 - 21:40 21:00 라스트오더 | 토 08:00 - 21:40 21:00 라스트오더 | 일 08:00 - 21:40 21:00 라스트오더 | 월(2/16) 설날 연휴08:00 - 21:40 | 화(2/17) 12:00 - 21:40,OK,"hit=hours_toggle
aria_before=false
aria_after=true
w9QyJ_count=8
detail_lines=7",0,0
saltbread,daegu,대구 남산 소금빵,소울트 베이커리 스탠드 반월당,대구광역시 중구 달구벌대로414길 33 1층 소울트 베이커리 스탠드 반월당,대구광역시 중구 남산동 570-3 1층 소울트 베이커리 스탠드 반월당,,https://smartstore.naver.com/hiyakid,"카페,디저트>베이커리",1285895625,358644896,128.5896049,35.8645064,,1238348366.0,SID_OK_AUTO_DETAIL,대구 소울트 베이커리 스탠드 반월당,OK,0507-1324-5757,OK,"[""소울트 베이커리 스탠드 반월당은 건강한 쌀 베이커리와 커피를 즐길 수 있는 아늑한 공간입니다."", ""소금빵과 치아바타, 밤식빵 등 다양한 메뉴와 함께 디카페인 커피 옵션도 제공됩니다."", ""매장 내부는 우드톤 인테리어와 단체석, 바테이블 등 편안한 좌석 구성으로 누구나 부담 없이 방문하기 좋습니다.""]",OK,bkeel_count=3,1,"[{""keyword"": ""빵이 맛있어요"", ""count"": 1045}, {""keyword"": ""커피가 맛있어요"", ""count"": 440}, {""keyword"": ""특별한 메뉴가 있어요"", ""count"": 386}, {""keyword"": ""인테리어가 멋져요"", ""count"": 385}, {""keyword"": ""친절해요"", ""count"": 350}]",OK,keyword_count=5 total=1,https://search.pstatic.net/common/?autoRotate=true&type=w560_sharpen&src=https%3A%2F%2Fldb-phinf.pstatic.net%2F20250922_203%2F1758516732563PWpXh_JPEG%2F20241001_122446.jpeg,OK,"hit=a#_autoPlayable img
src_len=172","수 08:00 - 18:30 18:15 라스트오더 | 목 08:00 - 18:30 18:15 라스트오더 | 금 08:00 - 18:30 18:15 라스트오더 | 토 08:00 - 19:30 19:15 라스트오더 | 일 12:00 - 18:00 17:45 라스트오더 | 월 08:00 - 18:30 18:15 라스트오더 | 화(2/17) 설날 휴무 | - *추석연휴: 10/6-휴무, 10/7-12시~6시 영업",OK,"hit=hours_toggle
aria_before=false
aria_after=true
w9QyJ_count=10
detail_lines=8",0,0
saltbread,daegu,대구 대봉교역 소금빵,베이크드인스테인,대구광역시 중구 달구벌대로445길 41,대구광역시 중구 삼덕동3가 260-2,,,"음식점>카페,디저트",1286066425,358645160,128.606582,35.8645145,,560294666.0,SID_OK_AUTO_DETAIL,대구 베이크드인스테인,OK,,PHONE_NOT_FOUND,[],AI_BRIEFING_NOT_FOUND,,,[],VISITOR_REVIEW_SECTION_NOT_FOUND,,,HERO_IMG_NOT_FOUND,,,HOURS_NOT_FOUND,,0,0
saltbread,daegu,대구 내당역 소금빵 베이커리,까레몽,대구광역시 서구 서대구로 77 평리청구타운상가,대구광역시 서구 평리동 1408 평리청구타운상가,,https://www.instagram.com/bakery_carremont,"카페,디저트>베이커리",1285557619,358644070,128.5551516,35.864559,,12965606.0,SID_OK_AUTO_DETAIL,대구 까레몽,OK,053-565-0107,OK,"[""까레몽은 다양한 빵과 케이크를 제공하는 베이커리로, 건강빵부터 깜빠뉴, 소금빵까지 종류가 풍부합니다."", ""특히 생딸기케이크는 신선한 딸기가 촘촘히 들어가며, 생크림이 부드럽고 달콤해 인기가 높습니다."", ""매장 내부는 아기자기한 인테리어와 은은한 조명으로 편안한 분위기를 자아냅니다."", ""또한, 베이킹 클래스와 취식 공간이 마련되어 있어 체험도 가능합니다.""]",OK,bkeel_count=4,578,"[{""keyword"": ""빵이 맛있어요"", ""count"": 407}, {""keyword"": ""친절해요"", ""count"": 181}, {""keyword"": ""특별한 메뉴가 있어요"", ""count"": 156}, {""keyword"": ""가성비가 좋아요"", ""count"": 126}, {""keyword"": ""매장이 청결해요"", ""count"": 115}]",OK,keyword_count=5 total=578,https://search.pstatic.net/common/?autoRotate=true&type=w560_sharpen&src=https%3A%2F%2Fldb-phinf.pstatic.net%2F20250305_124%2F1741164275108DVQov_JPEG%2FIMG_1885.jpeg,OK,"hit=a#_autoPlayable img
src_len=165",수 08:30 - 21:30 | 목 08:30 - 21:30 | 금 08:30 - 21:30 | 토 08:30 - 21:30 | 일 정기휴무 (매주 일요일) | 월 08:30 - 21:30 | 화(2/17) 설날 휴무,OK,"hit=hours_toggle
aria_before=false
aria_after=true
w9QyJ_count=9
detail_lines=7",0,0
saltbread,daegu,대구 동촌역 소금빵,무화커피,대구광역시 수성구 국채보상로186길 81 2층 무화커피,대구광역시 수성구 범어동 136-9 2층 무화커피,,https://smartstore.naver.com/muhwacoffee,"음식점>카페,디저트",1286342307,358647297,128.6342414,35.8647151,,1307155544.0,SID_OK_AUTO_DETAIL,대구 무화커피,OK,0507-1437-9188,OK,"[""무화커피는 핸드드립 커피와 디저트가 맛있는 범어동 카페입니다."", ""2~3층 넓은 공간에 다양한 좌석과 단체석이 마련되어 있어 가족이나 친구들과 함께 방문하기 좋습니다."", ""크로플 아이스크림과 케이크 등 디저트 메뉴도 인기 있으며, 주차장이 구비되어 있어 차량 이용 시 편리합니다."", ""특히 루프탑에서 바라보는 전망이 좋아 낮과 밤 모두 방문하기 좋은 곳입니다.""]",OK,bkeel_count=4,2,"[{""keyword"": ""커피가 맛있어요"", ""count"": 1313}, {""keyword"": ""디저트가 맛있어요"", ""count"": 838}, {""keyword"": ""인테리어가 멋져요"", ""count"": 742}, {""keyword"": ""뷰가 좋아요"", ""count"": 739}, {""keyword"": ""음료가 맛있어요"", ""count"": 492}]",OK,keyword_count=5 total=2,https://search.pstatic.net/common/?autoRotate=true&type=w560_sharpen&src=https%3A%2F%2Fldb-phinf.pstatic.net%2F20200910_61%2F1599720895720loSlI_JPEG%2FnDPRPe_WSbQ2088DZDtgIXrp.jpg,OK,"hit=a#_autoPlayable img
src_len=179",수 10:30 - 24:00 22:30 라스트오더 | 목 10:30 - 24:00 22:30 라스트오더 | 금 10:30 - 24:00 22:30 라스트오더 | 토 10:30 - 24:00 22:30 라스트오더 | 일 10:30 - 24:00 22:30 라스트오더 | 월 10:30 - 24:00 22:30 라스트오더 | 화(2/17) 설날 휴무,OK,"hit=hours_toggle
aria_before=false
aria_after=true
w9QyJ_count=9
detail_lines=7",0,0
saltbread,daegu,대구 청라언덕 소금빵,칼리프,대구광역시 중구 달구벌대로 1991-1 1층,대구광역시 중구 대신동 926 1층,,https://blog.naver.com/tithunus,"카페,디저트>베이커리",1285816604,358650829,128.581662,35.8650795,,1251965987.0,SID_OK_AUTO_DETAIL,대구 칼리프,OK,0507-1470-0622,OK,"[""칼리프는 대구 서문시장 근처에 위치한 베이커리 카페로, 직접 구운 통밀샤워도우와 포카치아가 인기 메뉴입니다."", ""잠봉뵈르 샌드위치와 함께 신선한 빵과 다양한 음료를 즐기며 브런치를 하기 좋은 곳입니다."", ""매장은 우드톤 인테리어와 따뜻한 조명으로 아늑한 분위기를 자아내며, 야외 테이블과 루프탑에서 여유로운 시간을 보낼 수 있습니다.""]",OK,bkeel_count=3,223,"[{""keyword"": ""빵이 맛있어요"", ""count"": 199}, {""keyword"": ""커피가 맛있어요"", ""count"": 113}, {""keyword"": ""특별한 메뉴가 있어요"", ""count"": 78}, {""keyword"": ""친절해요"", ""count"": 67}, {""keyword"": ""건강한 맛이에요"", ""count"": 46}]",OK,keyword_count=5 total=223,https://search.pstatic.net/common/?autoRotate=true&type=w560_sharpen&src=https%3A%2F%2Fldb-phinf.pstatic.net%2F20251224_204%2F1766558363605Wp9ee_JPEG%2FKakaoTalk_Photo_2025-12-24-15-37-51_002.jpeg,OK,"hit=a#_autoPlayable img
src_len=196",수 10:00 - 18:00 17:30 라스트오더 | 목 10:00 - 18:00 17:30 라스트오더 | 금 10:00 - 18:00 17:30 라스트오더 | 토 정기휴무 (매주 토요일) | 일 정기휴무 (매주 일요일) | 월(2/16) 설날 연휴 휴무 | 화(2/17) 설날 휴무,OK,"hit=hours_toggle
aria_before=false
aria_after=true
w9QyJ_count=9
detail_lines=7",0,0
saltbread,daegu,대구 남산 소금빵,더남산커피앤디저트,대구광역시 중구 달구벌대로414길 20 더남산커피앤디저트,대구광역시 중구 남산동 437 더남산커피앤디저트,,https://www.instagram.com/the_namsan,"음식점>카페,디저트",1285896263,358651971,128.5894198,35.8651825,,1263759116.0,SID_OK_AUTO_DETAIL,대구 더남산커피앤디저트,OK,0507-1358-1022,OK,"[""더남산커피앤디저트는 넓은 공간과 쾌적한 분위기의 대구 카페로, 아인슈페너와 프렌치 토스트가 특히 맛있습니다."", ""다양한 베이커리 메뉴와 함께 단체석과 편안한 소파 좌석이 마련되어 있어 모임하기에도 적합합니다."", ""예스24 서점과 연결되어 있어 독서와 휴식을 동시에 즐기기 좋은 장소입니다.""]",OK,bkeel_count=3,751,"[{""keyword"": ""커피가 맛있어요"", ""count"": 471}, {""keyword"": ""디저트가 맛있어요"", ""count"": 333}, {""keyword"": ""대화하기 좋아요"", ""count"": 195}, {""keyword"": ""인테리어가 멋져요"", ""count"": 185}, {""keyword"": ""음료가 맛있어요"", ""count"": 183}]",OK,keyword_count=5 total=751,https://search.pstatic.net/common/?autoRotate=true&type=w560_sharpen&src=https%3A%2F%2Fldb-phinf.pstatic.net%2F20230902_194%2F1693635138137QVfWh_JPEG%2F230720_%25B4%25F5_%25B3%25B2%25BB%25EA_%25B7%25CE%25B0%25ED__%25C2%25FC%25B0%25ED_%25C0%25CC%25B9%25CC%25C1%25F6_%25281%2529_230831_161314_3.jpg,OK,"hit=a#_autoPlayable img
src_len=296",매일 10:00 - 22:00 21:30 라스트오더,OK,"hit=hours_toggle
aria_before=false
aria_after=true
w9QyJ_count=2
detail_lines=1",0,0
saltbread,daegu,대구 각산역 소금빵,엠엠지,대구광역시 동구 동호로3길 1 1층,대구광역시 동구 동호동 367-8 1층,,,"음식점>카페,디저트",1287235295,358659542,128.723484,35.865889,,1469147552.0,SID_OK_AUTO_DETAIL,대구 엠엠지,OK,0502-1931-3215,OK,[],AI_BRIEFING_NOT_FOUND,,98,"[{""keyword"": ""커피가 맛있어요"", ""count"": 78}, {""keyword"": ""인테리어가 멋져요"", ""count"": 55}, {""keyword"": ""친절해요"", ""count"": 44}, {""keyword"": ""매장이 청결해요"", ""count"": 37}, {""keyword"": ""음료가 맛있어요"", ""count"": 33}]",OK,keyword_count=5 total=98,https://search.pstatic.net/common/?autoRotate=true&type=w560_sharpen&src=https%3A%2F%2Fldb-phinf.pstatic.net%2F20230503_271%2F1683101666977LtH55_JPEG%2FD704FEA4-070D-4C16-90C0-776DEFB85896.jpeg,OK,"hit=a#_autoPlayable img
src_len=193",수 11:30 - 22:00 21:30 라스트오더 | 목 11:30 - 22:00 21:30 라스트오더 | 금 11:30 - 22:00 21:30 라스트오더 | 토(2/14) 12:00 - 22:00 | 일 정기휴무 (매주 일요일) | 월(2/16) 설날 연휴 휴무 | 화(2/17) 설날 휴무,OK,"hit=hours_toggle
aria_before=false
aria_after=true
w9QyJ_count=9
detail_lines=7",0,0
saltbread,daegu,대구 교동 소금빵,빵관심,"대구광역시 중구 동성로1길 45 1층, 2층 전체","대구광역시 중구 봉산동 34-3 1층, 2층 전체",,,"카페,디저트>베이커리",1285960101,358660668,128.5960101,35.8660668,,36628316.0,SID_OK_AUTO_DETAIL,대구 빵관심,OK,053-255-5789,OK,"[""빵관심은 대구 동성로에 위치한 베이커리 카페로, 인기 메뉴인 갈릭소금빵, 마늘바게트, 시로모찌, 딸기큐브, 앙버터프레즐 등 다양한 빵을 제공합니다."", ""1층은 베이커리 매장으로 다양한 빵이 진열되어 있고, 2층은 넓고 쾌적한 카페 공간으로 단체 모임부터 혼자 방문하기까지 다양한 좌석 구성이 특징입니다.""]",OK,bkeel_count=2,5,"[{""keyword"": ""빵이 맛있어요"", ""count"": 3329}, {""keyword"": ""특별한 메뉴가 있어요"", ""count"": 1004}, {""keyword"": ""친절해요"", ""count"": 738}, {""keyword"": ""매장이 청결해요"", ""count"": 457}, {""keyword"": ""커피가 맛있어요"", ""count"": 299}]",OK,keyword_count=5 total=5,https://search.pstatic.net/common/?autoRotate=true&type=w560_sharpen&src=https%3A%2F%2Fvideo-phinf.pstatic.net%2F20260121_83%2F1768954721082PURkl_JPEG%2FerfPZBqJWa_09.jpg,OK,"hit=a#_autoPlayable img
src_len=170",매일 09:00 - 22:00,OK,"hit=hours_toggle
aria_before=false
aria_after=true
w9QyJ_count=2
detail_lines=1",0,0
saltbread,daegu,대구 문양역 소금빵,마스가토,대구광역시 달성군 다사읍 다사로 71,대구광역시 달성군 다사읍 매곡리 1582,,https://www.instagram.com/mas.gateau,"음식점>카페,디저트",1284580949,358655764,128.4581383,35.8662855,,1183731804.0,SID_OK_AUTO_DETAIL,대구 마스가토,OK,0507-1395-9980,OK,"[""마스가토는 다사역 1번 출구 근처의 소금빵 전문점으로, 우유크림이 가득 든 소금빵과 다양한 휘낭시에가 인기 메뉴입니다."", ""휘낭시에는 말차, 초코, 솔티드카라멜 등 다양한 맛으로 제공되며, 각각의 독특한 풍미가 뛰어납니다."", ""카페라떼도 고소하고 맛있다는 평가를 받고 있습니다."", ""포장 및 배달 서비스도 제공하며, 친절한 사장님 덕분에 재방문율이 높습니다.""]",OK,bkeel_count=4,136,"[{""keyword"": ""디저트가 맛있어요"", ""count"": 113}, {""keyword"": ""친절해요"", ""count"": 58}, {""keyword"": ""빵이 맛있어요"", ""count"": 39}, {""keyword"": ""커피가 맛있어요"", ""count"": 37}, {""keyword"": ""매장이 청결해요"", ""count"": 33}]",OK,keyword_count=5 total=136,https://search.pstatic.net/common/?autoRotate=true&type=w560_sharpen&src=https%3A%2F%2Fldb-phinf.pstatic.net%2F20230316_231%2F1678969872225f2tef_JPEG%2F1FA5B672-191F-4D53-B250-3EE5346C19E5.jpeg,OK,"hit=a#_autoPlayable img
src_len=193",수 08:00 - 17:00 16:30 라스트오더 | 목 08:00 - 17:00 16:30 라스트오더 | 금 08:00 - 17:00 16:30 라스트오더 | 토 08:00 - 16:00 15:30 라스트오더 | 일 정기휴무 (매주 일요일) | 월 08:00 - 17:00 16:30 라스트오더 | 화 08:00 - 17:00 16:30 라스트오더 | - 제품소진시 조기 영업종료 방문 전 연락필수,OK,"hit=hours_toggle
aria_before=false
aria_after=true
w9QyJ_count=9
detail_lines=8",0,0
saltbread,daegu,대구 달성공원역 소금빵,르폴뒤,대구광역시 중구 동성로1길 26,대구광역시 중구 덕산동 124-29,,,"카페,디저트>베이커리",1285948911,358664376,128.5948868,35.8664334,,201592671.0,SID_OK_AUTO_DETAIL,대구 르폴뒤,OK,053-426-3006,OK,"[""르폴뒤는 대구 동성로에 위치한 유럽풍 인테리어의 베이커리 카페로, 오리지널부터 커스터드, 녹차크림까지 다양한 크루아상 메뉴를 합리적인 가격에 제공합니다."", ""아메리카노, 카페라떼, 아인슈패너 등의 커피와 딸기주스, 자몽주스 등 음료도 함께 즐길 수 있으며, 아늑한 2층 공간과 셀프바가 마련되어 있습니다.""]",OK,bkeel_count=2,3,"[{""keyword"": ""빵이 맛있어요"", ""count"": 2362}, {""keyword"": ""특별한 메뉴가 있어요"", ""count"": 602}, {""keyword"": ""친절해요"", ""count"": 549}, {""keyword"": ""인테리어가 멋져요"", ""count"": 363}, {""keyword"": ""커피가 맛있어요"", ""count"": 360}]",OK,keyword_count=5 total=3,https://search.pstatic.net/common/?autoRotate=true&type=w560_sharpen&src=https%3A%2F%2Fldb-phinf.pstatic.net%2F20170623_257%2F1498179200195MVMoj_JPEG%2F186572404366988_0.jpeg,OK,"hit=a#_autoPlayable img
src_len=174",매일 10:00 - 22:30,OK,"hit=hours_toggle
aria_before=false
aria_after=true
w9QyJ_count=2
detail_lines=1",0,0
saltbread,daegu,대구 경대병원 소금빵,밀밭베이커리 미인점,대구광역시 중구 동덕로30길 85 1층,대구광역시 중구 동인동4가 274-10 1층,,http://baemin.me/NlvBtIgPa,"카페,디저트>베이커리",1286083890,358665223,128.6084329,35.8665663,,1671519843.0,SID_OK_AUTO_DETAIL,대구 밀밭베이커리 미인점,OK,0507-1489-0100,OK,"[""밀밭베이커리 미인점은 대구 삼덕동에 위치한 40년 전통의 베이커리로, 인기 메뉴인 미인빵과 메론빵이 인기입니다."", ""다양한 샌드위치와 피자바게트, 에멘탈치즈호떡 등 특색 있는 메뉴를 제공하며, 백년가게로 공식 인증받은 곳입니다."", ""매장 내부는 깔끔하고 넓은 공간에 다양한 빵들이 진열되어 있어 선택의 즐거움을 줍니다."", ""주차는 주변 공영주차장을 이용하면 편리합니다.""]",OK,bkeel_count=4,1,"[{""keyword"": ""빵이 맛있어요"", ""count"": 619}, {""keyword"": ""친절해요"", ""count"": 198}, {""keyword"": ""특별한 메뉴가 있어요"", ""count"": 177}, {""keyword"": ""매장이 청결해요"", ""count"": 100}, {""keyword"": ""가성비가 좋아요"", ""count"": 88}]",OK,keyword_count=5 total=1,https://search.pstatic.net/common/?autoRotate=true&type=w560_sharpen&src=https%3A%2F%2Fldb-phinf.pstatic.net%2F20231228_298%2F1703752267801pu6jw_PNG%2F94EB9C9584.png,OK,"hit=a#_autoPlayable img
src_len=165",매일 08:00 - 22:00,OK,"hit=hours_toggle
aria_before=false
aria_after=true
w9QyJ_count=2
detail_lines=1",0,0
saltbread,daegu,대구 서문시장 소금빵,베즐리 더현대 대구,대구광역시 중구 달구벌대로 2077 지하1층,대구광역시 중구 계산동2가 200 지하1층,,,"카페,디저트>베이커리",1285903107,358666493,128.5906289,35.8667192,,,SEARCH_TIMEOUT_NO_UI,대구 베즐리 더현대 대구,,,,,,,,,,,,,,,,,0,0
saltbread,daegu,대구 반월당 소금빵 베이커리,카페 워킹컵,대구광역시 중구 달구벌대로 2077 9층,대구광역시 중구 계산동2가 200 9층,,,"음식점>카페,디저트",1285906289,358667192,128.5906289,35.8667192,,1349033477.0,SID_OK_AUTO_DETAIL,대구 카페 워킹컵,OK,053-245-2929,OK,"[""카페 워킹컵은 더현대 대구의 넓은 공간에 자리한 베이커리 카페로, 다양한 빵과 커피, 디저트를 맛볼 수 있습니다."", ""특히 유아 의자와 주차 시설이 잘 갖춰져 있어 가족 단위 방문객에게 편리하며, 독특한 인테리어와 쾌적한 환경 덕분에 모임이나 데이트 장소로도 적합합니다."", ""인기 메뉴인 워킹컵 크림라떼와 신선한 음료를 즐기며 편안한 시간을 보낼 수 있습니다.""]",OK,bkeel_count=3,564,"[{""keyword"": ""인테리어가 멋져요"", ""count"": 345}, {""keyword"": ""커피가 맛있어요"", ""count"": 287}, {""keyword"": ""디저트가 맛있어요"", ""count"": 260}, {""keyword"": ""사진이 잘 나와요"", ""count"": 170}, {""keyword"": ""음료가 맛있어요"", ""count"": 103}]",OK,keyword_count=5 total=564,https://search.pstatic.net/common/?autoRotate=true&type=w560_sharpen&src=https%3A%2F%2Fldb-phinf.pstatic.net%2F20230202_296%2F1675306514131fbfU8_JPEG%2Fwc_01.jpg,OK,"hit=a#_autoPlayable img
src_len=161",수 10:30 - 20:00 19:30 라스트오더 | 목 10:30 - 20:00 19:30 라스트오더 | 금 10:30 - 20:30 20:00 라스트오더 | 토 10:30 - 20:30 20:00 라스트오더 | 일 10:30 - 20:30 20:00 라스트오더 | 월(2/16) 설날 연휴10:30 - 21:00 | 화(2/17) 설날 휴무 | - 백화점 정기휴무 외 상시 영업,OK,"hit=hours_toggle
aria_before=false
aria_after=true
w9QyJ_count=10
detail_lines=8",0,0
saltbread,daegu,대구 경대병원역 소금빵,인더매스 삼덕,대구광역시 중구 공평로8길 29 1층,대구광역시 중구 삼덕동2가 28-1 1층,,https://blog.naver.com/masscoffee_,"음식점>카페,디저트",1286016265,358667540,128.6016419,35.8668034,,1625372637.0,SID_OK_AUTO_DETAIL,대구 인더매스 삼덕,OK,0507-1315-9003,OK,"[""인더매스 삼덕은 대구 삼덕동에 위치한 대형 브런치 카페로, 주차 공간이 마련되어 있어 차량 방문이 편리합니다."", ""치아바타 샌드위치와 루꼴라 바게트 샌드위치 등 다양한 브런치 메뉴가 인기 있으며, 말차 숏 라떼와 딸기말차라떼 등 특색 있는 음료도 제공합니다."", ""넓은 매장과 쾌적한 분위기로 모임이나 작업하기 좋은 공간입니다.""]",OK,bkeel_count=3,5,"[{""keyword"": ""커피가 맛있어요"", ""count"": 4205}, {""keyword"": ""디저트가 맛있어요"", ""count"": 3328}, {""keyword"": ""인테리어가 멋져요"", ""count"": 2508}, {""keyword"": ""음료가 맛있어요"", ""count"": 1938}, {""keyword"": ""친절해요"", ""count"": 1376}]",OK,keyword_count=5 total=5,https://search.pstatic.net/common/?autoRotate=true&type=w560_sharpen&src=https%3A%2F%2Fvideo-phinf.pstatic.net%2F20260113_121%2F1768278727784DIa0U_JPEG%2FCNT4mRAjyC_09.jpg,OK,"hit=a#_autoPlayable img
src_len=171",수 08:00 - 21:00 20:30 라스트오더 | 목 08:00 - 21:00 20:30 라스트오더 | 금 08:00 - 21:00 20:30 라스트오더 | 토 08:00 - 21:00 20:30 라스트오더 | 일 08:00 - 21:00 20:30 라스트오더 | 월 08:00 - 21:00 20:30 라스트오더 | 화(2/17) 휴무 | - 1/20(화) 매장 워크샵으로 영업을 하지 않습니다 !,OK,"hit=hours_toggle
aria_before=false
aria_after=true
w9QyJ_count=10
detail_lines=8",0,0
saltbread,daegu,대구 교동 소금빵,오디너리하우스,대구광역시 중구 동성로2길 21-8,대구광역시 중구 삼덕동1가 11-2,,https://www.instagram.com/_ordinary_house,"음식점>카페,디저트",1285959115,358670750,128.5959476,35.8671593,,,SEARCH_TIMEOUT_NO_UI,대구 오디너리하우스,,,,,,,,,,,,,,,,,0,0
saltbread,daegu,대구 대실 소금빵,로스팅시고 동성로점,대구광역시 중구 남성로 57 로스팅시고,대구광역시 중구 동성로3가 36-7 로스팅시고,,https://www.instagram.com/roasting_sigo?igsh=amZhYzhqY3B3N2F0/roastingsigo_cafe/,"음식점>카페,디저트",1285929942,358672805,128.5929934,35.8672784,,1705823137.0,SID_OK_AUTO_DETAIL,대구 로스팅시고 동성로점,OK,0507-1476-1169,OK,"[""로스팅시고 동성로점은 직접 로스팅한 커피를 합리적인 가격에 제공하는 반월당 카페입니다."", ""아메리카노는 게이샤 원두를 사용해 향이 풍부하며, 피스타치오 슈패너와 땅콩슈패너 등 다양한 음료 메뉴가 있습니다."", ""내부는 우드톤 인테리어로 아늑한 분위기를 자랑하며, 드립백과 원두도 판매합니다.""]",OK,bkeel_count=3,192,"[{""keyword"": ""커피가 맛있어요"", ""count"": 159}, {""keyword"": ""가성비가 좋아요"", ""count"": 76}, {""keyword"": ""친절해요"", ""count"": 74}, {""keyword"": ""디저트가 맛있어요"", ""count"": 66}, {""keyword"": ""음료가 맛있어요"", ""count"": 45}]",OK,keyword_count=5 total=192,https://search.pstatic.net/common/?autoRotate=true&type=w560_sharpen&src=https%3A%2F%2Fldb-phinf.pstatic.net%2F20250623_117%2F1750630869580zjWpn_JPEG%2FKakaoTalk_20250623_070351405.jpg,OK,"hit=a#_autoPlayable img
src_len=184",수 07:30 - 18:00 17:40 라스트오더 | 목 07:30 - 18:00 17:40 라스트오더 | 금 07:30 - 18:00 17:40 라스트오더 | 토 10:00 - 19:00 18:40 라스트오더 | 일 11:30 - 18:00 17:40 라스트오더 | 월 07:30 - 18:00 17:40 라스트오더 | 화 07:30 - 18:00 17:40 라스트오더 | - 명절기간 영업합니다.,OK,"hit=hours_toggle
aria_before=false
aria_after=true
w9QyJ_count=9
detail_lines=8",0,0
saltbread,daegu,대구 서문시장 소금빵,두아몽떼,대구광역시 중구 약령길 20 1층,대구광역시 중구 계산동2가 134-1 1층,,http://instagram.com/doux_a_monter,"카페,디저트>베이커리",1285890159,358672963,128.5890743,35.8672891,,1580659280.0,SID_OK_AUTO_DETAIL,대구 두아몽떼,OK,0507-1415-9098,OK,"[""두아몽떼는 대구의 빵지순례 명소로, 소금빵과 크로와상 외에도 다양한 페스츄리 메뉴가 인기입니다."", ""특히 꾸인아망과 레몬마들렌은 재료의 고급스러운 맛과 예쁜 비주얼로 사랑받고 있습니다."", ""사장님이 친절하며, 재료 대비 가격이 합리적이어서 자주 방문하게 되는 곳입니다."", ""매장 근처에는 현대백화점이 있어 주차가 편리합니다.""]",OK,bkeel_count=4,977,"[{""keyword"": ""빵이 맛있어요"", ""count"": 895}, {""keyword"": ""친절해요"", ""count"": 418}, {""keyword"": ""특별한 메뉴가 있어요"", ""count"": 317}, {""keyword"": ""매장이 청결해요"", ""count"": 155}, {""keyword"": ""가성비가 좋아요"", ""count"": 110}]",OK,keyword_count=5 total=977,https://search.pstatic.net/common/?autoRotate=true&type=w560_sharpen&src=https%3A%2F%2Fldb-phinf.pstatic.net%2F20211030_132%2F1635565142386GmWGt_JPEG%2FKPt34vfQFHArg-IkLiH5PICw.jpg,OK,"hit=a#_autoPlayable img
src_len=180",수(2/11) 11:00 - 13:00 | 목 11:00 - 17:00 | 금 11:00 - 17:00 | 토 11:00 - 17:00 | 일 정기휴무 (매주 일요일) | 월(2/16) 11:00 - 15:00 | 화(2/17) 11:00 - 15:00 | 02/21 휴무 | - 제품 소진시 마감합니다!,OK,"hit=hours_toggle
aria_before=false
aria_after=true
w9QyJ_count=10
detail_lines=9",0,0
saltbread,daegu,대구 경대병원 소금빵,도우프커피스탠드,대구광역시 중구 국채보상로140길 17-8 지상1층,대구광역시 중구 동인동4가 210-2 지상1층,,https://www.instagram.com/dou.p_coffee_stand?igsh=OGQ5ZDc2ODk2ZA%3D%3D&utm_source=qr,"음식점>카페,디저트",1286067857,358679434,128.60683,35.8678992,,1624336667.0,SID_OK_AUTO_DETAIL,대구 도우프커피스탠드,OK,0507-1351-3528,OK,"[""도우프커피스탠드는 소금빵과 식빵의 장점을 결합한 시오식빵이 특징인 카페입니다."", ""허니버터 시오식빵과 앙버터 시오식빵은 따뜻하게 데워져 제공되며, 고소한 맛과 풍미가 뛰어납니다."", ""시그니처 도핑 라떼와 플랫화이트는 커피 애호가들에게 추천할 만한 메뉴입니다."", ""내부는 화이트 톤의 인테리어와 은은한 조명으로 꾸며져 있어 편안한 분위기를 자랑합니다.""]",OK,bkeel_count=4,195,"[{""keyword"": ""커피가 맛있어요"", ""count"": 167}, {""keyword"": ""디저트가 맛있어요"", ""count"": 98}, {""keyword"": ""인테리어가 멋져요"", ""count"": 77}, {""keyword"": ""친절해요"", ""count"": 66}, {""keyword"": ""음료가 맛있어요"", ""count"": 64}]",OK,keyword_count=5 total=195,https://search.pstatic.net/common/?autoRotate=true&type=w560_sharpen&src=https%3A%2F%2Fldb-phinf.pstatic.net%2F20251124_178%2F1763983731396Y0cfu_JPEG%2F0221AE87-20BE-4C8D-82CE-6E5DF40EDE7C.jpeg,OK,"hit=a#_autoPlayable img
src_len=193",수 08:00 - 19:00 18:30 라스트오더 | 목 08:00 - 19:00 18:30 라스트오더 | 금 08:00 - 19:00 18:30 라스트오더 | 토 08:00 - 19:00 18:30 라스트오더 | 일 정기휴무 (매주 일요일) | 월(2/16) 휴무 | 화(2/17) 휴무,OK,"hit=hours_toggle
aria_before=false
aria_after=true
w9QyJ_count=9
detail_lines=7",0,0
saltbread,daegu,대구 반월당 소금빵 베이커리,오디너리하우스 종로,대구광역시 중구 중앙대로77길 17 1층 오디너리하우스,대구광역시 중구 종로2가 63 1층 오디너리하우스,,https://www.instagram.com/_ordinary_house,"음식점>카페,디저트",1285926039,358682283,128.592625,35.8682459,,1713046358.0,SID_OK_AUTO_DETAIL,대구 오디너리하우스 종로,OK,053-252-7771,OK,"[""오디너리하우스 종로점은 대구 종로에 위치한 카페로, 다양한 디저트와 음료를 제공합니다."", ""특히 오드크림라떼는 부드러운 맛으로 인기가 높으며, 디카페인 옵션도 가능합니다."", ""매장은 넓고 층고가 높아 개방감이 좋으며, 통창으로 자연광이 잘 들어옵니다."", ""좌석 형태가 다양해 혼자서부터 단체까지 모두 편안하게 이용할 수 있습니다.""]",OK,bkeel_count=4,263,"[{""keyword"": ""커피가 맛있어요"", ""count"": 208}, {""keyword"": ""디저트가 맛있어요"", ""count"": 152}, {""keyword"": ""인테리어가 멋져요"", ""count"": 133}, {""keyword"": ""사진이 잘 나와요"", ""count"": 54}, {""keyword"": ""음료가 맛있어요"", ""count"": 53}]",OK,keyword_count=5 total=263,https://search.pstatic.net/common/?autoRotate=true&type=w560_sharpen&src=https%3A%2F%2Fldb-phinf.pstatic.net%2F20250218_118%2F1739854554290FgUSA_JPEG%2Fasdf.JPG,OK,"hit=a#_autoPlayable img
src_len=160",매일 12:00 - 22:30 22:00 라스트오더 | - 명절 등 휴무예정 시 미리 인스타그램 안내 드립니다.,OK,"hit=hours_toggle
aria_before=false
aria_after=true
w9QyJ_count=3
detail_lines=2",0,0
saltbread,daegu,대구 반월당 소금빵 베이커리,스테드,대구광역시 중구 중앙대로77길 14 sted,대구광역시 중구 종로2가 59-3 sted,,https://smartstore.naver.com/stedcoffee,"음식점>카페,디저트",1285928224,358683751,128.5928279,35.868426,,,SEARCH_TIMEOUT_NO_UI,대구 스테드,,,,,,,,,,,,,,,,,0,0
saltbread,daegu,대구 반야월역 소금빵,그라노커피,"대구광역시 동구 안심로90길 29 1층 101호, 201호","대구광역시 동구 괴전동 473-1 1층 101호, 201호",,,"음식점>카페,디저트",1287337654,358685763,128.7338878,35.8684815,,1053241676.0,SID_OK_AUTO_DETAIL,대구 그라노커피,OK,053-962-2003,OK,"[""그라노커피는 대구 혁신도시에 위치한 넓고 쾌적한 대형 카페입니다."", ""2층 구조로 다양한 좌석(소파석, 바테이블, 단체석 등)이 마련되어 있어 모임이나 공부, 작업에 적합합니다."", ""전용 주차장이 있어 주차가 편리하며, 키오스크로 간편하게 주문할 수 있습니다."", ""인기 메뉴인 밀크티바닐라라떼와 계절별 디저트(망고빙수, 팥빙수 등)가 인기입니다.""]",OK,bkeel_count=4,365,"[{""keyword"": ""커피가 맛있어요"", ""count"": 240}, {""keyword"": ""음료가 맛있어요"", ""count"": 136}, {""keyword"": ""인테리어가 멋져요"", ""count"": 127}, {""keyword"": ""디저트가 맛있어요"", ""count"": 114}, {""keyword"": ""친절해요"", ""count"": 113}]",OK,keyword_count=5 total=365,https://search.pstatic.net/common/?autoRotate=true&type=w560_sharpen&src=https%3A%2F%2Fldb-phinf.pstatic.net%2F20230928_169%2F1695863562847J6OjY_JPEG%2Ftemp_file.jpg,OK,"hit=a#_autoPlayable img
src_len=165",수 10:00 - 22:00 21:40 라스트오더 | 목 10:00 - 22:00 21:40 라스트오더 | 금 10:00 - 22:00 21:40 라스트오더 | 토 10:00 - 22:00 21:40 라스트오더 | 일 10:00 - 22:00 21:40 라스트오더 | 월(2/16) 설날 연휴10:00 - 22:00 | 화(2/17) 설날10:00 - 22:00 | - 하절기간 밤11시까지로영업시간변경입니다.,OK,"hit=hours_toggle
aria_before=false
aria_after=true
w9QyJ_count=9
detail_lines=8",0,0
saltbread,daegu,대구 내당역 소금빵 베이커리,퀸즈크라운베이커리카페,대구광역시 서구 서대구로 118 1층~4층,대구광역시 서구 평리동 1369-4 1층~4층,,,"음식점>카페,디저트",1285555724,358685026,128.5556192,35.8685207,,1014569174.0,SID_OK_AUTO_DETAIL,대구 퀸즈크라운베이커리카페,OK,053-567-8080,OK,"[""퀸즈크라운베이커리카페는 대구 서구 평리동에 위치한 대형 카페로, 4층 규모에 다양한 좌석과 베이커리 메뉴를 제공합니다."", ""상하목장 아이스크림과 딸기팡도르 등 디저트가 인기 있으며, 드라이브스루와 넓은 주차장이 있어 접근성이 좋습니다."", ""2~3층에는 단체 모임이 가능한 넓은 좌석이 마련되어 있어 가족, 친구, 업무 미팅 등 다양한 용도로 이용하기 좋습니다.""]",OK,bkeel_count=3,5,"[{""keyword"": ""디저트가 맛있어요"", ""count"": 1886}, {""keyword"": ""커피가 맛있어요"", ""count"": 1610}, {""keyword"": ""인테리어가 멋져요"", ""count"": 931}, {""keyword"": ""대화하기 좋아요"", ""count"": 793}, {""keyword"": ""음료가 맛있어요"", ""count"": 741}]",OK,keyword_count=5 total=5,https://search.pstatic.net/common/?autoRotate=true&type=w560_sharpen&src=https%3A%2F%2Fldb-phinf.pstatic.net%2F20200717_39%2F1594982403930zEiVo_JPEG%2Fzr8rgmt3mSKtMaZj0E5Ez0m7.jpeg.jpg,OK,"hit=a#_autoPlayable img
src_len=184","매일 08:30 - 23:40 23:20 라스트오더 | - 메뉴주문AM08시30분 입니다😉 ""연중무휴""",OK,"hit=hours_toggle
aria_before=false
aria_after=true
w9QyJ_count=3
detail_lines=2",0,0
saltbread,daegu,대구 교동 소금빵,삼송빵집 중앙로점,대구광역시 중구 중앙대로 397,대구광역시 중구 동성로3가 1-3,,http://www.ssbnc.kr/,"카페,디저트>베이커리",1285934399,358686159,128.59344,35.8686159,,,SEARCH_TIMEOUT_NO_UI,대구 삼송빵집 중앙로점,,,,,,,,,,,,,,,,,0,0
saltbread,daegu,대구 경대병원역 소금빵,팜앤힐스,대구광역시 중구 동성로6길 43 1층,대구광역시 중구 공평동 16-22 1층,,https://www.instagram.com/farm_and_hills,음식점>양식,1285977663,358687406,128.5977917,35.8687893,,1678215782.0,SID_OK_AUTO_DETAIL,대구 팜앤힐스,OK,0507-1360-7436,OK,[],AI_BRIEFING_NOT_FOUND,,4,"[{""keyword"": ""인테리어가 멋져요"", ""count"": 2277}, {""keyword"": ""커피가 맛있어요"", ""count"": 1871}, {""keyword"": ""디저트가 맛있어요"", ""count"": 1775}, {""keyword"": ""음식이 맛있어요"", ""count"": 1535}, {""keyword"": ""매장이 넓어요"", ""count"": 1427}]",OK,keyword_count=5 total=4,https://search.pstatic.net/common/?autoRotate=true&type=w560_sharpen&src=https%3A%2F%2Fldb-phinf.pstatic.net%2F20250917_259%2F1758069749181otH3Y_JPEG%2FB06BCB3A-9C28-4C50-A513-6A066DFEC000.jpeg,OK,"hit=a#_autoPlayable img
src_len=193",수 11:30 - 21:00 15:00 - 17:00 브레이크타임 20:00 라스트오더 | 목 11:30 - 21:00 15:00 - 17:00 브레이크타임 20:00 라스트오더 | 금 11:30 - 21:00 15:00 - 17:00 브레이크타임 20:00 라스트오더 | 토 11:30 - 21:00 15:00 - 17:00 브레이크타임 20:00 라스트오더 | 일 11:30 - 21:00 15:00 - 17:00 브레이크타임 20:00 라스트오더 | 월 11:30 - 21:00 15:00 - 17:00 브레이크타임 20:00 라스트오더 | 화 정기휴무 (매주 화요일),OK,"hit=hours_toggle
aria_before=false
aria_after=true
w9QyJ_count=8
detail_lines=7",0,0
saltbread,daegu,대구 달성공원역 소금빵,버터베이크,대구광역시 중구 동성로 22-1 버터베이크,대구광역시 중구 동성로2가 150-16 버터베이크,,https://www.instagram.com/butterbake_daegu/profilecard/?igsh=MTFzdWZuem10ZmhoNA==,"카페,디저트>베이커리",1285951684,358687949,128.5952195,35.8688082,,,SEARCH_TIMEOUT_NO_UI,대구 버터베이크,,,,,,,,,,,,,,,,,0,0
saltbread,daegu,대구 반고개역 소금빵,더 댄스,대구광역시 중구 국채보상로102길 35 2층,대구광역시 중구 계산동1가 83-9 2층,,http://www.instagram.com/the.dance.2017,"음식점>카페,디저트",1285862429,358689826,128.5862444,35.8689784,,,SEARCH_TIMEOUT_NO_UI,대구 더 댄스,,,,,,,,,,,,,,,,,0,0
saltbread,daegu,대구 김광석 다시그리기 길 소금빵 베이커리,몽블랑드파리 동성로본점,"대구광역시 중구 동성로6길 21 1층, 2층 몽블랑드파리 동성로본점","대구광역시 중구 공평동 25-11 1층, 2층 몽블랑드파리 동성로본점",,https://smartstore.naver.com/montblanc_de_paris,"카페,디저트>베이커리",1285966655,358689944,128.5966662,35.869047,,1161607343.0,SID_OK_AUTO_DETAIL,대구 몽블랑드파리 동성로본점,OK,0507-1473-7904,OK,"[""몽블랑드파리 동성로본점은 대구의 핫플레이스로, 프랑스 감성의 인테리어와 다양한 디저트가 매력적인 카페입니다."", ""몽블랑 홀, 미니컵, 라떼 등 인기 메뉴와 함께 소금빵, 밤식빵, 햄 치즈 갈릭바게트 등을 맛볼 수 있습니다."", ""2층 키오스크로 편리하게 주문 가능하며, 넓은 단체석과 쾌적한 화장실이 마련되어 있습니다."", ""주차 지원이 되어 접근성도 좋습니다.""]",OK,bkeel_count=4,2,"[{""keyword"": ""디저트가 맛있어요"", ""count"": 1718}, {""keyword"": ""인테리어가 멋져요"", ""count"": 1246}, {""keyword"": ""커피가 맛있어요"", ""count"": 932}, {""keyword"": ""빵이 맛있어요"", ""count"": 742}, {""keyword"": ""음료가 맛있어요"", ""count"": 726}]",OK,keyword_count=5 total=2,https://search.pstatic.net/common/?autoRotate=true&type=w560_sharpen&src=https%3A%2F%2Fvideo-phinf.pstatic.net%2F20260210_187%2F1770709061462bLecE_JPEG%2FprOxMH78tJ_02.jpg,OK,"hit=a#_autoPlayable img
src_len=171",매일 08:30 - 22:00 21:30 라스트오더,OK,"hit=hours_toggle
aria_before=false
aria_after=true
w9QyJ_count=2
detail_lines=1",0,0
saltbread,daegu,대구 달성공원역 소금빵,소베,대구광역시 중구 중앙대로79길 6 1층,대구광역시 중구 남일동 126-2 1층,,https://www.instagram.com/sauve_bakery?igsh=MXU5cngyMHo5cW8zZg==,"카페,디저트>베이커리",1285932568,358692515,128.5932304,35.8692808,,1632864136.0,SID_OK_AUTO_DETAIL,대구 소베,OK,0507-1371-2296,OK,"[""소베는 대구의 베이커리 성지로, 소금빵과 크루아상을 비롯해 다양한 빵을 제공합니다."", ""빵은 갓 구워져 나와 바삭하고 고소하며, 팥빵과 크림치즈빵도 맛있습니다."", ""매장 내에는 좌석이 충분히 마련되어 있어 빵과 음료를 함께 즐길 수 있으며, 위생적인 제조 과정을 볼 수 있는 통유리창이 있습니다."", ""또한, 음료 메뉴도 간단히 제공되어 빵과 함께 즐기기 좋습니다.""]",OK,bkeel_count=4,1,"[{""keyword"": ""빵이 맛있어요"", ""count"": 1449}, {""keyword"": ""특별한 메뉴가 있어요"", ""count"": 494}, {""keyword"": ""친절해요"", ""count"": 388}, {""keyword"": ""가성비가 좋아요"", ""count"": 207}, {""keyword"": ""매장이 청결해요"", ""count"": 169}]",OK,keyword_count=5 total=1,https://search.pstatic.net/common/?autoRotate=true&type=w560_sharpen&src=https%3A%2F%2Fldb-phinf.pstatic.net%2F20220307_6%2F16466286817741Nouc_JPEG%2F1645695492914-0.jpg,OK,"hit=a#_autoPlayable img
src_len=169",수 08:00 - 20:00 12:00 - 12:30 브레이크타임 | 목 08:00 - 20:00 12:00 - 12:30 브레이크타임 | 금 08:00 - 20:00 12:00 - 12:30 브레이크타임 | 토 08:00 - 20:00 12:00 - 12:30 브레이크타임 | 일 08:00 - 20:00 12:00 - 12:30 브레이크타임 | 월 08:00 - 20:00 12:00 - 12:30 브레이크타임 | 화 08:00 - 20:00 12:00 - 12:30 브레이크타임 | 02/19-02/22 휴무,OK,"hit=hours_toggle
aria_before=false
aria_after=true
w9QyJ_count=9
detail_lines=8",0,0
saltbread,daegu,대구 반야월 소금빵 카페,카페더라,대구광역시 동구 율하동로21길 2 1층 카페더라,대구광역시 동구 율하동 933-7 1층 카페더라,,https://100원커피이벤트-선착순주문하기.com,"음식점>카페,디저트",1287017502,358692927,128.7017502,35.8692928,,1119717114.0,SID_OK_AUTO_DETAIL,대구 카페더라,OK,0507-2085-4216,OK,"[""카페더라는 대구 율하동에 위치한 감성 카페로, 햇살이 잘 드는 아늑한 인테리어가 특징입니다."", ""시그니처 음료인 초당옥수수크림라떼와 직접 재배한 단호박으로 만든 단호박라떼가 인기 메뉴입니다."", ""소금빵과 함께하는 더티꼼빠냐도 맛볼 수 있습니다."", ""화장실과 아기의자가 구비되어 있어 편리합니다.""]",OK,bkeel_count=4,225,"[{""keyword"": ""커피가 맛있어요"", ""count"": 104}, {""keyword"": ""친절해요"", ""count"": 50}, {""keyword"": ""인테리어가 멋져요"", ""count"": 45}, {""keyword"": ""디저트가 맛있어요"", ""count"": 40}, {""keyword"": ""음료가 맛있어요"", ""count"": 37}]",OK,keyword_count=5 total=225,https://search.pstatic.net/common/?autoRotate=true&type=w560_sharpen&src=https%3A%2F%2Fldb-phinf.pstatic.net%2F20250227_46%2F17406166725953LR6L_JPEG%2FKakaoTalk_20250227_093714593_02.jpg,OK,"hit=a#_autoPlayable img
src_len=186",수 09:30 - 21:00 | 목 09:30 - 21:00 | 금 09:30 - 21:00 | 토 09:30 - 21:00 | 일 09:30 - 21:00 | 월 09:30 - 21:00 | 화 09:30 - 21:00,OK,"hit=hours_toggle
aria_before=false
aria_after=true
w9QyJ_count=8
detail_lines=7",0,0
saltbread,daegu,대구 서문시장 소금빵,맨션5,대구광역시 중구 중앙대로79길 24-1 맨션5,대구광역시 중구 종로2가 5 맨션5,,http://www.instagram.com/mansion5_daegu,"음식점>카페,디저트",1285920912,358692772,128.5921285,35.8693937,,,SEARCH_TIMEOUT_NO_UI,대구 맨션5,,,,,,,,,,,,,,,,,0,0
saltbread,daegu,대구 반야월 소금빵,안심제과,대구광역시 동구 동호로9길 60 1층,대구광역시 동구 신서동 552-1 1층,,http://instagram.com/relax_bakeshop,"음식점>카페,디저트",1287316379,358696003,128.7316957,35.8696098,,,SEARCH_TIMEOUT_NO_UI,대구 안심제과,,,,,,,,,,,,,,,,,0,0
saltbread,daegu,대구 반야월 소금빵 베이커리,빵집오빠 반야월점,대구광역시 동구 율하동로24길 19,대구광역시 동구 신기동 265,,,"카페,디저트>베이커리",1287044182,358696591,128.7044471,35.8697224,,,SEARCH_TIMEOUT_NO_UI,대구 빵집오빠 반야월점,,,,,,,,,,,,,,,,,0,0
saltbread,daegu,대구 각산역 소금빵,In time to coffee,대구광역시 동구 신서로 20 1층,대구광역시 동구 신서동 626-18 1층,,https://www.instagram.com/in_time_to_coffee?igsh=M2E3b3d0d2NmNWl4&utm_source=qr,"음식점>카페,디저트",1287241182,358698004,128.7241183,35.8698006,,1689840073.0,SID_OK_AUTO_DETAIL,대구 In time to coffee,OK,0507-1470-2104,OK,"[""In time to coffee는 수제 디저트와 스페셜티 커피를 제공하는 신서동 카페입니다."", ""휘낭시에와 소금빵이 맛있으며, 아메리카노 원두 종류가 다양해 취향에 맞게 선택할 수 있습니다."", ""단체석은 미닫이문이 있는 룸 형태로 되어 있어 모임 장소로 추천합니다."", ""통창으로 채광이 좋고, 조용한 분위기에서 공부나 작업을 하기에도 적합합니다.""]",OK,bkeel_count=4,114,"[{""keyword"": ""커피가 맛있어요"", ""count"": 103}, {""keyword"": ""디저트가 맛있어요"", ""count"": 77}, {""keyword"": ""음료가 맛있어요"", ""count"": 59}, {""keyword"": ""친절해요"", ""count"": 47}, {""keyword"": ""인테리어가 멋져요"", ""count"": 35}]",OK,keyword_count=5 total=114,https://search.pstatic.net/common/?autoRotate=true&type=w560_sharpen&src=https%3A%2F%2Fldb-phinf.pstatic.net%2F20250525_92%2F1748136342144etjlN_JPEG%2FE3A9D905-5966-484D-9C89-2405C468993B.jpeg,OK,"hit=a#_autoPlayable img
src_len=192",수 07:00 - 22:00 | 목 07:00 - 22:00 | 금 07:00 - 22:00 | 토 07:00 - 22:00 | 일(2/15) 정기휴무 (격주 일요일) | 월(2/16) 설날 연휴07:00 - 22:00 | 화(2/17) 휴무 | 격주 일요일 정기 휴무,OK,"hit=hours_toggle
aria_before=false
aria_after=true
w9QyJ_count=9
detail_lines=8",0,0
saltbread,daegu,대구 고산 소금빵 베이커리,숲베이커리,대구광역시 수성구 팔현길 136,대구광역시 수성구 고모동 90-1,,https://blog.naver.com/forestbakery,"카페,디저트>베이커리",1286660228,358698375,128.6660614,35.8698614,,,SEARCH_TIMEOUT_NO_UI,대구 숲베이커리,,,,,,,,,,,,,,,,,0,0
saltbread,daegu,대구 동대구역 소금빵 베이커리,르고메드파리16 본점,대구광역시 수성구 화랑로 46 MBC네거리에서 효신네거리 가는방향 큰길 대로변 1층,대구광역시 수성구 만촌동 1356-22 MBC네거리에서 효신네거리 가는방향 큰길 대로변 1층,,https://www.instagram.com/legourmetde_paris_16/,"카페,디저트>베이커리",1286331534,358698909,128.6332065,35.8699239,,1996766263.0,SID_OK_AUTO_DETAIL,대구 르고메드파리16 본점,OK,053-742-8216,OK,"[""르고메드파리16 본점은 매일 직접 만든 베이커리와 브런치 메뉴로 인기 있는 카페입니다."", ""프렌치토스트, 소시지, 샐러드가 어우러진 르브런치 세트와 크리미한 부라타 치즈 샐러드 등이 인기 메뉴입니다."", ""고급스러운 유럽풍 인테리어와 넓은 공간으로 모임 장소로도 적합하며, 주차 혜택도 제공됩니다.""]",OK,bkeel_count=3,749,"[{""keyword"": ""빵이 맛있어요"", ""count"": 548}, {""keyword"": ""커피가 맛있어요"", ""count"": 350}, {""keyword"": ""인테리어가 멋져요"", ""count"": 295}, {""keyword"": ""대화하기 좋아요"", ""count"": 179}, {""keyword"": ""친절해요"", ""count"": 177}]",OK,keyword_count=5 total=749,https://search.pstatic.net/common/?autoRotate=true&type=w560_sharpen&src=https%3A%2F%2Fldb-phinf.pstatic.net%2F20220610_51%2F1654871719358aSYeD_JPEG%2FKakaoTalk_20220610_230208564.jpg,OK,"hit=a#_autoPlayable img
src_len=183",수 08:00 - 19:00 18:30 라스트오더 | 목 08:00 - 19:00 18:30 라스트오더 | 금 08:00 - 19:00 18:30 라스트오더 | 토 08:30 - 19:00 18:30 라스트오더 | 일 08:30 - 19:00 18:30 라스트오더 | 월(2/16) 설날 연휴08:30 - 19:30 | 화(2/17) 설날 휴무 | - 브런치오더타임09:00~16:30 수요일13:30까지,OK,"hit=hours_toggle
aria_before=false
aria_after=true
w9QyJ_count=10
detail_lines=8",0,0
saltbread,daegu,대구 동대구역 소금빵,르배 본점,대구광역시 수성구 화랑로8길 11-11 1층,대구광역시 수성구 만촌동 1356-19 1층,,https://www.instagram.com/lebaebakery/,"카페,디저트>베이커리",1286337658,358703866,128.6337381,35.8704369,,16201940.0,SID_OK_AUTO_DETAIL,대구 르배 본점,OK,0507-1329-2464,OK,"[""르배 본점은 대구에서 손꼽히는 빵집으로, 신선한 재료로 만든 샌드위치와 다양한 베이커리가 인기입니다."", ""특히 명란바게트, 돌소보로, 치아바타 등의 빵은 고소하고 담백한 맛으로 호평받고 있습니다."", ""매장 내부는 넓고 단체석도 마련되어 있어 모임 장소로도 적합하며, 커피와 음료도 함께 즐길 수 있습니다.""]",OK,bkeel_count=3,6,"[{""keyword"": ""빵이 맛있어요"", ""count"": 5576}, {""keyword"": ""특별한 메뉴가 있어요"", ""count"": 1810}, {""keyword"": ""커피가 맛있어요"", ""count"": 1806}, {""keyword"": ""인테리어가 멋져요"", ""count"": 1775}, {""keyword"": ""친절해요"", ""count"": 1293}]",OK,keyword_count=5 total=6,https://search.pstatic.net/common/?autoRotate=true&type=w560_sharpen&src=https%3A%2F%2Fldb-phinf.pstatic.net%2F20240905_260%2F17255340471458stuB_JPEG%2FIMG_6726.jpeg,OK,"hit=a#_autoPlayable img
src_len=165",수 09:00 - 21:00 | 목 09:00 - 21:00 | 금 09:00 - 21:00 | 토 09:00 - 21:00 | 일 09:00 - 21:00 | 월(2/16) 설날 연휴09:00 - 21:00 | 화(2/17) 설날 휴무,OK,"hit=hours_toggle
aria_before=false
aria_after=true
w9QyJ_count=9
detail_lines=7",0,0
saltbread,daegu,대구 신기역 소금빵,GRVT 카페 베이커리,대구광역시 동구 범안로 854 5층 & 루프탑,대구광역시 동구 율하동 255 5층 & 루프탑,,https://www.instagram.com/grvt_golf_cafe,"카페,디저트>베이커리",1286942077,358709054,128.6942077,35.8709055,,1310294713.0,SID_OK_AUTO_DETAIL,대구 GRVT 카페 베이커리,OK,0507-1403-2567,OK,"[""GRVT 카페 베이커리는 5층 건물로 넓은 주차장과 쾌적한 시설을 갖춘 대형 카페입니다."", ""아메리카노와 요거트 스무디 등 다양한 메뉴를 제공하며, 핑크톤 인테리어와 높은 층고로 분위기가 화사합니다."", ""야외 테라스와 루프탑에서 탁 트인 뷰를 즐길 수 있고, 베이커리 메뉴도 맛있어 가족이나 친구와 함께 방문하기 좋습니다.""]",OK,bkeel_count=3,1,"[{""keyword"": ""빵이 맛있어요"", ""count"": 824}, {""keyword"": ""커피가 맛있어요"", ""count"": 695}, {""keyword"": ""인테리어가 멋져요"", ""count"": 563}, {""keyword"": ""음료가 맛있어요"", ""count"": 318}, {""keyword"": ""친절해요"", ""count"": 245}]",OK,keyword_count=5 total=1,https://search.pstatic.net/common/?autoRotate=true&type=w560_sharpen&src=https%3A%2F%2Fldb-phinf.pstatic.net%2F20241211_223%2F1733853575863xmp2y_JPEG%2FKakaoTalk_20241210_162832380.jpg,OK,"hit=a#_autoPlayable img
src_len=184",매일 10:00 - 22:00 | - 추석 연휴(10월3일 ~ 10월9일) 정상 영업,OK,"hit=hours_toggle
aria_before=false
aria_after=true
w9QyJ_count=3
detail_lines=2",0,0
saltbread,daegu,대구 내당역 소금빵 베이커리,삼송빵집 서대구점,대구광역시 서구 국채보상로 243 한국업사이클센터 1층,대구광역시 서구 평리동 1301 한국업사이클센터 1층,,https://blog.naver.com/samsongbakery1957,"카페,디저트>베이커리",1285576449,358714529,128.5576449,35.871453,,1095526371.0,SID_OK_AUTO_DETAIL,대구 삼송빵집 서대구점,OK,0503-5260-8184,OK,[],AI_BRIEFING_NOT_FOUND,,396,"[{""keyword"": ""빵이 맛있어요"", ""count"": 336}, {""keyword"": ""커피가 맛있어요"", ""count"": 84}, {""keyword"": ""특별한 메뉴가 있어요"", ""count"": 73}, {""keyword"": ""친절해요"", ""count"": 56}, {""keyword"": ""매장이 청결해요"", ""count"": 55}]",OK,keyword_count=5 total=396,https://search.pstatic.net/common/?autoRotate=true&type=w560_sharpen&src=https%3A%2F%2Fldb-phinf.pstatic.net%2F20231025_258%2F1698200868965iz3F7_PNG%2F%25B4%25EB%25C7%25A5%25BB%25E7%25C1%25F8.png,OK,"hit=a#_autoPlayable img
src_len=195",매일 09:00 - 21:00 20:50 라스트오더,OK,"hit=hours_toggle
aria_before=false
aria_after=true
w9QyJ_count=2
detail_lines=1",0,0
saltbread,daegu,대구 동대구역 소금빵,레이지모닝 동대구점,대구광역시 동구 동부로30길 60-1 레이지모닝,대구광역시 동구 신천동 338-2 레이지모닝,,http://instagram.com/lazymorning_dongdaegu,"카페,디저트>베이커리",1286286545,358716634,128.6286317,35.871685,,1556904025.0,SID_OK_AUTO_DETAIL,대구 레이지모닝 동대구점,OK,,PHONE_NOT_FOUND,"[""레이지모닝 동대구점은 여행자나 현지인 모두에게 사랑받는 베이커리 카페입니다."", ""뺑오스위스, 크림크로와상, 말차크림크로와상 등 다양한 빵 메뉴를 제공하며, 아메리카노와 같은 커피 메뉴도 기본 이상의 맛을 자랑합니다."", ""2층에는 넓은 공간과 단체석이 마련되어 있어 편안하게 시간을 보낼 수 있습니다.""]",OK,bkeel_count=3,1,"[{""keyword"": ""빵이 맛있어요"", ""count"": 519}, {""keyword"": ""커피가 맛있어요"", ""count"": 272}, {""keyword"": ""매장이 청결해요"", ""count"": 155}, {""keyword"": ""음료가 맛있어요"", ""count"": 133}, {""keyword"": ""친절해요"", ""count"": 131}]",OK,keyword_count=5 total=1,https://search.pstatic.net/common/?autoRotate=true&type=w560_sharpen&src=https%3A%2F%2Fldb-phinf.pstatic.net%2F20200422_43%2F1587536266074d3BBg_JPEG%2FzQ5TYpDbCrZty4_IG1J8v-S9.jpeg.jpg,OK,"hit=a#_autoPlayable img
src_len=184",수 11:00 - 22:00 | 목 11:00 - 22:00 | 금 11:00 - 22:00 | 토 11:00 - 22:00 | 일 11:00 - 22:00 | 월 정기휴무 (매주 월요일) | 화(2/17) 설날11:00 - 22:00,OK,"hit=hours_toggle
aria_before=false
aria_after=true
w9QyJ_count=8
detail_lines=7",0,0
saltbread,daegu,대구 신기 소금빵,빵은이네,대구광역시 동구 반야월로24길 13 1층,대구광역시 동구 신기동 160-25 1층,,https://www.instagram.com/bbangeun.zip?igsh=aWRnN3ZtbDBkMTJv&utm_source=qr,"음식점>카페,디저트",1287005437,358725262,128.7005437,35.8725263,,1037957059.0,SID_OK_AUTO_DETAIL,대구 빵은이네,OK,0507-1485-7822,OK,"[""카페 엠아이엠엘은 소금빵과 고소한 라떼가 인기 메뉴입니다."", ""버터향이 풍부하고 겉은 바삭하며 속은 쫄깃한 소금빵은 명란마요, 오리지널 등 다양한 종류로 제공됩니다."", ""시나몬 향이 은은한 miml라떼와 함께 즐기면 더욱 좋습니다."", ""아담한 매장에서 구워지는 갓 구운 빵의 풍미가 매력적입니다.""]",OK,bkeel_count=4,429,"[{""keyword"": ""디저트가 맛있어요"", ""count"": 322}, {""keyword"": ""커피가 맛있어요"", ""count"": 306}, {""keyword"": ""친절해요"", ""count"": 220}, {""keyword"": ""음료가 맛있어요"", ""count"": 192}, {""keyword"": ""매장이 청결해요"", ""count"": 131}]",OK,keyword_count=5 total=429,https://search.pstatic.net/common/?autoRotate=true&type=w560_sharpen&src=https%3A%2F%2Fldb-phinf.pstatic.net%2F20250620_71%2F1750395590777kdm6e_JPEG%2FIMG_2205.jpeg,OK,"hit=a#_autoPlayable img
src_len=164",수(2/11) 휴무 | 목 08:00 - 19:00 | 금(2/13) 휴무 | 토(2/14) 휴무 | 일(2/15) 휴무 | 월(2/16) 휴무 | 화(2/17) 휴무 | 03/01 삼일절 휴무 | - @bbangeun_zip,OK,"hit=hours_toggle
aria_before=false
aria_after=true
w9QyJ_count=10
detail_lines=9",0,0
saltbread,daegu,대구 북구청역 소금빵,카페향촌,대구광역시 중구 서성로14길 74 1층,대구광역시 중구 대안동 20-6 1층,,,"음식점>카페,디저트",1285916349,358728100,128.5916349,35.87281,,,SEARCH_TIMEOUT_NO_UI,대구 카페향촌,,,,,,,,,,,,,,,,,0,0
saltbread,daegu,대구 용계 소금빵,위드윗베이커리,대구광역시 동구 반야월로2길 21-1 1층,대구광역시 동구 용계동 755-18 1층,,https://www.instagram.com/bakery_withwit,"카페,디저트>베이커리",1286911495,358729322,128.6911495,35.8729322,,1087018142.0,SID_OK_AUTO_DETAIL,대구 위드윗베이커리,OK,0507-1420-6240,OK,"[""위드윗베이커리는 소금빵 맛집으로, 기본 소금빵부터 쑥, 초코, 먹물치즈 등 다양한 맛의 소금빵을 제공합니다."", ""호두단팥빵과 땅콩소보로도 인기가 많으며, 쫀득한 쿠키와 구움과자(휘낭시에, 러스크) 등 디저트 메뉴도 다양합니다."", ""커피와 음료도 함께 즐길 수 있어 브런치나 간식 타임에 적합한 곳입니다.""]",OK,bkeel_count=3,46,"[{""keyword"": ""빵이 맛있어요"", ""count"": 43}, {""keyword"": ""친절해요"", ""count"": 23}, {""keyword"": ""가성비가 좋아요"", ""count"": 18}, {""keyword"": ""매장이 청결해요"", ""count"": 16}, {""keyword"": ""커피가 맛있어요"", ""count"": 15}]",OK,keyword_count=5 total=46,https://search.pstatic.net/common/?autoRotate=true&type=w560_sharpen&src=https%3A%2F%2Fldb-phinf.pstatic.net%2F20250325_40%2F174282857673941PMq_JPEG%2FKakaoTalk_20250316_215419889.jpg,OK,"hit=a#_autoPlayable img
src_len=183",수 10:00 - 20:00 | 목 10:00 - 20:00 | 금 10:00 - 20:00 | 토 10:00 - 20:00 | 일 10:00 - 20:00 | 월(2/16) 설날 연휴 휴무 | 화(2/17) 설날 휴무 | 02/16-02/18 설날 연휴 휴무,OK,"hit=hours_toggle
aria_before=false
aria_after=true
w9QyJ_count=9
detail_lines=8",0,0
saltbread,daegu,대구 서구 소금빵,수녹,대구광역시 서구 달서로26길 15-5 1층,대구광역시 서구 비산동 415-13 1층,,,"음식점>카페,디저트",1285729227,358732393,128.5729228,35.8732393,,,SEARCH_TIMEOUT_NO_UI,대구 수녹,,,,,,,,,,,,,,,,,0,0
saltbread,daegu,대구 용계 소금빵,카페팔로,대구광역시 동구 반야월로 16 1층,대구광역시 동구 용계동 755-124 1층,,https://www.instagram.com/cafe_pallo,"음식점>카페,디저트",1286902207,358738906,128.6901224,35.8738994,,1340653317.0,SID_OK_AUTO_DETAIL,대구 카페팔로,OK,0507-1325-0688,OK,"[""카페팔로는 대구 용계동에 위치한 아늑한 분위기의 카페입니다."", ""높은 천장과 화이트, 우드톤 인테리어로 편안한 느낌을 주며, 테이블 간격이 넓어 여유롭게 머물기 좋습니다."", ""인기 메뉴인 팔로슈페너와 미니소금빵이 인기 메뉴이며, 상하목장 아이스크림 등 다양한 디저트와 커피를 즐길 수 있습니다.""]",OK,bkeel_count=3,101,"[{""keyword"": ""커피가 맛있어요"", ""count"": 87}, {""keyword"": ""친절해요"", ""count"": 47}, {""keyword"": ""디저트가 맛있어요"", ""count"": 43}, {""keyword"": ""음료가 맛있어요"", ""count"": 33}, {""keyword"": ""매장이 청결해요"", ""count"": 33}]",OK,keyword_count=5 total=101,https://search.pstatic.net/common/?autoRotate=true&type=w560_sharpen&src=https%3A%2F%2Fldb-phinf.pstatic.net%2F20250120_9%2F1737334067565EB9RU_JPEG%2F1000006079.jpg,OK,"hit=a#_autoPlayable img
src_len=164",수 07:00 - 19:00 18:45 라스트오더 | 목 07:00 - 19:00 18:45 라스트오더 | 금 07:00 - 19:00 18:45 라스트오더 | 토 07:00 - 19:00 18:45 라스트오더 | 일 07:00 - 19:00 18:45 라스트오더 | 월(2/16) 휴무 | 화(2/17) 휴무,OK,"hit=hours_toggle
aria_before=false
aria_after=true
w9QyJ_count=9
detail_lines=7",0,0
saltbread,daegu,대구 반야월역 소금빵,카페누 대구혁신도시점,대구광역시 동구 동내로 34 카페 누,대구광역시 동구 괴전동 108-1 카페 누,,https://www.instagram.com/cafe_nous_/,"음식점>카페,디저트",1287345271,358741486,128.7345271,35.8741486,,1723211061.0,SID_OK_AUTO_DETAIL,대구 카페누 대구혁신도시점,OK,053-962-7150,OK,"[""카페누 대구혁신도시점은 혁신도시의 조용한 카페로, 넓고 편안한 좌석과 통창으로 된 인테리어가 특징입니다."", ""소금빵, 에그타르트 등 다양한 베이커리와 커피 메뉴가 준비되어 있으며, 주차가 편리해 직장인이나 가족 단위 방문객에게 인기가 많습니다."", ""특히 소금빵은 겉바속촉한 식감으로 많은 사랑을 받고 있으며, 2층 공간에서는 여유롭게 시간을 보낼 수 있습니다.""]",OK,bkeel_count=3,303,"[{""keyword"": ""커피가 맛있어요"", ""count"": 204}, {""keyword"": ""친절해요"", ""count"": 123}, {""keyword"": ""디저트가 맛있어요"", ""count"": 114}, {""keyword"": ""음료가 맛있어요"", ""count"": 98}, {""keyword"": ""매장이 청결해요"", ""count"": 97}]",OK,keyword_count=5 total=303,https://search.pstatic.net/common/?autoRotate=true&type=w560_sharpen&src=https%3A%2F%2Fldb-phinf.pstatic.net%2F20230509_139%2F1683617284049idWK1_JPEG%2F20230325_170144.jpg,OK,"hit=a#_autoPlayable img
src_len=171",수 09:30 - 22:00 21:30 라스트오더 | 목 09:30 - 22:00 21:30 라스트오더 | 금 09:30 - 22:00 21:30 라스트오더 | 토 10:00 - 22:00 21:30 라스트오더 | 일 10:00 - 22:00 21:30 라스트오더 | 월(2/16) 설날 연휴 휴무 | 화(2/17) 설날 휴무 | 매달 4번째 토요일 정기 휴무,OK,"hit=hours_toggle
aria_before=false
aria_after=true
w9QyJ_count=9
detail_lines=8",0,0
saltbread,daegu,대구 해안역 소금빵,대인베짱,대구광역시 수성구 팔현길 212 파크빌리지 1층,대구광역시 수성구 만촌동 57-23 파크빌리지 1층,,http://www.hotel-interburgo-daegu.com/,"카페,디저트>베이커리",1286597811,358743557,128.6597811,35.8743558,,2071145287.0,SID_OK_AUTO_DETAIL,대구 대인베짱,OK,0507-1443-7224,OK,"[""대구 빵지 순례 코스로 떠오르는 대인베짱은 호텔 베이커리 특유의 고급스러움과 다양한 빵 종류가 강점입니다."", ""단팥빵, 건강빵, 샌드위치 등 기본에 충실하면서도 고급 재료를 사용한 퀄리티 높은 빵을 제공합니다."", ""키즈존과 넓은 주차 공간, 편리한 취식 공간까지 갖춰 가족 단위 방문객에게 특히 추천할 만한 곳입니다.""]",OK,bkeel_count=3,121,"[{""keyword"": ""빵이 맛있어요"", ""count"": 107}, {""keyword"": ""특별한 메뉴가 있어요"", ""count"": 42}, {""keyword"": ""인테리어가 멋져요"", ""count"": 31}, {""keyword"": ""매장이 청결해요"", ""count"": 30}, {""keyword"": ""친절해요"", ""count"": 29}]",OK,keyword_count=5 total=121,https://search.pstatic.net/common/?autoRotate=true&type=w560_sharpen&src=https%3A%2F%2Fldb-phinf.pstatic.net%2F20250616_95%2F1750053373513UVF5y_JPEG%2FYJY_3032.jpg,OK,"hit=a#_autoPlayable img
src_len=163",매일 09:00 - 20:00,OK,"hit=hours_toggle
aria_before=false
aria_after=true
w9QyJ_count=2
detail_lines=1",0,0
saltbread,daegu,대구 다사 소금빵,르빵쇼,대구광역시 달성군 다사읍 세천로9길 45 1층,대구광역시 달성군 다사읍 세천리 1579-7 1층,,https://www.instagram.com/le_pain_chaud,"음식점>카페,디저트",1284781746,358752573,128.4781746,35.8752573,,1861355286.0,SID_OK_AUTO_DETAIL,대구 르빵쇼,OK,0507-1376-0432,OK,"[""르빵쇼는 대구 다사 세천에 위치한 브런치 맛집으로, 다양한 빵과 브런치 메뉴가 인기입니다."", ""마르게따 피자, 감자 그라탕, 봉골레 파스타 등 다양한 메뉴를 제공하며, 특히 양송이 스프와 이탈리안 라구 파스타가 맛있습니다."", ""매장 내부는 높은 층고와 통유리창으로 개방감이 뛰어나며, 루프탑에서는 탁 트인 하늘을 감상할 수 있습니다.""]",OK,bkeel_count=3,435,"[{""keyword"": ""빵이 맛있어요"", ""count"": 231}, {""keyword"": ""커피가 맛있어요"", ""count"": 164}, {""keyword"": ""인테리어가 멋져요"", ""count"": 139}, {""keyword"": ""디저트가 맛있어요"", ""count"": 132}, {""keyword"": ""특별한 메뉴가 있어요"", ""count"": 107}]",OK,keyword_count=5 total=435,https://search.pstatic.net/common/?autoRotate=true&type=w560_sharpen&src=https%3A%2F%2Fldb-phinf.pstatic.net%2F20231218_233%2F1702864749558dnblr_JPEG%2FIMG_0860.jpg,OK,"hit=a#_autoPlayable img
src_len=164","수 09:00 - 20:00 | 목 09:00 - 20:00 | 금 09:00 - 20:00 | 토 09:00 - 20:00 | 일 09:00 - 20:00 | 월 09:00 - 20:00 | 화(2/17) 설날 휴무 | - 1층 홀마감 - 7시30분 ,2층 홀마감 - 7시20분",OK,"hit=hours_toggle
aria_before=false
aria_after=true
w9QyJ_count=10
detail_lines=8",0,0
saltbread,daegu,대구 명덕 소금빵,명덕빵앗간 동대구점,대구광역시 동구 동대구로 503,대구광역시 동구 신천동 74-1,,https://www.instagram.com/md_bbang,"음식점>카페,디저트>베이커리",1286251106,358753935,128.6250931,35.8754045,,1377972724.0,SID_OK_AUTO_DETAIL,대구 명덕빵앗간 동대구점,OK,,PHONE_NOT_FOUND,[],AI_BRIEFING_NOT_FOUND,,421,"[{""keyword"": ""빵이 맛있어요"", ""count"": 367}, {""keyword"": ""친절해요"", ""count"": 153}, {""keyword"": ""커피가 맛있어요"", ""count"": 105}, {""keyword"": ""매장이 청결해요"", ""count"": 98}, {""keyword"": ""특별한 메뉴가 있어요"", ""count"": 81}]",OK,keyword_count=5 total=421,https://search.pstatic.net/common/?autoRotate=true&type=w560_sharpen&src=https%3A%2F%2Fldb-phinf.pstatic.net%2F20250107_23%2F1736235106488Cn8Tk_JPEG%2F002.jpg,OK,"hit=a#_autoPlayable img
src_len=158",수 08:00 - 20:00 | 목 08:00 - 20:00 | 금 08:00 - 20:00 | 토 08:00 - 20:00 | 일 08:00 - 20:00 | 월 08:00 - 20:00 | 화(2/17) 휴무 | 02/17-02/18 휴무 | - 2월17일18일 휴무입니다,OK,"hit=hours_toggle
aria_before=false
aria_after=true
w9QyJ_count=10
detail_lines=9",0,0
saltbread,daegu,대구 대구역 소금빵,빵장수쉐프 롯데백화점 대구점,대구광역시 북구 태평로 161 롯데백화점 식품관 지하2층 빵장수쉐프,대구광역시 북구 칠성동2가 302-155 롯데백화점 식품관 지하2층 빵장수쉐프,,,"카페,디저트>베이커리",1285960048,358755766,128.5961385,35.8758632,,1361546688.0,SID_OK_AUTO_DETAIL,대구 빵장수쉐프 롯데백화점 대구점,OK,053-660-1885,OK,"[""빵장수쉐프 롯데백화점 대구점은 120여 종의 다양한 빵을 합리적인 가격에 제공하는 베이커리입니다."", ""인기 메뉴인 에그타르트, 치즈타르트, 단팥빵은 재료가 풍부하게 들어가 만족도가 높으며, 갈릭바게트와 쪽파베이글 등 특색 있는 메뉴도 인기입니다."", ""백화점 내부에 위치해 접근성이 좋고, 오픈형 주방에서 실시간으로 빵을 구워내 신선함을 유지합니다.""]",OK,bkeel_count=3,2,"[{""keyword"": ""빵이 맛있어요"", ""count"": 1793}, {""keyword"": ""특별한 메뉴가 있어요"", ""count"": 389}, {""keyword"": ""친절해요"", ""count"": 351}, {""keyword"": ""매장이 청결해요"", ""count"": 248}, {""keyword"": ""가성비가 좋아요"", ""count"": 202}]",OK,keyword_count=5 total=2,https://search.pstatic.net/common/?autoRotate=true&type=w560_sharpen&src=https%3A%2F%2Fldb-phinf.pstatic.net%2F20250113_133%2F1736741184351cWcgU_JPEG%2FKakaoTalk_20250113_130506746_03.jpg,OK,"hit=a#_autoPlayable img
src_len=187",수 10:30 - 20:00 | 목 10:30 - 20:00 | 금 10:30 - 20:30 | 토 10:30 - 20:30 | 일 10:30 - 20:30 | 월 10:30 - 20:00 | 화 10:30 - 20:00 | - 롯데백화점 기준에 따라 영업시간 및 휴무일이 동일합니다,OK,"hit=hours_toggle
aria_before=false
aria_after=true
w9QyJ_count=9
detail_lines=8",0,0
saltbread,daegu,대구 동대구역 소금빵,베지로운,대구광역시 동구 송라로16길 11 반도유보라아파트상가 1층 101호,대구광역시 동구 신천동 1507 반도유보라아파트상가 1층 101호,,https://blog.naver.com/vegeloun,"카페,디저트>베이커리",1286196350,358765089,128.6177503,35.8760928,,1018143979.0,SID_OK_AUTO_DETAIL,대구 베지로운,OK,0507-1320-0172,OK,[],AI_BRIEFING_NOT_FOUND,,379,"[{""keyword"": ""빵이 맛있어요"", ""count"": 189}, {""keyword"": ""친절해요"", ""count"": 142}, {""keyword"": ""특별한 메뉴가 있어요"", ""count"": 137}, {""keyword"": ""매장이 청결해요"", ""count"": 76}, {""keyword"": ""건강한 맛이에요"", ""count"": 19}]",OK,keyword_count=5 total=379,https://search.pstatic.net/common/?autoRotate=true&type=w560_sharpen&src=https%3A%2F%2Fldb-phinf.pstatic.net%2F20220216_35%2F1645007742368lffKM_JPEG%2FIMG_7550.JPG,OK,"hit=a#_autoPlayable img
src_len=163",수 12:00 - 19:00 | 목 정기휴무 (매주 목요일) | 금 12:00 - 19:00 | 토 12:00 - 19:00 | 일 정기휴무 (매주 일요일) | 월 정기휴무 (매주 월요일) | 화(2/17) 설날 휴무,OK,"hit=hours_toggle
aria_before=false
aria_after=true
w9QyJ_count=9
detail_lines=7",0,0
saltbread,daegu,대구 동대구역 소금빵,두낫디스터브 동대구점,대구광역시 동구 동부로30길 9 나동 1층,대구광역시 동구 신천동 381-1 나동 1층,,http://instagram.com/donot_dongdaegu,"음식점>카페,디저트",1286290992,358762545,128.6290992,35.8762545,,1644025689.0,SID_OK_AUTO_DETAIL,대구 두낫디스터브 동대구점,OK,0507-1394-5125,OK,[],AI_BRIEFING_NOT_FOUND,,968,"[{""keyword"": ""커피가 맛있어요"", ""count"": 404}, {""keyword"": ""인테리어가 멋져요"", ""count"": 274}, {""keyword"": ""음료가 맛있어요"", ""count"": 236}, {""keyword"": ""대화하기 좋아요"", ""count"": 201}, {""keyword"": ""디저트가 맛있어요"", ""count"": 199}]",OK,keyword_count=5 total=968,https://search.pstatic.net/common/?autoRotate=true&type=w560_sharpen&src=https%3A%2F%2Fldb-phinf.pstatic.net%2F20240512_225%2F1715522136763QpdMa_JPEG%2Ftemp_file.jpg,OK,"hit=a#_autoPlayable img
src_len=165",수 정기휴무 (매주 수요일) | 목 11:00 - 20:00 19:30 라스트오더 | 금 11:00 - 21:00 20:30 라스트오더 | 토 11:00 - 21:00 20:30 라스트오더 | 일 11:00 - 20:00 19:30 라스트오더 | 월(2/16) 설날 연휴12:00 - 21:00 | 화(2/17) 설날12:00 - 21:00,OK,"hit=hours_toggle
aria_before=false
aria_after=true
w9QyJ_count=8
detail_lines=7",0,0
saltbread,daegu,대구 반야월역 소금빵,데어오스텐,대구광역시 동구 이노밸리로56길 6,대구광역시 동구 신서동 1159-8,,http://www.instagram.com/cafe_derosten,"음식점>카페,디저트",1287265505,358775466,128.726553,35.8775716,,1385036054.0,SID_OK_AUTO_DETAIL,대구 데어오스텐,OK,0507-1325-7283,OK,"[""데어오스텐은 대구 동구 신서동에 위치한 아늑한 분위기의 디저트 카페입니다."", ""골목 속에 자리해 있어 조용하며, 감성적인 인테리어가 돋보입니다."", ""특히 소금빵, 마들렌, 까눌레, 에그타르트 등 다양한 구움과자가 인기 메뉴입니다."", ""사장님의 친절한 설명과 포장 서비스도 만족스러우며, 아기의자가 마련되어 있어 가족 단위 방문에도 적합합니다.""]",OK,bkeel_count=4,610,"[{""keyword"": ""디저트가 맛있어요"", ""count"": 144}, {""keyword"": ""커피가 맛있어요"", ""count"": 89}, {""keyword"": ""친절해요"", ""count"": 80}, {""keyword"": ""매장이 청결해요"", ""count"": 44}, {""keyword"": ""특별한 메뉴가 있어요"", ""count"": 41}]",OK,keyword_count=5 total=610,https://search.pstatic.net/common/?autoRotate=true&type=w560_sharpen&src=https%3A%2F%2Fldb-phinf.pstatic.net%2F20240615_174%2F1718415560700JzkvD_JPEG%2FFE4B4969-0D02-42AC-BDC6-655E0048043E.jpeg,OK,"hit=a#_autoPlayable img
src_len=193",수 11:00 - 17:00 | 목 11:00 - 17:00 | 금 11:00 - 17:00 | 토 정기휴무 (매주 토요일) | 일 정기휴무 (매주 일요일) | 월(2/16) 설날 연휴10:00 - 14:00 | 화(2/17) 설날10:00 - 14:00 | 03/01 삼일절 휴무,OK,"hit=hours_toggle
aria_before=false
aria_after=true
w9QyJ_count=9
detail_lines=8",0,0
saltbread,daegu,대구 만촌 소금빵,바파바로 베이커리카페 동촌유원지점,대구광역시 수성구 효행로 5,대구광역시 수성구 만촌동 산28-3,,https://www.instagram.com/bapabaro_cafe?igsh=MWlsNnFxcW4xY2V2aw%3D%3D&utm_source=qr,"카페,디저트>베이커리",1286512448,358778504,128.651149,35.8778658,,1964462990.0,SID_OK_AUTO_DETAIL,대구 바파바로 베이커리카페 동촌유원지점,OK,0507-1376-6080,OK,"[""바파바로 베이커리카페 동촌유원지점은 동촌유원지 인근의 대형 카페로, 넓은 주차장과 단체석이 마련되어 있습니다."", ""인기 메뉴인 안데스 소금빵은 겉바속촉의 식감과 풍부한 버터향이 인상적이며, 커피 메뉴도 다양하게 제공됩니다."", ""좌식 공간과 야외 테라스에서 여유로운 시간을 보내기 좋습니다.""]",OK,bkeel_count=3,1,"[{""keyword"": ""커피가 맛있어요"", ""count"": 683}, {""keyword"": ""빵이 맛있어요"", ""count"": 666}, {""keyword"": ""디저트가 맛있어요"", ""count"": 404}, {""keyword"": ""주차하기 편해요"", ""count"": 304}, {""keyword"": ""음료가 맛있어요"", ""count"": 298}]",OK,keyword_count=5 total=1,https://search.pstatic.net/common/?autoRotate=true&type=w560_sharpen&src=https%3A%2F%2Fldb-phinf.pstatic.net%2F20240321_262%2F1711014324155iwjMa_JPEG%2FIMG_0418.jpeg,OK,"hit=a#_autoPlayable img
src_len=165",수 09:00 - 21:00 20:30 라스트오더 | 목 09:00 - 21:00 20:30 라스트오더 | 금 09:00 - 21:30 21:00 라스트오더 | 토 09:00 - 21:30 21:00 라스트오더 | 일(2/15) 09:00 - 21:30 | 월(2/16) 09:00 - 21:30 | 화(2/17) 12:00 - 21:30 | - 마감 1시간 전 **빵 종류** 30% 마감 세일,OK,"hit=hours_toggle
aria_before=false
aria_after=true
w9QyJ_count=9
detail_lines=8",0,0
saltbread,daegu,대구 신천 소금빵 베이커리,소맥베이커리 신세계백화점 대구점,대구광역시 동구 동부로 149 지하1층,대구광역시 동구 신천동 1506 지하1층,,https://www.instagram.com/somacbakery,"카페,디저트>베이커리",1286281157,358773879,128.62919,35.8779407,,1231761501.0,SID_OK_AUTO_DETAIL,대구 소맥베이커리 신세계백화점 대구점,OK,053-661-1743,OK,"[""소맥베이커리 신세계백화점 대구점은 콩크림빵(아문당), 크림치즈바게트, 72겹식빵 등 다양한 인기 메뉴를 자랑하는 베이커리입니다."", ""크림치즈바게트는 부드럽고 쫀득한 크림치즈와 바삭한 바게트가 조화롭게 어우러져 인기가 높으며, 72겹식빵은 독특한 식감으로 사랑받고 있습니다.""]",OK,bkeel_count=2,313,"[{""keyword"": ""빵이 맛있어요"", ""count"": 284}, {""keyword"": ""특별한 메뉴가 있어요"", ""count"": 62}, {""keyword"": ""친절해요"", ""count"": 60}, {""keyword"": ""매장이 청결해요"", ""count"": 29}, {""keyword"": ""가성비가 좋아요"", ""count"": 23}]",OK,keyword_count=5 total=313,https://search.pstatic.net/common/?autoRotate=true&type=w560_sharpen&src=https%3A%2F%2Fldb-phinf.pstatic.net%2F20250219_226%2F17399244628861UlCL_PNG%2F%25BD%25BA%25C5%25A9%25B8%25B0%25BC%25A6_2025-02-19_%25BF%25C0%25C0%25FC_9.20.36.png,OK,"hit=a#_autoPlayable img
src_len=235",수 10:30 - 20:00 | 목 10:30 - 20:00 | 금 10:30 - 20:30 | 토 10:30 - 20:30 | 일 10:30 - 20:30 | 월(2/16) 설날 연휴10:30 - 20:30 | 화(2/17) 설날 휴무 | - 백화점 정기휴점일에 휴업,OK,"hit=hours_toggle
aria_before=false
aria_after=true
w9QyJ_count=10
detail_lines=8",0,0
saltbread,daegu,대구 동대구역 소금빵,노티드 대구신세계,대구광역시 동구 동부로 149 신세계백화점 대구점 지하 1층,대구광역시 동구 신천동 1506 신세계백화점 대구점 지하 1층,,https://smartstore.naver.com/cafeknotted,"음식점>카페,디저트>카페",1286282686,358775670,128.62919,35.8779407,,,SEARCH_TIMEOUT_NO_UI,대구 노티드 대구신세계,,,,,,,,,,,,,,,,,0,0
saltbread,daegu,대구 동대구역 소금빵 베이커리,겐츠베이커리 신세계백화점 대구점,대구광역시 동구 동부로 149 신세계동대구복합환승센터 지하 1층,대구광역시 동구 신천동 1506 신세계동대구복합환승센터 지하 1층,,,"카페,디저트>베이커리",1286283069,358778773,128.62919,35.8779407,,,SEARCH_TIMEOUT_NO_UI,대구 겐츠베이커리 신세계백화점 대구점,,,,,,,,,,,,,,,,,0,0
saltbread,daegu,대구 방촌 소금빵,카페혜화,대구광역시 동구 동촌로56길 29 1층 카페혜화,대구광역시 동구 방촌동 1113-231 1층 카페혜화,,https://www.instagram.com/cafe_hyehwa,"음식점>카페,디저트",1286696408,358781931,128.6696408,35.8781931,,,SEARCH_TIMEOUT_NO_UI,대구 카페혜화,,,,,,,,,,,,,,,,,0,0
saltbread,daegu,대구 강창역 소금빵,벨베꼼메,대구광역시 달성군 다사읍 세천북로 66,대구광역시 달성군 다사읍 세천리 162,,https://www.instagram.com/velbekomme_official,"음식점>카페,디저트",1284750728,358782158,128.4750728,35.8782158,,1153579905.0,SID_OK_AUTO_DETAIL,대구 벨베꼼메,OK,0507-1390-1620,OK,"[""벨베꼼메는 대구 세천에 위치한 대형 카페로, 넓고 쾌적한 공간과 멋진 인테리어가 돋보입니다."", ""주차장이 넓어 주차가 편리하며, 키오스크와 카운터 주문 모두 가능합니다."", ""치아바타 샌드위치, 트러플양송이스프세트 등 브런치 메뉴와 빈티지커피, 옥수수크림라떼 등 다양한 음료가 인기입니다.""]",OK,bkeel_count=3,2,"[{""keyword"": ""커피가 맛있어요"", ""count"": 1102}, {""keyword"": ""인테리어가 멋져요"", ""count"": 940}, {""keyword"": ""디저트가 맛있어요"", ""count"": 828}, {""keyword"": ""주차하기 편해요"", ""count"": 466}, {""keyword"": ""음료가 맛있어요"", ""count"": 373}]",OK,keyword_count=5 total=2,https://search.pstatic.net/common/?autoRotate=true&type=w560_sharpen&src=https%3A%2F%2Fldb-phinf.pstatic.net%2F20240131_103%2F1706687133647uj3NC_JPEG%2F%25BA%25B0%25B0%25FC%25B3%25BB%25BA%25CE.jpg,OK,"hit=a#_autoPlayable img
src_len=196",매일 10:00 - 22:00 21:30 라스트오더 | - 벨베꼼메는 연중무휴입니다:),OK,"hit=hours_toggle
aria_before=false
aria_after=true
w9QyJ_count=3
detail_lines=2",0,0
saltbread,daegu,대구 북구청역 소금빵,르페이버리,대구광역시 북구 칠성남로 100,대구광역시 북구 칠성동2가 738,,https://www.instagram.com/lefavori_bakery,"카페,디저트>베이커리",1285917973,358781575,128.5916174,35.8782561,,1623174184.0,SID_OK_AUTO_DETAIL,대구 르페이버리,OK,0507-1389-9872,OK,"[""르페이버리는 대구 침산동에서 유명한 빵지순례 코스로, 크로아상과 페이스트리류가 특히 뛰어난 맛을 자랑합니다."", ""뺑오쇼콜라에는 프랑스/벨기에 초콜릿 스틱이 들어있어 풍부한 맛을 느낄 수 있으며, 소금빵은 볼륨감 있고 부드러운 식감이 특징입니다."", ""매장 내부는 깔끔하고 아늑한 분위기로, 프랑스 유학파 쉐프의 정성이 담긴 빵들을 만나볼 수 있습니다.""]",OK,bkeel_count=3,802,"[{""keyword"": ""빵이 맛있어요"", ""count"": 760}, {""keyword"": ""특별한 메뉴가 있어요"", ""count"": 513}, {""keyword"": ""디저트가 맛있어요"", ""count"": 271}, {""keyword"": ""인테리어가 멋져요"", ""count"": 258}, {""keyword"": ""친절해요"", ""count"": 227}]",OK,keyword_count=5 total=802,https://search.pstatic.net/common/?autoRotate=true&type=w560_sharpen&src=https%3A%2F%2Fldb-phinf.pstatic.net%2F20250723_47%2F1753278297329KOknW_JPEG%2F1000042683.jpg,OK,"hit=a#_autoPlayable img
src_len=165",수 10:00 - 20:00 | 목 10:00 - 20:00 | 금 10:00 - 20:00 | 토 10:00 - 20:00 | 일 10:00 - 20:00 | 월(2/16) 설날 연휴10:00 - 20:00 | 화(2/17) 10:00 - 20:00,OK,"hit=hours_toggle
aria_before=false
aria_after=true
w9QyJ_count=8
detail_lines=7",0,0
saltbread,daegu,대구 문양역 소금빵,로드135커피,대구광역시 달성군 하빈면 달구벌대로55길 88 로드135커피,대구광역시 달성군 하빈면 동곡리 135 로드135커피,,,"음식점>카페,디저트",1284187777,358782678,128.4187777,35.8782678,,1555543564.0,SID_OK_AUTO_DETAIL,대구 로드135커피,OK,0507-1463-1203,OK,"[""로드135커피는 동곡 칼국수 거리에 위치한 아늑한 분위기의 카페입니다."", ""소금빵과 블루베리 식빵이 유명하며, 사장님이 직접 구워낸 빵의 풍미가 뛰어납니다."", ""넓은 주차장과 편안한 소파 좌석이 마련되어 있어 단체 방문에도 적합합니다."", ""특히 야외 테라스에서는 산과 자연 경관을 감상할 수 있어 힐링하기 좋습니다.""]",OK,bkeel_count=4,1,"[{""keyword"": ""커피가 맛있어요"", ""count"": 743}, {""keyword"": ""인테리어가 멋져요"", ""count"": 578}, {""keyword"": ""디저트가 맛있어요"", ""count"": 550}, {""keyword"": ""친절해요"", ""count"": 519}, {""keyword"": ""음료가 맛있어요"", ""count"": 365}]",OK,keyword_count=5 total=1,https://search.pstatic.net/common/?autoRotate=true&type=w560_sharpen&src=https%3A%2F%2Fldb-phinf.pstatic.net%2F20250130_29%2F1738222035065AU9hU_JPEG%2F1000004964.jpg,OK,"hit=a#_autoPlayable img
src_len=165",수 10:00 - 18:00 | 목 10:00 - 18:00 | 금 10:00 - 18:00 | 토 10:00 - 18:00 | 일 10:00 - 18:00 | 월 정기휴무 (매주 월요일) | 화 10:00 - 18:00,OK,"hit=hours_toggle
aria_before=false
aria_after=true
w9QyJ_count=8
detail_lines=7",0,0
saltbread,daegu,대구 각산 소금빵,미소띤 하루,대구광역시 동구 이노밸리로 168,대구광역시 동구 각산동 1080-3,,https://blog.naver.com/kyh97940,"카페,디저트>베이커리",1287156243,358784822,128.7156947,35.8783833,,1178156464.0,SID_OK_AUTO_DETAIL,대구 미소띤 하루,OK,0507-1373-9794,OK,"[""미소띤 하루는 대구 동구에 위치한 베이커리로, 큼직하고 맛있는 빵으로 유명합니다."", ""옥수수 식빵과 우유 식빵은 부드럽고 은은한 단맛이 특징이며, 엘리게이터 페스츄리 파이와 블루베리 파이도 바삭하고 맛있습니다."", ""소금빵은 크기가 크고 가격이 합리적이며, 건강한 재료로 만든 다양한 빵을 제공합니다.""]",OK,bkeel_count=3,909,"[{""keyword"": ""빵이 맛있어요"", ""count"": 614}, {""keyword"": ""친절해요"", ""count"": 142}, {""keyword"": ""특별한 메뉴가 있어요"", ""count"": 139}, {""keyword"": ""가성비가 좋아요"", ""count"": 107}, {""keyword"": ""커피가 맛있어요"", ""count"": 82}]",OK,keyword_count=5 total=909,https://search.pstatic.net/common/?autoRotate=true&type=w560_sharpen&src=https%3A%2F%2Fldb-phinf.pstatic.net%2F20240527_274%2F1716792918099dKFQV_JPEG%2FDSC08234.JPG,OK,"hit=a#_autoPlayable img
src_len=164",수 08:30 - 22:30 | 목 08:30 - 22:30 | 금 08:30 - 22:30 | 토 08:30 - 22:30 | 일 08:30 - 22:30 | 월 08:30 - 22:30 | 화(2/17) 설날 휴무,OK,"hit=hours_toggle
aria_before=false
aria_after=true
w9QyJ_count=9
detail_lines=7",0,0
saltbread,daegu,대구 각산 소금빵,레귤러커피바 대구혁신도시,대구광역시 동구 이노밸리로 158 1층 102호 레귤러커피바,대구광역시 동구 각산동 1080 1층 102호 레귤러커피바,,https://www.instagram.com/regularcoffeebar_,"음식점>카페,디저트",1287144561,358785872,128.7145151,35.8784732,,1779768728.0,SID_OK_AUTO_DETAIL,대구 레귤러커피바 대구혁신도시,OK,0507-2093-9344,OK,"[""레귤러커피바 대구혁신도시점은 다양한 필터커피와 인기 메뉴를 제공하는 커피 전문점입니다."", ""각산동 라떼는 연유와 바닐라빈의 조화로운 맛이 일품이며, 디카페인 옵션도 가능합니다."", ""감각적인 인테리어와 편안한 좌석 배치가 돋보이며, 지하주차장과 상가 뒤편 주차 공간을 이용할 수 있어 접근성이 좋습니다.""]",OK,bkeel_count=3,75,"[{""keyword"": ""커피가 맛있어요"", ""count"": 68}, {""keyword"": ""디저트가 맛있어요"", ""count"": 26}, {""keyword"": ""친절해요"", ""count"": 25}, {""keyword"": ""음료가 맛있어요"", ""count"": 23}, {""keyword"": ""인테리어가 멋져요"", ""count"": 22}]",OK,keyword_count=5 total=75,https://search.pstatic.net/common/?autoRotate=true&type=w560_sharpen&src=https%3A%2F%2Fldb-phinf.pstatic.net%2F20251202_218%2F1764669521056djk1e_JPEG%2FIMG_3976.jpeg,OK,"hit=a#_autoPlayable img
src_len=165",매일 09:00 - 22:00 21:30 라스트오더,OK,"hit=hours_toggle
aria_before=false
aria_after=true
w9QyJ_count=2
detail_lines=1",0,0
saltbread,daegu,대구 아양교역 소금빵,카페탬퍼,대구광역시 동구 동부로 207 1층 대경사과원예농협 본사 1층 하나로마트내부,대구광역시 동구 효목동 288 1층 대경사과원예농협 본사 1층 하나로마트내부,,,"카페,디저트>카페",1286344863,358792787,128.6344367,35.8793215,,2047452560.0,SID_OK_AUTO_DETAIL,대구 카페탬퍼,OK,0507-1356-8397,OK,[],AI_BRIEFING_NOT_FOUND,,5,[],VISITOR_REVIEW_KEYWORDS_NOT_FOUND,,https://search.pstatic.net/common/?autoRotate=true&type=w560_sharpen&src=https%3A%2F%2Fldb-phinf.pstatic.net%2F20251226_226%2F1766747673127wqVfd_JPEG%2FIMG_0952.jpeg,OK,"hit=a#_autoPlayable img
src_len=165",수 09:00 - 19:00 | 목 09:00 - 19:00 | 금 09:00 - 19:00 | 토 10:00 - 18:00 | 일 정기휴무 (매주 일요일) | 월 09:00 - 19:00 | 화(2/17) 설날 휴무 | 02/17-02/18 휴무,OK,"hit=hours_toggle
aria_before=false
aria_after=true
w9QyJ_count=9
detail_lines=8",0,0
saltbread,daegu,대구 소금빵,슬로우벗베럴 대구점,대구광역시 동구 신평로 113,대구광역시 동구 신평동 313-1,,https://www.instagram.com/slow_but_better_official,"음식점>카페,디저트",1286822174,358794148,128.6822274,35.8794404,,1905610966.0,SID_OK_AUTO_DETAIL,대구 슬로우벗베럴 대구점,OK,0507-1305-9611,OK,"[""슬로우벗베럴 대구점은 대구 동구에 위치한 대형 베이커리 카페로, 다양한 빵과 디저트를 함께 즐길 수 있습니다."", ""특히 딸기 크로와상과 소보루 소금빵 등이 인기 메뉴이며, 시그니처 음료들도 많은 사랑을 받고 있습니다."", ""매장 내부는 넓고 좌석이 많아 가족 단위나 단체 방문객에게 적합합니다.""]",OK,bkeel_count=3,15,"[{""keyword"": ""커피가 맛있어요"", ""count"": 11032}, {""keyword"": ""디저트가 맛있어요"", ""count"": 9080}, {""keyword"": ""인테리어가 멋져요"", ""count"": 8835}, {""keyword"": ""음료가 맛있어요"", ""count"": 5378}, {""keyword"": ""매장이 넓어요"", ""count"": 5228}]",OK,keyword_count=5 total=15,https://search.pstatic.net/common/?autoRotate=true&type=w560_sharpen&src=https%3A%2F%2Fldb-phinf.pstatic.net%2F20240713_99%2F1720798933918XY9JO_JPEG%2F%25BB%25A7_%25C0%25BD%25B7%25E1_%25BD%25C3%25B8%25AE%25C1%25EE_3.jpg,OK,"hit=a#_autoPlayable img
src_len=219",매일 10:30 - 22:00 21:30 라스트오더,OK,"hit=hours_toggle
aria_before=false
aria_after=true
w9QyJ_count=2
detail_lines=1",0,0
saltbread,daegu,대구 각산 소금빵,노커커피 각산,"대구광역시 동구 과학로 12 1층 101호, 2층 201호","대구광역시 동구 각산동 1072-1 1층 101호, 2층 201호",,https://100원커피이벤트-선착순주문하기.com,"음식점>카페,디저트",1287165182,358798061,128.7165735,35.8797661,,1982092194.0,SID_OK,대구 노커커피 각산,OK,0507-1371-7674,OK,"[""노커커피 각산은 브런치와 디저트를 즐기기 좋은 혁신도시 카페입니다."", ""특히 에그베네딕트와 스콘, 블루베리 크럼블 등 다양한 메뉴가 준비되어 있으며, 시그니처 블렌딩 라떼와 아메리카노도 맛있습니다."", ""2층 공원 뷰 좌석에서 여유롭게 브런치를 즐기거나 단체 모임을 하기에 적합한 공간입니다."", ""주차 공간도 넉넉해 방문이 편리합니다.""]",OK,bkeel_count=4,778,"[{""keyword"": ""커피가 맛있어요"", ""count"": 588}, {""keyword"": ""디저트가 맛있어요"", ""count"": 373}, {""keyword"": ""인테리어가 멋져요"", ""count"": 314}, {""keyword"": ""음료가 맛있어요"", ""count"": 240}, {""keyword"": ""대화하기 좋아요"", ""count"": 214}]",OK,keyword_count=5 total=778,https://search.pstatic.net/common/?autoRotate=true&type=w560_sharpen&src=https%3A%2F%2Fldb-phinf.pstatic.net%2F20250701_11%2F1751325601146rfAUB_PNG%2F7D870CFF-9DF7-4A0C-9999-2C4580F15ABF.png,OK,"hit=a#_autoPlayable img
src_len=190",수 09:00 - 22:00 21:45 라스트오더 | 목 09:00 - 22:00 21:45 라스트오더 | 금 09:00 - 22:00 21:45 라스트오더 | 토 10:00 - 21:00 20:45 라스트오더 | 일 10:00 - 21:00 20:45 라스트오더 | 월(2/16) 설날 연휴10:00 - 22:00 | 화(2/17) 설날10:00 - 22:00,OK,"hit=hours_toggle
aria_before=false
aria_after=true
w9QyJ_count=8
detail_lines=7",0,0
saltbread,daegu,대구 북구청 소금빵,앙쥬베이커리,대구광역시 북구 고성로 154 1층,대구광역시 북구 고성동2가 111-2 1층,,,"카페,디저트>베이커리",1285825188,358809888,128.5825188,35.8809888,,,SEARCH_TIMEOUT_NO_UI,대구 앙쥬베이커리,,,,,,,,,,,,,,,,,0,0
saltbread,daegu,대구 방촌역 소금빵,드롭탑 동촌유원지점,대구광역시 동구 효동로6길 86 1층,대구광역시 동구 효목동 1010-10 1층,,,"음식점>카페,디저트",1286517438,358815686,128.6517236,35.881539,,1003056576.0,SID_OK_AUTO_DETAIL,대구 드롭탑 동촌유원지점,OK,0507-1387-3017,OK,[],AI_BRIEFING_NOT_FOUND,,581,"[{""keyword"": ""커피가 맛있어요"", ""count"": 290}, {""keyword"": ""대화하기 좋아요"", ""count"": 100}, {""keyword"": ""디저트가 맛있어요"", ""count"": 99}, {""keyword"": ""음료가 맛있어요"", ""count"": 96}, {""keyword"": ""친절해요"", ""count"": 89}]",OK,keyword_count=5 total=581,https://search.pstatic.net/common/?autoRotate=true&type=w560_sharpen&src=https%3A%2F%2Fpup-review-phinf.pstatic.net%2FMjAyNTEwMDdfMTA1%2FMDAxNzU5ODI2MzU4NDYx.pqhZjZnbO18Q1IVprdlewBQFJdegJtF9NDjYSeVz0yog.WOmXRlSw8uYGB8mavoDWbMYfjemjBWvDQlAoH3ph2oYg.JPEG%2F20251006_130540.jpg.jpg,OK,"hit=a#_autoPlayable img
src_len=278",매일 08:00 - 24:00,OK,"hit=hours_toggle
aria_before=false
aria_after=true
w9QyJ_count=2
detail_lines=1",0,0
saltbread,daegu,대구 북구청 소금빵,바지크,대구광역시 북구 고성북로6길 2 1층 바지크,대구광역시 북구 고성동3가 6-324 1층 바지크,,https://www.instagram.com/bazzikk__cafe,"카페,디저트>베이커리",1285830264,358816568,128.5830264,35.8816568,,2010644170.0,SID_OK_AUTO_DETAIL,대구 바지크,OK,0507-1462-3049,OK,"[""바지크는 대구에서 핫한 브런치 카페로, 소금빵과 잠봉뵈르 샌드위치가 인기 메뉴입니다."", ""카페 내부는 아기자기한 유럽풍 인테리어로 꾸며져 있으며, 좌석이 넉넉해 편안하게 이용할 수 있습니다."", ""커피 메뉴는 롱블랙부터 특색 있는 라떼까지 다양하게 제공되며, 샌드위치는 신선한 재료와 바삭한 바게트의 조합이 일품입니다.""]",OK,bkeel_count=3,657,"[{""keyword"": ""빵이 맛있어요"", ""count"": 608}, {""keyword"": ""커피가 맛있어요"", ""count"": 396}, {""keyword"": ""인테리어가 멋져요"", ""count"": 392}, {""keyword"": ""특별한 메뉴가 있어요"", ""count"": 195}, {""keyword"": ""친절해요"", ""count"": 185}]",OK,keyword_count=5 total=657,https://search.pstatic.net/common/?autoRotate=true&type=w560_sharpen&src=https%3A%2F%2Fldb-phinf.pstatic.net%2F20260120_53%2F1768887678411pHyrl_JPEG%2F1000029818.jpg,OK,"hit=a#_autoPlayable img
src_len=165",매일 09:30 - 20:00,OK,"hit=hours_toggle
aria_before=false
aria_after=true
w9QyJ_count=2
detail_lines=1",0,0
saltbread,daegu,대구 신천역 소금빵,한스브라운,대구광역시 북구 대현남로 41,대구광역시 북구 대현동 395-1,,,"카페,디저트>베이커리",1286073825,358817332,128.6073237,35.881715,,1312944162.0,SID_OK_AUTO_DETAIL,대구 한스브라운,OK,053-955-5445,OK,"[""한스브라운은 추억의 옛날 빵부터 시즌 한정 디저트까지 다양한 메뉴를 제공하는 동네 베이커리입니다."", ""특히 딸기케이크와 타르트는 질리지 않는 맛으로 선물용으로도 인기입니다."", ""음료는 일반 카페보다 저렴한 가격에 판매되며, 샐러드 등 식사 대용 메뉴도 준비되어 있습니다."", ""테이블 회전율이 높고 주차 공간이 넉넉해 방문이 편리합니다.""]",OK,bkeel_count=4,1,"[{""keyword"": ""빵이 맛있어요"", ""count"": 937}, {""keyword"": ""친절해요"", ""count"": 223}, {""keyword"": ""특별한 메뉴가 있어요"", ""count"": 207}, {""keyword"": ""매장이 청결해요"", ""count"": 191}, {""keyword"": ""커피가 맛있어요"", ""count"": 127}]",OK,keyword_count=5 total=1,https://search.pstatic.net/common/?autoRotate=true&type=w560_sharpen&src=https%3A%2F%2Fpup-review-phinf.pstatic.net%2FMjAyNjAxMTBfODIg%2FMDAxNzY4MDExNDcyMzU4.ti_FK1J0cYjtLQ7wDyO_GIK5ThRijwkmDNUUZ9JK9pYg.aX--WEbgvqhHRhP3oVBPlu6KNBKDDmHgzBHmutsjDGog.JPEG%2FA61A5D91-B4CE-480D-B008-6F4B65FC0EF2.jpeg,OK,"hit=a#_autoPlayable img
src_len=296",매일 07:30 - 22:00 | - 매장이용은 21시까지,OK,"hit=hours_toggle
aria_before=false
aria_after=true
w9QyJ_count=3
detail_lines=2",0,0
saltbread,daegu,대구 달성공원역 소금빵,빌리웍스,대구광역시 북구 고성북로10길 41 빌리웍스,대구광역시 북구 고성동3가 1-13 빌리웍스,,http://billyworks.kr,"음식점>카페,디저트",1285884946,358831446,128.5885012,35.8831427,,1237583745.0,SID_OK_AUTO_DETAIL,대구 빌리웍스,OK,053-351-0302,OK,"[""빌리웍스는 대구 북구 고성동 카페로, 넓은 2층 공간과 편안한 소파 좌석이 특징입니다."", ""채광이 좋아 자연광 아래서 여유롭게 시간을 보낼 수 있으며, 단체석부터 아기의자까지 다양한 편의시설을 갖췄습니다."", ""원두는 산미 있는 아티산과 묵직한 살바토레 중 선택 가능하며, 디카페인 옵션도 제공됩니다."", ""베이커리와 함께 빌리웍스라떼를 즐기기에 좋은 장소입니다.""]",OK,bkeel_count=4,2,"[{""keyword"": ""커피가 맛있어요"", ""count"": 471}, {""keyword"": ""인테리어가 멋져요"", ""count"": 318}, {""keyword"": ""디저트가 맛있어요"", ""count"": 225}, {""keyword"": ""음료가 맛있어요"", ""count"": 189}, {""keyword"": ""대화하기 좋아요"", ""count"": 178}]",OK,keyword_count=5 total=2,https://search.pstatic.net/common/?autoRotate=true&type=w560_sharpen&src=https%3A%2F%2Fldb-phinf.pstatic.net%2F20180121_35%2F1516524741154OjxNf_JPEG%2F3rypGfVK6ZdA9pre9e6ozDEm.jpg,OK,"hit=a#_autoPlayable img
src_len=179",매일 12:00 - 22:30 22:10 라스트오더,OK,"hit=hours_toggle
aria_before=false
aria_after=true
w9QyJ_count=2
detail_lines=1",0,0
saltbread,daegu,대구 아양교 소금빵,인스퍼레이션디 동촌유원지,대구광역시 동구 효동로6길 57 인스퍼레이션디 동촌유원지,대구광역시 동구 효목동 979 인스퍼레이션디 동촌유원지,,,"음식점>카페,디저트",1286490834,358832723,128.6490788,35.8832136,,1276138588.0,SID_OK_AUTO_DETAIL,대구 인스퍼레이션디 동촌유원지,OK,0507-1369-7711,OK,[],AI_BRIEFING_NOT_FOUND,,1,"[{""keyword"": ""커피가 맛있어요"", ""count"": 676}, {""keyword"": ""디저트가 맛있어요"", ""count"": 498}, {""keyword"": ""뷰가 좋아요"", ""count"": 477}, {""keyword"": ""인테리어가 멋져요"", ""count"": 434}, {""keyword"": ""음료가 맛있어요"", ""count"": 329}]",OK,keyword_count=5 total=1,https://search.pstatic.net/common/?autoRotate=true&type=w560_sharpen&src=https%3A%2F%2Fldb-phinf.pstatic.net%2F20240902_166%2F1725254583433dmeuH_JPEG%2FKakaoTalk_20240902_142027639_01.jpg,OK,"hit=a#_autoPlayable img
src_len=187",수 10:30 - 22:15 22:05 라스트오더 | 목 10:30 - 22:15 22:05 라스트오더 | 금 10:30 - 22:15 22:05 라스트오더 | 토 10:30 - 22:15 22:05 라스트오더 | 일 10:30 - 21:45 21:35 라스트오더 | 월 10:30 - 22:15 22:05 라스트오더 | 화 10:30 - 22:15 22:05 라스트오더,OK,"hit=hours_toggle
aria_before=false
aria_after=true
w9QyJ_count=8
detail_lines=7",0,0
saltbread,daegu,대구 아양교 소금빵,해월당 대구동촌유원지점,대구광역시 동구 효동로6길 5-26 1~4층,대구광역시 동구 효목동 212-272 1~4층,,https://www.youtube.com/@haewoldang_official,"카페,디저트>베이커리",1286468717,358833734,128.6468717,35.8833735,,1102029015.0,SID_OK_AUTO_DETAIL,대구 해월당 대구동촌유원지점,OK,0507-1426-1858,OK,"[""해월당 대구동촌유원지점은 결혼식이나 모임 후 방문하기 좋은 대형 카페입니다."", ""1층 베이커리부터 4층 루프탑까지 다양한 공간에서 금호강 뷰를 즐길 수 있으며, 좌식 테이블부터 단체석까지 좌석 선택의 폭이 넓습니다."", ""해월 아인슈페너는 솔트크림이 올라간 인기 메뉴로, 달콤꼬소한 맛으로 특별한 커피 경험을 선사합니다.""]",OK,bkeel_count=3,873,"[{""keyword"": ""빵이 맛있어요"", ""count"": 611}, {""keyword"": ""커피가 맛있어요"", ""count"": 417}, {""keyword"": ""뷰가 좋아요"", ""count"": 389}, {""keyword"": ""인테리어가 멋져요"", ""count"": 220}, {""keyword"": ""음료가 맛있어요"", ""count"": 140}]",OK,keyword_count=5 total=873,https://search.pstatic.net/common/?autoRotate=true&type=w560_sharpen&src=https%3A%2F%2Fldb-phinf.pstatic.net%2F20241004_249%2F1728024635959eBJei_JPEG%2FKakaoTalk_20241002_123739348_02.jpg,OK,"hit=a#_autoPlayable img
src_len=187",매일 09:00 - 21:40 21:30 라스트오더,OK,"hit=hours_toggle
aria_before=false
aria_after=true
w9QyJ_count=2
detail_lines=1",0,0
saltbread,daegu,대구 원대역 소금빵,로비아네,대구광역시 북구 옥산로 111 1층,대구광역시 북구 칠성동2가 2-4 1층,,,"음식점>카페,디저트",1285882497,358844463,128.5882497,35.8844463,,1556718497.0,SID_OK_AUTO_DETAIL,대구 로비아네,OK,053-255-1805,OK,"[""로비아네는 대구 침산동에 위치한 대형 카페로, 상하 목장 아이스크림으로 만든 아이스크림 라떼가 인기 메뉴입니다."", ""넓은 공간에 다양한 좌석(소파, 단체석, 노트북용 테이블 등)이 마련되어 있어 가족, 친구, 단체 모임에 적합하며, 주차장이 넓고 쾌적해 접근성이 좋습니다."", ""특히 통유리창을 통해 개방감과 자연 채광을 즐길 수 있으며, 디카페인 옵션도 제공됩니다.""]",OK,bkeel_count=3,297,"[{""keyword"": ""커피가 맛있어요"", ""count"": 188}, {""keyword"": ""인테리어가 멋져요"", ""count"": 68}, {""keyword"": ""음료가 맛있어요"", ""count"": 60}, {""keyword"": ""디저트가 맛있어요"", ""count"": 53}, {""keyword"": ""대화하기 좋아요"", ""count"": 49}]",OK,keyword_count=5 total=297,https://search.pstatic.net/common/?autoRotate=true&type=w560_sharpen&src=https%3A%2F%2Fldb-phinf.pstatic.net%2F20240331_82%2F1711867845690Qgs0p_JPEG%2F1000029145.jpg,OK,"hit=a#_autoPlayable img
src_len=165",수 08:00 - 22:00 21:30 라스트오더 | 목 08:00 - 22:00 21:30 라스트오더 | 금 08:00 - 22:00 21:30 라스트오더 | 토 12:00 - 20:00 19:30 라스트오더 | 일 12:00 - 20:00 19:30 라스트오더 | 월 08:00 - 22:00 21:30 라스트오더 | 화 08:00 - 22:00 21:30 라스트오더,OK,"hit=hours_toggle
aria_before=false
aria_after=true
w9QyJ_count=8
detail_lines=7",0,0
saltbread,daegu,대구 각산 소금빵,멜로오븐,대구광역시 동구 경안로 938 위파크상가111호,대구광역시 동구 각산동 1058 위파크상가111호,,https://www.instagram.com/melo.oven,"음식점>카페,디저트",1287168789,358852762,128.716857,35.8850614,,1499713456.0,SID_OK_AUTO_DETAIL,대구 멜로오븐,OK,053-964-9997,OK,[],AI_BRIEFING_NOT_FOUND,,115,"[{""keyword"": ""디저트가 맛있어요"", ""count"": 60}, {""keyword"": ""커피가 맛있어요"", ""count"": 19}, {""keyword"": ""특별한 메뉴가 있어요"", ""count"": 15}, {""keyword"": ""음료가 맛있어요"", ""count"": 14}, {""keyword"": ""매장이 청결해요"", ""count"": 14}]",OK,keyword_count=5 total=115,https://search.pstatic.net/common/?autoRotate=true&type=w560_sharpen&src=https%3A%2F%2Fldb-phinf.pstatic.net%2F20221229_61%2F1672293325638VySqU_JPEG%2FIMG_20221221_123931_711.jpg,OK,"hit=a#_autoPlayable img
src_len=178",수 09:00 - 19:00 | 목 09:00 - 19:00 | 금 09:00 - 19:00 | 토 09:00 - 19:00 | 일 정기휴무 (매주 일요일) | 월 09:00 - 19:00 | 화(2/17) 설날 휴무 | 02/17-02/18 설날 휴무,OK,"hit=hours_toggle
aria_before=false
aria_after=true
w9QyJ_count=9
detail_lines=8",0,0
saltbread,daegu,대구 동촌 소금빵,보스턴커피,대구광역시 동구 방촌로 58,대구광역시 동구 검사동 754-5,,https://www.bostoncoffee.co.kr/,"음식점>카페,디저트",1286594197,358853956,128.6594197,35.8853958,,,SEARCH_TIMEOUT_NO_UI,대구 보스턴커피,,,,,,,,,,,,,,,,,0,0
saltbread,daegu,대구 아양교역 소금빵,위니오븐 WEENY OVEN,"대구광역시 동구 동북로 417-1 지하1층, 1층","대구광역시 동구 신암동 106-54 지하1층, 1층",,https://www.instagram.com/weenyoven_bakery,"카페,디저트>베이커리",1286329823,358858757,128.6329943,35.8858612,,1323550268.0,SID_OK_AUTO_DETAIL,대구 위니오븐 WEENY OVEN,OK,,PHONE_NOT_FOUND,[],AI_BRIEFING_NOT_FOUND,,466,"[{""keyword"": ""빵이 맛있어요"", ""count"": 380}, {""keyword"": ""친절해요"", ""count"": 173}, {""keyword"": ""특별한 메뉴가 있어요"", ""count"": 85}, {""keyword"": ""가성비가 좋아요"", ""count"": 79}, {""keyword"": ""매장이 청결해요"", ""count"": 79}]",OK,keyword_count=5 total=466,https://search.pstatic.net/common/?autoRotate=true&type=w560_sharpen&src=https%3A%2F%2Fldb-phinf.pstatic.net%2F20251126_254%2F1764084798238MzYzK_JPEG%2FCE1F2C8B-D860-4191-9CC5-E6C99778767C.jpeg,OK,"hit=a#_autoPlayable img
src_len=193",수 10:00 - 22:00 | 목 10:00 - 22:00 | 금 10:00 - 22:00 | 토 10:00 - 22:00 | 일(2/15) 휴무 | 월(2/16) 휴무 | 화(2/17) 휴무 | 02/15-02/22 휴무,OK,"hit=hours_toggle
aria_before=false
aria_after=true
w9QyJ_count=9
detail_lines=8",0,0
saltbread,daegu,대구 북구청 소금빵,크럼키,대구광역시 북구 옥산로9길 6,대구광역시 북구 노원동1가 369,,https://smartstore.naver.com/crumkie,"카페,디저트>베이커리",1285814627,358858644,128.5814627,35.8858645,,1741489789.0,SID_OK_AUTO_DETAIL,대구 크럼키,OK,0507-1498-2287,OK,"[""크럼키는 다양한 크럼블 디저트로 유명한 카페입니다."", ""황치즈크럼블, 흑임자크럼블, 두바이초콜릿 등 메뉴가 풍부하며, 특히 황치즈크럼블은 한 번 맛보면 잊을 수 없는 맛으로 재방문을 부르는 인기 메뉴입니다."", ""내부는 2인석과 4인석 테이블로 구성되어 있어 아늑하게 머무르기 좋으며, 주차도 가능합니다."", ""고소한 아메리카노와 함께 디저트를 즐기면 더욱 좋습니다.""]",OK,bkeel_count=4,392,"[{""keyword"": ""디저트가 맛있어요"", ""count"": 290}, {""keyword"": ""커피가 맛있어요"", ""count"": 203}, {""keyword"": ""친절해요"", ""count"": 182}, {""keyword"": ""특별한 메뉴가 있어요"", ""count"": 173}, {""keyword"": ""빵이 맛있어요"", ""count"": 126}]",OK,keyword_count=5 total=392,https://search.pstatic.net/common/?autoRotate=true&type=w560_sharpen&src=https%3A%2F%2Fldb-phinf.pstatic.net%2F20251202_235%2F1764680764541aSYkq_JPEG%2FIMG_4193.jpeg,OK,"hit=a#_autoPlayable img
src_len=165",수 11:00 - 19:00 | 목 11:00 - 19:00 | 금 11:00 - 18:00 | 토 11:00 - 18:00 | 일(2/15) 12:00 - 18:00 | 월(2/16) 12:00 - 18:00 | 화(2/17) 12:00 - 18:00 | 02/20-02/28 휴무,OK,"hit=hours_toggle
aria_before=false
aria_after=true
w9QyJ_count=9
detail_lines=8",0,0
saltbread,daegu,대구 원대 소금빵 카페,카페캔버스 원대자이점,대구광역시 서구 고성로 46 1층,대구광역시 서구 비산동 1192-62 1층,,https://100원커피이벤트-선착순주문하기.com,"음식점>카페,디저트",1285723277,358858695,128.5722768,35.8858695,,1304635654.0,SID_OK_AUTO_DETAIL,대구 카페캔버스 원대자이점,OK,0507-1372-5471,OK,[],AI_BRIEFING_NOT_FOUND,,48,"[{""keyword"": ""커피가 맛있어요"", ""count"": 42}, {""keyword"": ""음료가 맛있어요"", ""count"": 22}, {""keyword"": ""친절해요"", ""count"": 16}, {""keyword"": ""가성비가 좋아요"", ""count"": 15}, {""keyword"": ""디저트가 맛있어요"", ""count"": 11}]",OK,keyword_count=5 total=48,https://search.pstatic.net/common/?autoRotate=true&type=w560_sharpen&src=https%3A%2F%2Fldb-phinf.pstatic.net%2F20231230_219%2F1703920001916mUXEh_JPEG%2FIMG_5926.jpeg,OK,"hit=a#_autoPlayable img
src_len=165",매일 08:00 - 21:00,OK,"hit=hours_toggle
aria_before=false
aria_after=true
w9QyJ_count=2
detail_lines=1",0,0
saltbread,daegu,대구 북구청 소금빵,마들렌베이커리 침산점,대구광역시 북구 침산로21길 41 마들렌베이커리 침산점,대구광역시 북구 칠성동2가 1-2 마들렌베이커리 침산점,,https://blog.naver.com/madeleinebakery,"카페,디저트>베이커리",1285859962,358863715,128.5859029,35.8862002,,16115810.0,SID_OK_AUTO_DETAIL,대구 마들렌베이커리 침산점,OK,053-356-7745,OK,[],AI_BRIEFING_NOT_FOUND,,364,"[{""keyword"": ""빵이 맛있어요"", ""count"": 229}, {""keyword"": ""친절해요"", ""count"": 104}, {""keyword"": ""특별한 메뉴가 있어요"", ""count"": 57}, {""keyword"": ""매장이 청결해요"", ""count"": 46}, {""keyword"": ""커피가 맛있어요"", ""count"": 21}]",OK,keyword_count=5 total=364,https://search.pstatic.net/common/?autoRotate=true&type=w560_sharpen&src=https%3A%2F%2Fldb-phinf.pstatic.net%2F20260205_88%2F1770267429620tdwfm_JPEG%2F%25BD%25BA%25B8%25B6%25C6%25AE%25C7%25C3%25B7%25B9%25C0%25CC%25BD%25BA_%25C7%25C1%25B7%25CE%25C7%25CA_%25BB%25E7%25C1%25F8_%25B5%25EE%25B7%25CF_260205.jpg,OK,"hit=a#_autoPlayable img
src_len=305",수 09:30 - 22:30 | 목 09:30 - 22:30 | 금 09:30 - 22:30 | 토 09:30 - 22:30 | 일 09:30 - 22:30 | 월 09:30 - 22:30 | 화(2/17) 설날 휴무,OK,"hit=hours_toggle
aria_before=false
aria_after=true
w9QyJ_count=9
detail_lines=7",0,0
saltbread,daegu,대구 원대 소금빵 베이커리,천냥빵떡대장 원대점,대구광역시 서구 고성로 33 403동 1층 104호,대구광역시 서구 원대동3가 1649 403동 1층 104호,,https://blog.naver.com/bbangtteok_official,"카페,디저트>베이커리",1285746610,358874587,128.5725582,35.8863461,,2033331314.0,SID_OK_AUTO_DETAIL,대구 천냥빵떡대장 원대점,OK,,PHONE_NOT_FOUND,[],AI_BRIEFING_NOT_FOUND,,27,"[{""keyword"": ""빵이 맛있어요"", ""count"": 22}, {""keyword"": ""가성비가 좋아요"", ""count"": 13}, {""keyword"": ""매장이 청결해요"", ""count"": 5}, {""keyword"": ""친절해요"", ""count"": 4}, {""keyword"": ""메뉴 구성이 알차요"", ""count"": 3}]",OK,keyword_count=5 total=27,https://search.pstatic.net/common/?autoRotate=true&type=w560_sharpen&src=https%3A%2F%2Fldb-phinf.pstatic.net%2F20250923_148%2F1758602279191Wh3Mm_PNG%2F%25C8%25AD%25B8%25E9_%25C4%25B8%25C3%25B3_2025-06-29_112346.png,OK,"hit=a#_autoPlayable img
src_len=214",매일 00:00 - 24:00 | - 영업시간은 재고소진시 변경될수 있습니다.,OK,"hit=hours_toggle
aria_before=false
aria_after=true
w9QyJ_count=3
detail_lines=2",0,0
saltbread,daegu,대구 동촌 소금빵,"브레드,령",대구광역시 동구 동촌로 100 401동 101호,대구광역시 동구 검사동 1111 401동 101호,,https://www.instagram.com/bread_ryeong,"카페,디저트>베이커리",1286517553,358868187,128.6518848,35.8863691,,1024821440.0,SID_OK_AUTO_DETAIL,"대구 브레드,령",OK,0507-1368-1738,OK,[],AI_BRIEFING_NOT_FOUND,,58,"[{""keyword"": ""빵이 맛있어요"", ""count"": 36}, {""keyword"": ""친절해요"", ""count"": 28}, {""keyword"": ""건강한 맛이에요"", ""count"": 17}, {""keyword"": ""매장이 청결해요"", ""count"": 13}, {""keyword"": ""가성비가 좋아요"", ""count"": 12}]",OK,keyword_count=5 total=58,https://search.pstatic.net/common/?autoRotate=true&type=w560_sharpen&src=https%3A%2F%2Fldb-phinf.pstatic.net%2F20250226_15%2F1740562133244Y1QVF_JPEG%2FIMG_8437.jpeg,OK,"hit=a#_autoPlayable img
src_len=164",수 10:00 - 21:00 | 목 10:00 - 21:00 | 금 10:00 - 21:00 | 토 10:00 - 21:00 | 일 정기휴무 (매주 일요일) | 월 정기휴무 (매주 월요일) | 화(2/17) 휴무 | 02/17-02/18 휴무,OK,"hit=hours_toggle
aria_before=false
aria_after=true
w9QyJ_count=9
detail_lines=8",0,0
saltbread,daegu,대구 북구청 소금빵,레이어드크림,대구광역시 북구 원대로 109 3호,대구광역시 북구 노원동1가 327 3호,,https://pf.kakao.com/_xbxjzfn/chat,"음식점>카페,디저트",1285821807,358873656,128.5822089,35.8871698,,1051024027.0,SID_OK_AUTO_DETAIL,대구 레이어드크림,OK,0507-1400-5380,OK,"[""레이어드크림은 다양한 조각케이크와 디저트를 제공하는 대구 북구청 카페입니다."", ""망고요거트 케이크와 딸기망고요거트 케이크는 신선한 과일과 요거트 크림의 조화가 일품이며, 우유망고케이크는 큼직한 망고가 듬뿍 들어가 인기가 많습니다."", ""커피 메뉴도 다양하게 준비되어 있어 디저트와 함께 즐기기 좋습니다.""]",OK,bkeel_count=3,67,"[{""keyword"": ""디저트가 맛있어요"", ""count"": 56}, {""keyword"": ""커피가 맛있어요"", ""count"": 33}, {""keyword"": ""친절해요"", ""count"": 29}, {""keyword"": ""빵이 맛있어요"", ""count"": 23}, {""keyword"": ""종류가 다양해요"", ""count"": 22}]",OK,keyword_count=5 total=67,https://search.pstatic.net/common/?autoRotate=true&type=w560_sharpen&src=https%3A%2F%2Fldb-phinf.pstatic.net%2F20250512_76%2F17469758773938Wjdq_JPEG%2FKakaoTalk_Photo_2025-05-11-22-50-38_01_.jpg,OK,"hit=a#_autoPlayable img
src_len=194",수 09:00 - 20:00 19:50 라스트오더 | 목 09:00 - 20:00 19:50 라스트오더 | 금 09:00 - 20:00 19:50 라스트오더 | 토 10:00 - 19:30 19:20 라스트오더 | 일 정기휴무 (매주 일요일) | 월(2/16) 설날 연휴10:00 - 19:00 | 화(2/17) 설날 휴무,OK,"hit=hours_toggle
aria_before=false
aria_after=true
w9QyJ_count=9
detail_lines=7",0,0
saltbread,daegu,대구 각산 소금빵,소렐레,대구광역시 동구 과학로13길 54-14 1층,대구광역시 동구 각산동 1039-6 1층,,https://instagram.com/s_orell_e?igshid=YmMyMTA2M2Y=,브런치카페,1287170666,358893938,128.7170666,35.8893938,,1516655302.0,SID_OK_AUTO_DETAIL,대구 소렐레,OK,0507-1330-6865,OK,[],AI_BRIEFING_NOT_FOUND,,34,"[{""keyword"": ""인테리어가 멋져요"", ""count"": 22}, {""keyword"": ""커피가 맛있어요"", ""count"": 20}, {""keyword"": ""디저트가 맛있어요"", ""count"": 18}, {""keyword"": ""친절해요"", ""count"": 9}, {""keyword"": ""대화하기 좋아요"", ""count"": 9}]",OK,keyword_count=5 total=34,https://search.pstatic.net/common/?autoRotate=true&type=w560_sharpen&src=https%3A%2F%2Fldb-phinf.pstatic.net%2F20240229_41%2F1709135347485DTllM_JPEG%2FIMG_3069.jpeg,OK,"hit=a#_autoPlayable img
src_len=164",수 10:00 - 22:00 | 목 10:00 - 22:00 | 금 10:00 - 22:00 | 토 10:00 - 21:00 | 일 10:00 - 21:00 | 월 정기휴무 (매주 월요일) | 화(2/17) 설날10:00 - 20:00 | - 휴무 월요일,OK,"hit=hours_toggle
aria_before=false
aria_after=true
w9QyJ_count=9
detail_lines=8",0,0
saltbread,daegu,대구 안심 소금빵,몽글,"대구광역시 북구 침산남로19길 6 102호, 103호","대구광역시 북구 침산동 363-2 102호, 103호",,https://www.instagram.com/mongle_chimsan/,"음식점>카페,디저트",1285868202,358896243,128.5869552,35.8896128,,,SEARCH_TIMEOUT_NO_UI,대구 몽글,,,,,,,,,,,,,,,,,0,0
saltbread,daegu,대구 소금빵,마고플레인아양,대구광역시 동구 해동로 107 마고플레인아양,대구광역시 동구 지저동 872-1 마고플레인아양,,https://www.instagram.com/margaux__plain/,"카페,디저트>베이커리",1286419691,358903009,128.6419965,35.8903542,,1597504581.0,SID_OK_AUTO_DETAIL,대구 마고플레인아양,OK,053-986-2500,OK,"[""마고플레인아양은 금호강 뷰가 아름다운 대형 카페로, 소금빵과 마고라떼가 인기 메뉴입니다."", ""카페는 층고가 높고 통유리창으로 채광이 좋으며, 좌석 종류가 다양해 개인 작업부터 단체 모임까지 활용하기 좋습니다."", ""특히 주차 공간이 넉넉하고 아기의자까지 구비되어 있어 가족 단위 방문객에게 인기가 많습니다."", ""딸기라떼 등 계절 음료도 맛있어 음료 선택의 폭이 넓습니다.""]",OK,bkeel_count=4,8,"[{""keyword"": ""빵이 맛있어요"", ""count"": 4767}, {""keyword"": ""커피가 맛있어요"", ""count"": 3747}, {""keyword"": ""음료가 맛있어요"", ""count"": 2198}, {""keyword"": ""인테리어가 멋져요"", ""count"": 2113}, {""keyword"": ""뷰가 좋아요"", ""count"": 1692}]",OK,keyword_count=5 total=8,https://search.pstatic.net/common/?autoRotate=true&type=w560_sharpen&src=https%3A%2F%2Fldb-phinf.pstatic.net%2F20210720_290%2F1626761859572RtJPE_JPEG%2Fzd_5kB9gRaqXKDU-IAuCy0D4.jpg,OK,"hit=a#_autoPlayable img
src_len=180",매일 08:00 - 23:50 23:30 라스트오더,OK,"hit=hours_toggle
aria_before=false
aria_after=true
w9QyJ_count=2
detail_lines=1",0,0
saltbread,daegu,대구 아양교 소금빵,유니크플레이스,대구광역시 동구 아양로57길 9 1층 유니크플레이스,대구광역시 동구 지저동 870-13 1층 유니크플레이스,,https://www.instagram.com/uniqueplace_0630?igsh=bGV3bmtubTdpaTEw,"음식점>카페,디저트",1286422615,358910359,128.6422615,35.8910359,,1098455780.0,SID_OK_AUTO_DETAIL,대구 유니크플레이스,OK,,PHONE_NOT_FOUND,"[""유니크플레이스는 다양한 디저트와 커피를 즐길 수 있는 아늑한 카페입니다."", ""인기 메뉴인 에그타르트와 휘낭시에는 물론 소금빵(기본, 앙버터, 대파, 우유크림 등), 샌드위치, 브라우니도 인기 메뉴입니다."", ""깔끔한 인테리어와 친절한 서비스로 편안한 분위기를 제공하며, 흑임자라떼와 아메리카노 등 음료 메뉴도 디저트와 잘 어울립니다.""]",OK,bkeel_count=3,412,"[{""keyword"": ""디저트가 맛있어요"", ""count"": 348}, {""keyword"": ""친절해요"", ""count"": 239}, {""keyword"": ""커피가 맛있어요"", ""count"": 235}, {""keyword"": ""인테리어가 멋져요"", ""count"": 148}, {""keyword"": ""특별한 메뉴가 있어요"", ""count"": 131}]",OK,keyword_count=5 total=412,https://search.pstatic.net/common/?autoRotate=true&type=w560_sharpen&src=https%3A%2F%2Fldb-phinf.pstatic.net%2F20250914_172%2F1757810930621rv85i_JPEG%2FIMG_5029.jpeg,OK,"hit=a#_autoPlayable img
src_len=165",수(2/11) 휴무 | 목 11:30 - 20:00 | 금 11:30 - 20:00 | 토 11:30 - 20:00 | 일 11:30 - 20:00 | 월 11:30 - 20:00 | 화 11:30 - 20:00 | - 품절/예약주문이 많은 경우 휴무 또는 일찍 마감됩니다.,OK,"hit=hours_toggle
aria_before=false
aria_after=true
w9QyJ_count=9
detail_lines=8",0,0
saltbread,daegu,대구 동촌역 소금빵,스테이블모먼트 복현점,대구광역시 북구 복현로8길 19-36 스테이블모먼트,대구광역시 북구 복현동 253-3 스테이블모먼트,,https://www.instagram.com/stable_moment01/,"음식점>카페,디저트",1286257967,358973476,128.6257967,35.8973477,,1635597636.0,SID_OK_AUTO_DETAIL,대구 스테이블모먼트 복현점,OK,0507-1498-8002,OK,"[""스테이블모먼트 복현점은 대구 복현동에 위치한 대형 카페로, 금호강 뷰와 함께 편안한 분위기를 즐길 수 있는 공간입니다."", ""아메리카노는 원두 선택이 가능하며, 아몬드 크림 라떼와 크림 카푸치노가 인기 메뉴입니다."", ""넓은 주차장과 단체석이 마련되어 있어 가족이나 친구들과 함께 방문하기 좋습니다."", ""특히 통창으로 보이는 강변 풍경이 매력적입니다.""]",OK,bkeel_count=4,3,"[{""keyword"": ""커피가 맛있어요"", ""count"": 1210}, {""keyword"": ""뷰가 좋아요"", ""count"": 1124}, {""keyword"": ""디저트가 맛있어요"", ""count"": 753}, {""keyword"": ""빵이 맛있어요"", ""count"": 624}, {""keyword"": ""인테리어가 멋져요"", ""count"": 608}]",OK,keyword_count=5 total=3,https://search.pstatic.net/common/?autoRotate=true&type=w560_sharpen&src=https%3A%2F%2Fldb-phinf.pstatic.net%2F20220114_229%2F1642122666253iXo6m_JPEG%2FB20493CC-CD52-4925-852B-CEC82F96829E.jpeg,OK,"hit=a#_autoPlayable img
src_len=193",수 10:00 - 22:30 | 목 10:00 - 22:30 | 금 10:00 - 22:30 | 토 10:00 - 22:30 | 일 10:00 - 22:30 | 월(2/16) 설날 연휴10:00 - 22:30 | 화(2/17) 설날10:00 - 22:30,OK,"hit=hours_toggle
aria_before=false
aria_after=true
w9QyJ_count=8
detail_lines=7",0,0
saltbread,daegu,대구 매천 소금빵,포아르,대구광역시 북구 매전로4길 18,대구광역시 북구 매천동 738,,,"카페,디저트>베이커리",1285433872,359069853,128.5433296,35.9069997,,,SEARCH_TIMEOUT_NO_UI,대구 포아르,,,,,,,,,,,,,,,,,0,0
saltbread,daegu,대구 매천 소금빵,꾸떼 베이커리카페,대구광역시 북구 매천로37길 8 1층,대구광역시 북구 매천동 144-1 1층,,,"음식점>카페,디저트",1285416318,359135646,128.5416318,35.9135647,,1245453114.0,SID_OK_AUTO_DETAIL,대구 꾸떼 베이커리카페,OK,0507-1404-1448,OK,"[""꾸떼 베이커리카페는 다양한 빵과 음료를 즐길 수 있는 대구 매천동의 대형 카페입니다."", ""아메리카노는 깊고 진한 맛으로 커피 애호가들에게 인기가 있으며, 꾸떼슈페너도 인기 메뉴입니다."", ""넓은 1층과 2층 공간은 모임이나 혼자만의 시간을 보내기에 적합하며, 야외 좌석도 마련되어 있어 날씨가 좋을 때는 야외에서 즐길 수 있습니다.""]",OK,bkeel_count=3,838,"[{""keyword"": ""커피가 맛있어요"", ""count"": 576}, {""keyword"": ""디저트가 맛있어요"", ""count"": 564}, {""keyword"": ""인테리어가 멋져요"", ""count"": 249}, {""keyword"": ""음료가 맛있어요"", ""count"": 217}, {""keyword"": ""친절해요"", ""count"": 160}]",OK,keyword_count=5 total=838,https://search.pstatic.net/common/?autoRotate=true&type=w560_sharpen&src=https%3A%2F%2Fldb-phinf.pstatic.net%2F20230902_280%2F1693631772481GeGXH_JPEG%2F1000057569.jpg,OK,"hit=a#_autoPlayable img
src_len=166",수 09:00 - 22:00 21:30 라스트오더 | 목 09:00 - 22:00 21:30 라스트오더 | 금 09:00 - 22:00 21:30 라스트오더 | 토 09:00 - 22:00 21:30 라스트오더 | 일 09:00 - 22:00 21:30 라스트오더 | 월(2/16) 설날 연휴09:00 - 22:00 | 화(2/17) 설날09:00 - 22:00,OK,"hit=hours_toggle
aria_before=false
aria_after=true
w9QyJ_count=8
detail_lines=7",0,0
saltbread,daegu,대구 태전 소금빵,바루베이크샵,대구광역시 북구 칠곡중앙대로54길 7 1층 바루베이크샵,대구광역시 북구 태전동 623-7 1층 바루베이크샵,,https://www.instagram.com/baru_bakeshop/?igshid=YmMyMTA2M2Y%3D,"음식점>카페,디저트",1285470007,359206026,128.546994,35.9205556,,1017828935.0,SID_OK_AUTO_DETAIL,대구 바루베이크샵,OK,0507-1371-1489,OK,"[""바루베이크샵은 소금빵으로 유명한 대구의 디저트 카페입니다."", ""우유크림소금빵, 대파크림소금빵 등 다양한 종류가 있으며, 구움과자도 인기 메뉴입니다."", ""커피는 디카페인 원두 변경이 가능하고, 아기자기한 포장 패키지로 선물용으로도 적합합니다."", ""팔거천 근처에 위치해 산책 후 방문하기 좋습니다.""]",OK,bkeel_count=4,696,"[{""keyword"": ""디저트가 맛있어요"", ""count"": 619}, {""keyword"": ""친절해요"", ""count"": 353}, {""keyword"": ""커피가 맛있어요"", ""count"": 270}, {""keyword"": ""특별한 메뉴가 있어요"", ""count"": 266}, {""keyword"": ""음료가 맛있어요"", ""count"": 156}]",OK,keyword_count=5 total=696,https://search.pstatic.net/common/?autoRotate=true&type=w560_sharpen&src=https%3A%2F%2Fldb-phinf.pstatic.net%2F20260120_14%2F1768890290556pjJMP_JPEG%2FIMG_1320.jpeg,OK,"hit=a#_autoPlayable img
src_len=164",수 11:00 - 19:00 | 목 11:00 - 19:00 | 금 11:00 - 19:00 | 토 11:00 - 19:00 | 일(2/15) 11:00 - 19:00 | 월(2/16) 12:00 - 18:00 | 화 11:00 - 19:00,OK,"hit=hours_toggle
aria_before=false
aria_after=true
w9QyJ_count=8
detail_lines=7",0,0
saltbread,daegu,대구 태전 소금빵,아니무스,대구광역시 북구 태전로13길 48 카페 아니무스,대구광역시 북구 태전동 143-1 카페 아니무스,,,"음식점>카페,디저트",1285415573,359218411,128.5415574,35.9218411,,,SEARCH_TIMEOUT_NO_UI,대구 아니무스,,,,,,,,,,,,,,,,,0,0
saltbread,daegu,대구 구암역 소금빵,이승연베이커리,대구광역시 북구 태전로 21 1층,대구광역시 북구 태전동 155-2 1층,,,"카페,디저트>베이커리",1285445205,359221029,128.5445205,35.9221029,,1113927685.0,SID_OK_AUTO_DETAIL,대구 이승연베이커리,OK,0507-1321-8423,OK,"[""이승연베이커리는 소금빵과 부추빵이 특히 맛있는 베이커리입니다."", ""크랙소금빵, 파래 소금빵, 햄치즈 소금빵 등 다양한 소금빵 메뉴가 있으며, 부추빵은 계란과 부추가 들어가 식사 대용으로 좋습니다."", ""빵 종류가 다양하고 가격도 합리적이어서 부담 없이 즐길 수 있습니다."", ""매장 내부는 깔끔하고 친절한 서비스로 고객들에게 인기가 많습니다.""]",OK,bkeel_count=4,57,"[{""keyword"": ""빵이 맛있어요"", ""count"": 54}, {""keyword"": ""가성비가 좋아요"", ""count"": 46}, {""keyword"": ""친절해요"", ""count"": 27}, {""keyword"": ""특별한 메뉴가 있어요"", ""count"": 26}, {""keyword"": ""메뉴 구성이 알차요"", ""count"": 15}]",OK,keyword_count=5 total=57,https://search.pstatic.net/common/?autoRotate=true&type=w560_sharpen&src=https%3A%2F%2Fldb-phinf.pstatic.net%2F20241108_140%2F1731032061990uqS9r_JPEG%2F1000018491.jpg,OK,"hit=a#_autoPlayable img
src_len=166",매일 08:30 - 22:00,OK,"hit=hours_toggle
aria_before=false
aria_after=true
w9QyJ_count=2
detail_lines=1",0,0
saltbread,daegu,대구 태전 소금빵,핑퐁커피 칠곡점,대구광역시 북구 태전로13길 29 1층,대구광역시 북구 태전동 255-34 1층,,,"음식점>카페,디저트",1285421863,359234450,128.5421863,35.9234451,,,SEARCH_TIMEOUT_NO_UI,대구 핑퐁커피 칠곡점,,,,,,,,,,,,,,,,,0,0
saltbread,daegu,대구 구암 소금빵,메모베이크,대구광역시 북구 태암남로 48-16 103호 메모베이크,대구광역시 북구 구암동 616-33 103호 메모베이크,,https://www.instagram.com/memobake_,"카페,디저트>베이커리",1285518918,359236104,128.5519106,35.9236279,,1985495016.0,SID_OK_AUTO_DETAIL,대구 메모베이크,OK,0507-1370-8189,OK,[],AI_BRIEFING_NOT_FOUND,,84,"[{""keyword"": ""빵이 맛있어요"", ""count"": 65}, {""keyword"": ""친절해요"", ""count"": 46}, {""keyword"": ""커피가 맛있어요"", ""count"": 42}, {""keyword"": ""매장이 청결해요"", ""count"": 29}, {""keyword"": ""특별한 메뉴가 있어요"", ""count"": 24}]",OK,keyword_count=5 total=84,https://search.pstatic.net/common/?autoRotate=true&type=w560_sharpen&src=https%3A%2F%2Fldb-phinf.pstatic.net%2F20260203_236%2F1770106798791te9f6_JPEG%2FIMG_1824.jpeg,OK,"hit=a#_autoPlayable img
src_len=165",수 11:00 - 18:00 | 목 11:00 - 18:00 | 금 11:00 - 18:00 | 토 11:00 - 16:00 | 일 정기휴무 (매주 일요일) | 월 11:00 - 18:00 | 화 11:00 - 18:00 | 02/23 휴무 | - 디저트 소진시 매장 조기마감합니다 :),OK,"hit=hours_toggle
aria_before=false
aria_after=true
w9QyJ_count=10
detail_lines=9",0,0
saltbread,daegu,대구 소금빵,소소래,대구광역시 북구 학정로 284 (구암동),대구광역시 북구 구암동 482-51,,https://smartstore.naver.com/sosorae,"음식점>카페,디저트",1285616001,359297879,128.5617221,35.9297503,,1492687732.0,SID_OK_AUTO_DETAIL,대구 소소래,OK,0507-1382-9891,OK,"[""소소래는 대구 칠곡에 위치한 대형 카페로, 유기농 치아바타 샌드위치와 과카몰리 오픈 샌드위치 등 다양한 브런치 메뉴와 빵을 제공합니다."", ""주차장이 넓고 별채와 3층 노키즈존을 포함한 넓은 공간이 마련되어 있어 가족이나 단체 모임에 적합합니다."", ""특히 핸드드립 커피와 신선한 과일을 활용한 음료가 인기입니다.""]",OK,bkeel_count=3,5,"[{""keyword"": ""디저트가 맛있어요"", ""count"": 3884}, {""keyword"": ""커피가 맛있어요"", ""count"": 3424}, {""keyword"": ""인테리어가 멋져요"", ""count"": 2281}, {""keyword"": ""음료가 맛있어요"", ""count"": 2032}, {""keyword"": ""특별한 메뉴가 있어요"", ""count"": 1283}]",OK,keyword_count=5 total=5,https://search.pstatic.net/common/?autoRotate=true&type=w560_sharpen&src=https%3A%2F%2Fnaverbooking-phinf.pstatic.net%2F20251117_162%2F1763351432102TDKJb_JPEG%2FKakaoTalk_20251117_095741347_10.jpg,OK,"hit=a#_autoPlayable img
src_len=196",수 09:00 - 22:00 21:30 라스트오더 | 목 09:00 - 22:00 21:30 라스트오더 | 금 09:00 - 22:00 21:30 라스트오더 | 토 09:00 - 22:00 21:30 라스트오더 | 일 09:00 - 22:00 21:30 라스트오더 | 월(2/16) 설날 연휴09:00 - 22:00 | 화(2/17) 설날09:00 - 22:00 | - *브런치 오더는 4시 마감입니다.,OK,"hit=hours_toggle
aria_before=false
aria_after=true
w9QyJ_count=9
detail_lines=8",0,0
saltbread,daegu,대구 구암 소금빵,낭만실조,대구광역시 북구 구암로32길 22 (칠곡동서타운2차APT 앞 대로변 상가 건물 위치),대구광역시 북구 구암동 655-3 칠곡동서타운2차APT 앞 대로변 상가 건물 위치,,https://www.instagram.com/romanceless_coffee,"음식점>카페,디저트",1285574792,359299671,128.5565916,35.9300782,,1671807560.0,SID_OK_AUTO_DETAIL,대구 낭만실조,OK,0507-1402-2253,OK,[],AI_BRIEFING_NOT_FOUND,,59,"[{""keyword"": ""커피가 맛있어요"", ""count"": 45}, {""keyword"": ""인테리어가 멋져요"", ""count"": 34}, {""keyword"": ""친절해요"", ""count"": 33}, {""keyword"": ""디저트가 맛있어요"", ""count"": 25}, {""keyword"": ""음료가 맛있어요"", ""count"": 20}]",OK,keyword_count=5 total=59,https://search.pstatic.net/common/?autoRotate=true&type=w560_sharpen&src=https%3A%2F%2Fldb-phinf.pstatic.net%2F20240529_40%2F1716970665857TLsg1_JPEG%2FKakaoTalk_20240529_152841923_03.jpg,OK,"hit=a#_autoPlayable img
src_len=186",수 08:00 - 19:30 | 목 08:00 - 19:30 | 금 08:00 - 19:30 | 토 09:00 - 19:30 | 일(2/15) 09:00 - 19:30 | 월(2/16) 설날 연휴09:00 - 19:30 | 화(2/17) 설날09:00 - 19:30,OK,"hit=hours_toggle
aria_before=false
aria_after=true
w9QyJ_count=8
detail_lines=7",0,0
saltbread,daegu,대구 태전 소금빵,커피하우스,대구광역시 북구 관음로 18 대백맨션상가 103호( 또래치킨 옆),대구광역시 북구 태전동 1066-23 대백맨션상가 103호( 또래치킨 옆),,https://www.instagram.com/cafe_cose_,"음식점>카페,디저트",1285401625,359323293,128.5400582,35.9314537,,,SEARCH_TIMEOUT_NO_UI,대구 커피하우스,,,,,,,,,,,,,,,,,0,0
saltbread,daegu,대구 동천 소금빵,레이지모닝,대구광역시 북구 동천로 5-15 레이지모닝 칠곡점,대구광역시 북구 동천동 874-4 레이지모닝 칠곡점,,http://www.instagram.com/lazymorning_chilgok,"음식점>카페,디저트",1285566055,359322135,128.5565602,35.9322912,,,SEARCH_TIMEOUT_NO_UI,대구 레이지모닝,,,,,,,,,,,,,,,,,0,0
saltbread,daegu,대구 칠곡운암역 소금빵,까페 5도씨,대구광역시 북구 칠곡중앙대로 419 동아아울렛 별관 1층 까페5도씨,대구광역시 북구 관음동 1378-7 동아아울렛 별관 1층 까페5도씨,,,"음식점>카페,디저트",1285482013,359331562,128.5480938,35.9332564,,1834992814.0,SID_OK_AUTO_DETAIL,대구 까페 5도씨,OK,053-311-1799,OK,[],AI_BRIEFING_NOT_FOUND,,475,"[{""keyword"": ""디저트가 맛있어요"", ""count"": 234}, {""keyword"": ""커피가 맛있어요"", ""count"": 185}, {""keyword"": ""가성비가 좋아요"", ""count"": 105}, {""keyword"": ""친절해요"", ""count"": 80}, {""keyword"": ""음료가 맛있어요"", ""count"": 77}]",OK,keyword_count=5 total=475,https://search.pstatic.net/common/?autoRotate=true&type=w560_sharpen&src=https%3A%2F%2Fldb-phinf.pstatic.net%2F20200118_182%2F1579329919408SHzmX_JPEG%2FbdAF4hanrT0t_PAiS7cMkygR.jpeg.jpg,OK,"hit=a#_autoPlayable img
src_len=185",매일 08:00 - 21:30,OK,"hit=hours_toggle
aria_before=false
aria_after=true
w9QyJ_count=2
detail_lines=1",0,0
saltbread,daegu,대구 칠곡운암역 소금빵,유병오과자점,대구광역시 북구 대천로 101 1층 유병오과자점,대구광역시 북구 동천동 915 1층 유병오과자점,,,"카페,디저트>베이커리",1285613902,359367650,128.5613686,35.9379203,,16081494.0,SID_OK_AUTO_DETAIL,대구 유병오과자점,OK,053-323-7171,OK,"[""유병오과자점은 소금빵의 다양한 변주로 사랑받는 베이커리입니다."", ""기본 소금빵부터 매운맛의 핫소스소금빵, 누룽지와 찰떡이 든 누룽지소금빵까지 독특한 메뉴들이 있습니다."", ""가격이 저렴하면서도 크기가 크고 맛이 좋아 지역 주민들에게 인기가 높습니다."", ""특히 에어프라이기에 데워 먹으면 더욱 맛있다는 평이 있으며, 크림빵과 단팥빵도 추천 메뉴입니다.""]",OK,bkeel_count=4,400,"[{""keyword"": ""빵이 맛있어요"", ""count"": 278}, {""keyword"": ""가성비가 좋아요"", ""count"": 121}, {""keyword"": ""친절해요"", ""count"": 108}, {""keyword"": ""특별한 메뉴가 있어요"", ""count"": 39}, {""keyword"": ""매장이 청결해요"", ""count"": 37}]",OK,keyword_count=5 total=400,https://search.pstatic.net/common/?autoRotate=true&type=w560_sharpen&src=https%3A%2F%2Fldb-phinf.pstatic.net%2F20200701_8%2F1593605282876lwGpF_JPEG%2FP_KXVAn3o5JABSABNosulntt.jpg,OK,"hit=a#_autoPlayable img
src_len=178",,HOURS_NOT_FOUND,,0,0
saltbread,daegu,대구 동천 소금빵,메종드빵,대구광역시 북구 동천로 87 메종드빵,대구광역시 북구 동천동 917-8 메종드빵,,https://blog.naver.com/ossseok,"카페,디저트>베이커리",1285599986,359394457,128.5599589,35.9393977,,1694519195.0,SID_OK_AUTO_DETAIL,대구 메종드빵,OK,0507-1438-2356,OK,"[""메종드빵은 대구 북구 칠곡 지역의 대표적인 빵집으로, 소금빵부터 크림몽블랑, 딸기밭까지 다양한 메뉴가 준비되어 있습니다."", ""빵은 촉촉하고 크림은 느끼하지 않아 맛의 균형이 좋습니다."", ""직원들이 친절하게 시식을 제공하며, 시그니처 연잎빵은 달지 않은 맛으로 호평을 받습니다."", ""주말에는 인기가 많아 품절되는 메뉴도 있으니 일찍 방문하시는 것을 추천드립니다.""]",OK,bkeel_count=4,1,"[{""keyword"": ""빵이 맛있어요"", ""count"": 1466}, {""keyword"": ""특별한 메뉴가 있어요"", ""count"": 416}, {""keyword"": ""친절해요"", ""count"": 379}, {""keyword"": ""매장이 청결해요"", ""count"": 227}, {""keyword"": ""가성비가 좋아요"", ""count"": 151}]",OK,keyword_count=5 total=1,https://search.pstatic.net/common/?autoRotate=true&type=w560_sharpen&src=https%3A%2F%2Fldb-phinf.pstatic.net%2F20260109_191%2F1767958281643kKayV_JPEG%2FKakaoTalk_20260109_202502791.jpg,OK,"hit=a#_autoPlayable img
src_len=184",매일 09:00 - 21:30,OK,"hit=hours_toggle
aria_before=false
aria_after=true
w9QyJ_count=2
detail_lines=1",0,0
saltbread,daegu,대구 구암 소금빵,에버블루밍,대구광역시 북구 구암로60길 70,대구광역시 북구 구암동 107,,https://www.instagram.com/cafe_everblooming,브런치카페,1285707008,359400003,128.5707008,35.9400003,,1477350340.0,SID_OK_AUTO_DETAIL,대구 에버블루밍,OK,0507-1486-8338,OK,"[""에버블루밍은 대구 칠곡에 위치한 분위기 좋은 카페로, 통유리창을 통해 아름다운 정원을 감상할 수 있습니다."", ""다양한 핸드드립 커피와 티 메뉴, 브런치 메뉴를 제공하며, 넓은 주차장과 단체석이 마련되어 있어 가족 모임이나 친구들과의 만남에 적합합니다."", ""소금빵, 치즈케이크 등 수제 디저트도 인기 메뉴입니다.""]",OK,bkeel_count=3,118,"[{""keyword"": ""커피가 맛있어요"", ""count"": 75}, {""keyword"": ""디저트가 맛있어요"", ""count"": 51}, {""keyword"": ""인테리어가 멋져요"", ""count"": 51}, {""keyword"": ""음료가 맛있어요"", ""count"": 39}, {""keyword"": ""친절해요"", ""count"": 39}]",OK,keyword_count=5 total=118,https://search.pstatic.net/common/?autoRotate=true&type=w560_sharpen&src=https%3A%2F%2Fldb-phinf.pstatic.net%2F20250330_148%2F1743300625644y6H1P_JPEG%2F1000018901.jpg,OK,"hit=a#_autoPlayable img
src_len=166",수 11:00 - 22:00 21:20 라스트오더 | 목 11:00 - 22:00 21:20 라스트오더 | 금 11:00 - 22:00 21:20 라스트오더 | 토 11:00 - 22:00 21:20 라스트오더 | 일 11:00 - 21:00 20:20 라스트오더 | 월(2/16) 11:00 - 22:00 | 화 11:00 - 22:00 21:20 라스트오더 | - 가오픈 기간 12/25-12/31 10:00~20:00,OK,"hit=hours_toggle
aria_before=false
aria_after=true
w9QyJ_count=9
detail_lines=8",0,0
saltbread,daegu,대구 구암 소금빵,포이베이크,대구광역시 북구 구암로65길 10 1층,대구광역시 북구 구암동 784-1 1층,,,"카페,디저트>베이커리",1285686866,359409419,128.5687948,35.9409664,,1670054658.0,SID_OK_AUTO_DETAIL,대구 포이베이크,OK,0507-1383-9105,OK,[],AI_BRIEFING_NOT_FOUND,,142,"[{""keyword"": ""빵이 맛있어요"", ""count"": 135}, {""keyword"": ""친절해요"", ""count"": 60}, {""keyword"": ""특별한 메뉴가 있어요"", ""count"": 49}, {""keyword"": ""매장이 청결해요"", ""count"": 42}, {""keyword"": ""디저트가 맛있어요"", ""count"": 20}]",OK,keyword_count=5 total=142,https://search.pstatic.net/common/?autoRotate=true&type=w560_sharpen&src=https%3A%2F%2Fldb-phinf.pstatic.net%2F20230917_11%2F1694962739745mrjsO_JPEG%2FIMG_2437.jpeg,OK,"hit=a#_autoPlayable img
src_len=164",수 09:00 - 21:00 | 목 09:00 - 21:00 | 금 09:00 - 21:00 | 토 09:00 - 21:00 | 일 09:00 - 21:00 | 월 정기휴무 (매주 월요일) | 화(2/17) 설날 휴무,OK,"hit=hours_toggle
aria_before=false
aria_after=true
w9QyJ_count=9
detail_lines=7",0,0
saltbread,daegu,대구 동천 소금빵,아침을기다리는빵,대구광역시 북구 동천로24길 17,대구광역시 북구 동천동 911-5,,,"카페,디저트>베이커리",1285624212,359418172,128.5624893,35.9419832,,102152951.0,SID_OK_AUTO_DETAIL,대구 아침을기다리는빵,OK,,PHONE_NOT_FOUND,"[""아침을기다리는빵은 대구 북구 동천동에 위치한 베이커리로, 다양한 빵과 미니케이크가 인기입니다."", ""특히 소금빵, 크로와상 등이 맛있고, 샌드위치와 디저트류도 다양하게 준비되어 있습니다."", ""매장은 깔끔한 인테리어와 친절한 서비스로 편안한 분위기를 제공하며, 주차는 인근 공영주차장을 이용할 수 있습니다.""]",OK,bkeel_count=3,1,"[{""keyword"": ""빵이 맛있어요"", ""count"": 1187}, {""keyword"": ""특별한 메뉴가 있어요"", ""count"": 311}, {""keyword"": ""가성비가 좋아요"", ""count"": 300}, {""keyword"": ""친절해요"", ""count"": 262}, {""keyword"": ""매장이 청결해요"", ""count"": 191}]",OK,keyword_count=5 total=1,https://search.pstatic.net/common/?autoRotate=true&type=w560_sharpen&src=https%3A%2F%2Fldb-phinf.pstatic.net%2F20190113_266%2F15473681845579TVnw_JPEG%2F1b4Tjnc1GfkMe88QO0nZsIgu.jpeg.jpg,OK,"hit=a#_autoPlayable img
src_len=185",수 11:00 - 22:30 | 목 11:00 - 22:30 | 금 11:00 - 23:00 | 토 11:00 - 23:00 | 일 11:00 - 22:00 | 월 11:00 - 22:30 | 화(2/17) 설날 휴무,OK,"hit=hours_toggle
aria_before=false
aria_after=true
w9QyJ_count=9
detail_lines=7",0,0
saltbread,daegu,대구 팔거역 소금빵,제로디스턴스,대구광역시 북구 동천로23길 48 1층,대구광역시 북구 동천동 969-7 1층,,,"음식점>카페,디저트",1285556397,359431405,128.5556397,35.9431405,,1013546351.0,SID_OK_AUTO_DETAIL,대구 제로디스턴스,OK,0507-1321-2156,OK,"[""제로디스턴스는 모던한 블랙톤 인테리어와 여유로운 분위기가 매력적인 카페입니다."", ""아메리카노는 산미가 없어 호불호 없이 즐기기 좋으며, 아인슈페너와 로투스크림라떼가 인기 메뉴입니다."", ""야외 테라스와 애견 동반 가능한 공간이 마련되어 있어 편안하게 방문하기 좋으며, 휘낭시에와 소금빵 등 다양한 디저트를 함께 즐길 수 있습니다.""]",OK,bkeel_count=3,224,"[{""keyword"": ""커피가 맛있어요"", ""count"": 181}, {""keyword"": ""인테리어가 멋져요"", ""count"": 116}, {""keyword"": ""디저트가 맛있어요"", ""count"": 107}, {""keyword"": ""음료가 맛있어요"", ""count"": 72}, {""keyword"": ""친절해요"", ""count"": 54}]",OK,keyword_count=5 total=224,https://search.pstatic.net/common/?autoRotate=true&type=w560_sharpen&src=https%3A%2F%2Fpup-review-phinf.pstatic.net%2FMjAyNjAyMDRfOTIg%2FMDAxNzcwMTc0ODI5MzAy.bQq8fqLb_Hax8esgIYmyB9JoNMh-b2kFC3yadZnP6VYg.pL2M9J3EKhzTHVTkMEtRHwNvNnXC5DJnuXUmJVPAXtgg.JPEG%2F20260204_121256.jpg.jpg,OK,"hit=a#_autoPlayable img
src_len=278",수 10:00 - 21:00 | 목 10:00 - 21:00 | 금(2/13) 휴무 | 토 12:00 - 21:00 | 일 12:00 - 21:00 | 월(2/16) 설날 연휴 휴무 | 화(2/17) 설날 휴무,OK,"hit=hours_toggle
aria_before=false
aria_after=true
w9QyJ_count=9
detail_lines=7",0,0
saltbread,daegu,대구 동천 소금빵,사운즈커피칠곡3지구점,대구광역시 북구 동천로 125-16 1층 사운즈커피,대구광역시 북구 동천동 904-1 1층 사운즈커피,,https://smartstore.naver.com/soundscoffee,"카페,디저트>베이커리",1285590191,359432307,128.5591126,35.9432822,,1073501370.0,SID_OK_AUTO_DETAIL,대구 사운즈커피칠곡3지구점,OK,0507-1492-5188,OK,"[""사운즈커피칠곡3지구점은 팔거역 근처에 위치한 편안한 분위기의 카페입니다."", ""U자형 좌석과 넓은 테이블 등 다양한 좌석 구성으로 모임하기 좋으며, 주차 공간도 넉넉합니다."", ""아이스크림 라떼와 카페라떼가 특히 맛있고, 베이커리류도 다양해 브런치로도 적합합니다."", ""고급스러운 인테리어와 친절한 서비스로 재방문율이 높은 곳입니다.""]",OK,bkeel_count=4,817,"[{""keyword"": ""커피가 맛있어요"", ""count"": 624}, {""keyword"": ""빵이 맛있어요"", ""count"": 463}, {""keyword"": ""친절해요"", ""count"": 235}, {""keyword"": ""인테리어가 멋져요"", ""count"": 214}, {""keyword"": ""음료가 맛있어요"", ""count"": 194}]",OK,keyword_count=5 total=817,https://search.pstatic.net/common/?autoRotate=true&type=w560_sharpen&src=https%3A%2F%2Fldb-phinf.pstatic.net%2F20230504_61%2F1683209665134dVCj7_JPEG%2F%25BB%25E7%25BF%25EE%25C1%25EE%25C4%25BF%25C7%25C7_%25C4%25A5%25B0%25EE%25C1%25A1_%25B8%25C5%25C0%25E5-20.jpg,OK,"hit=a#_autoPlayable img
src_len=260",수 08:00 - 23:00 22:00 라스트오더 | 목 08:00 - 23:00 22:00 라스트오더 | 금 08:00 - 23:00 22:00 라스트오더 | 토 08:00 - 23:00 22:00 라스트오더 | 일 08:00 - 23:00 22:00 라스트오더 | 월(2/16) 설날 연휴08:00 - 23:00 | 화(2/17) 설날08:00 - 23:00 | - 추석 당일 화요일은 '오후 12시' 오픈입니다 !!,OK,"hit=hours_toggle
aria_before=false
aria_after=true
w9QyJ_count=9
detail_lines=8",0,0
saltbread,daegu,대구 동천 소금빵,빵내음솔과자점,대구광역시 북구 동암로 110 빵내음 솔,대구광역시 북구 동천동 896-1 빵내음 솔,,,"카페,디저트>베이커리",1285629918,359440348,128.562838,35.9439422,,1809542014.0,SID_OK_AUTO_DETAIL,대구 빵내음솔과자점,OK,053-313-3481,OK,[],AI_BRIEFING_NOT_FOUND,,925,"[{""keyword"": ""빵이 맛있어요"", ""count"": 573}, {""keyword"": ""친절해요"", ""count"": 182}, {""keyword"": ""매장이 청결해요"", ""count"": 118}, {""keyword"": ""가성비가 좋아요"", ""count"": 117}, {""keyword"": ""특별한 메뉴가 있어요"", ""count"": 87}]",OK,keyword_count=5 total=925,https://search.pstatic.net/common/?autoRotate=true&type=w560_sharpen&src=https%3A%2F%2Fldb-phinf.pstatic.net%2F20230216_150%2F167653875311835cGG_JPEG%2FE5F20DD0-6231-46DC-8463-58128DEE0612.jpeg,OK,"hit=a#_autoPlayable img
src_len=193",매일 08:30 - 22:30,OK,"hit=hours_toggle
aria_before=false
aria_after=true
w9QyJ_count=2
detail_lines=1",0,0
saltbread,daegu,대구 학정 소금빵,카페엔,대구광역시 북구 학남로 11 1층,대구광역시 북구 학정동 946-2 1층,,https://www.instagram.com/cafe.n.official/?igsh=MXU5ZG13YmNlc2ZodA%3D%3D,"음식점>카페,디저트",1285662080,359487588,128.5662436,35.9487711,,,SEARCH_TIMEOUT_NO_UI,대구 카페엔,,,,,,,,,,,,,,,,,0,0
saltbread,daegu,대구 학정 소금빵,스너그버터,대구광역시 북구 학남로3길 28 1층 스너그버터,대구광역시 북구 학정동 935-5 1층 스너그버터,,https://www.instagram.com/snug_butter,"음식점>카페,디저트",1285675770,359509302,128.5676223,35.9508964,,1072923238.0,SID_OK_AUTO_DETAIL,대구 스너그버터,OK,0507-1401-0312,OK,"[""스너그버터는 소금빵과 휘낭시에가 맛있는 대구의 디저트 카페입니다."", ""기본 소금빵부터 후추 소금빵까지 다양한 빵을 제공하며, 휘낭시에도 바쟉바쟉한 식감이 일품입니다."", ""아기자기한 인테리어와 친절한 서비스로 단골 손님들이 많습니다."", ""두바이 초콜릿, 딸기케이크 등 다양한 디저트 메뉴가 있습니다.""]",OK,bkeel_count=4,154,"[{""keyword"": ""디저트가 맛있어요"", ""count"": 145}, {""keyword"": ""커피가 맛있어요"", ""count"": 105}, {""keyword"": ""빵이 맛있어요"", ""count"": 78}, {""keyword"": ""인테리어가 멋져요"", ""count"": 57}, {""keyword"": ""친절해요"", ""count"": 55}]",OK,keyword_count=5 total=154,https://search.pstatic.net/common/?autoRotate=true&type=w560_sharpen&src=https%3A%2F%2Fldb-phinf.pstatic.net%2F20241203_227%2F1733232772869ejRc2_JPEG%2FIMG_7270.jpeg,OK,"hit=a#_autoPlayable img
src_len=165",수 11:00 - 19:00 | 목 11:00 - 19:00 | 금 11:00 - 19:00 | 토 11:00 - 19:00 | 일 11:00 - 19:00 | 월 정기휴무 (매주 월요일) | 화 정기휴무 (매주 화요일) | - 신세계백화점팝업 다녀올께요!(기간:10/31-11/6),OK,"hit=hours_toggle
aria_before=false
aria_after=true
w9QyJ_count=9
detail_lines=8",0,0
saltbread,daegu,대구 학정 소금빵,빵구움,대구광역시 북구 학남로3길 40-6 이수하이츠 102호,대구광역시 북구 학정동 930-15 이수하이츠 102호,,https://www.instagram.com/bbang9um?igsh=YmF5N2RmNjB4cXZl,"음식점>카페,디저트",1285679895,359519618,128.5679842,35.9519435,,1708935110.0,SID_OK_AUTO_DETAIL,대구 빵구움,OK,0507-1332-9384,OK,[],AI_BRIEFING_NOT_FOUND,,53,"[{""keyword"": ""디저트가 맛있어요"", ""count"": 33}, {""keyword"": ""커피가 맛있어요"", ""count"": 24}, {""keyword"": ""빵이 맛있어요"", ""count"": 22}, {""keyword"": ""친절해요"", ""count"": 18}, {""keyword"": ""매장이 청결해요"", ""count"": 16}]",OK,keyword_count=5 total=53,https://search.pstatic.net/common/?autoRotate=true&type=w560_sharpen&src=https%3A%2F%2Fldb-phinf.pstatic.net%2F20241219_32%2F173458030234417Ib1_JPEG%2F1000013833.jpg,OK,"hit=a#_autoPlayable img
src_len=165",수 11:00 - 20:00 | 목 11:00 - 20:00 | 금 11:00 - 20:00 | 토 11:00 - 20:00 | 일 11:00 - 20:00 | 월(2/16) 설날 연휴 휴무 | 화(2/17) 설날 휴무 | 02/16-02/18 설날 연휴 휴무,OK,"hit=hours_toggle
aria_before=false
aria_after=true
w9QyJ_count=9
detail_lines=8",0,0
saltbread,daegu,대구 동구 소금빵,브리니 팔공,대구광역시 동구 팔공로206길 4 브리니 팔공,대구광역시 동구 백안동 536 브리니 팔공,,https://www.instagram.com/briny_palgong,"음식점>카페,디저트",1286908899,359533128,128.6908899,35.9533128,,1907192021.0,SID_OK_AUTO_DETAIL,대구 브리니 팔공,OK,0507-1401-7077,OK,"[""브리니 팔공은 팔공산 한옥 카페로, 넓은 실내와 야외 좌석을 갖추고 있어 단체 모임에도 적합합니다."", ""주차장이 넉넉해 차량 이용이 편리하며, 전통 한옥의 구조와 정원을 현대적으로 재해석한 아늑한 분위기를 자랑합니다."", ""크림치즈 퀸아망과 드립커피는 인기 메뉴로, 디카페인 옵션도 제공됩니다.""]",OK,bkeel_count=3,4,"[{""keyword"": ""커피가 맛있어요"", ""count"": 3286}, {""keyword"": ""인테리어가 멋져요"", ""count"": 2573}, {""keyword"": ""디저트가 맛있어요"", ""count"": 2134}, {""keyword"": ""뷰가 좋아요"", ""count"": 1559}, {""keyword"": ""사진이 잘 나와요"", ""count"": 1247}]",OK,keyword_count=5 total=4,https://search.pstatic.net/common/?autoRotate=true&type=w560_sharpen&src=https%3A%2F%2Fvideo-phinf.pstatic.net%2F20250929_73%2F1759116318353aK00v_JPEG%2Fa6EvNvgtG7_01.jpg,OK,"hit=a#_autoPlayable img
src_len=170","수 10:00 - 19:00 18:30 라스트오더 | 목 10:00 - 19:00 18:30 라스트오더 | 금 10:00 - 19:00 18:30 라스트오더 | 토 10:00 - 21:00 20:30 라스트오더 | 일 10:00 - 21:00 20:30 라스트오더 | 월(2/16) 설날 연휴10:00 - 21:00 | 화(2/17) 설날10:00 - 21:00 | - 동계기간(12, 1, 2월) 영업시간이 변경되었습니다.",OK,"hit=hours_toggle
aria_before=false
aria_after=true
w9QyJ_count=9
detail_lines=8",0,0
saltbread,daegu,대구 경대병원 소금빵,라운드라운드,대구광역시 북구 학정로 550 1층,대구광역시 북구 학정동 926-1 1층,,https://blog.naver.com/roundroundbread,"카페,디저트>베이커리",1285659276,359536764,128.5660009,35.953612,,,SEARCH_TIMEOUT_NO_UI,대구 라운드라운드,,,,,,,,,,,,,,,,,0,0
saltbread,daegu,대구 동구 소금빵,커들포드,대구광역시 동구 팔공로 1334 커들포드,대구광역시 동구 진인동 394-2 커들포드,,https://www.instagram.com/cuddlepod_official,"음식점>카페,디저트",1287234507,359592982,128.7234507,35.9592982,,,SEARCH_TIMEOUT_NO_UI,대구 커들포드,,,,,,,,,,,,,,,,,0,0
saltbread,daegu,대구 팔공산 소금빵 베이커리,굿테이스트커피 by 커피맛을조금아는남자,대구광역시 동구 팔공산로277길 26 26-1(백안동),대구광역시 동구 백안동 324-4 26-1,,https://www.instagram.com/goodtaste_palgong,"음식점>카페,디저트",1286984802,359606476,128.6986144,35.9607296,,1271094388.0,SID_OK_AUTO_DETAIL,대구 굿테이스트커피 by 커피맛을조금아는남자,OK,0507-1373-4603,OK,"[""굿테이스트커피 by 커피맛을조금아는남자는 팔공산 대형 카페로, 넓은 공간과 탁 트인 통창뷰가 매력적인 곳입니다."", ""로마노, 아몬드 아마레또 등 특색 있는 커피 메뉴와 다양한 베이커리를 즐길 수 있으며, 애견동반 및 예스키즈존으로 가족 단위 방문객에게 적합합니다."", ""주차장이 넉넉하고 평일에는 음료 리필 서비스도 제공됩니다.""]",OK,bkeel_count=3,1,"[{""keyword"": ""커피가 맛있어요"", ""count"": 983}, {""keyword"": ""뷰가 좋아요"", ""count"": 532}, {""keyword"": ""디저트가 맛있어요"", ""count"": 451}, {""keyword"": ""주차하기 편해요"", ""count"": 380}, {""keyword"": ""인테리어가 멋져요"", ""count"": 372}]",OK,keyword_count=5 total=1,https://search.pstatic.net/common/?autoRotate=true&type=w560_sharpen&src=https%3A%2F%2Fldb-phinf.pstatic.net%2F20260126_139%2F17693943629350xJPr_JPEG%2FKakaoTalk_20260126_112429911_02.jpg,OK,"hit=a#_autoPlayable img
src_len=187",수 10:00 - 22:00 21:00 라스트오더 | 목 10:00 - 22:00 21:00 라스트오더 | 금 10:00 - 22:00 21:00 라스트오더 | 토(2/14) 12:00 - 20:00 | 일(2/15) 12:00 - 20:00 | 월(2/16) 12:00 - 20:00 | 화(2/17) 12:00 - 20:00 | - 2/14~20일 12시 오픈 20시 마감,OK,"hit=hours_toggle
aria_before=false
aria_after=true
w9QyJ_count=9
detail_lines=8",0,0
saltbread,daegu,대구 안심 소금빵 카페,로스팅 랩,대구광역시 동구 팔공산로 1173 로스팅랩커피솦,대구광역시 동구 용수동 67-49 로스팅랩커피솦,,,음식점>일식>돈가스,1286930589,359883199,128.6930589,35.9883199,,,SEARCH_TIMEOUT_NO_UI,대구 로스팅 랩,,,,,,,,,,,,,,,,,0,0
saltbread,daegu,대구 팔공산 소금빵,티아이티에프,대구광역시 동구 팔공산로 1169,대구광역시 동구 용수동 67-54,,http://instagram.com/titf803,"카페,디저트>베이커리",1286927670,359884992,128.6927623,35.9885051,,1620047120.0,SID_OK_AUTO_DETAIL,대구 티아이티에프,OK,053-985-7755,OK,[],AI_BRIEFING_NOT_FOUND,,2,"[{""keyword"": ""빵이 맛있어요"", ""count"": 603}, {""keyword"": ""커피가 맛있어요"", ""count"": 457}, {""keyword"": ""인테리어가 멋져요"", ""count"": 370}, {""keyword"": ""주차하기 편해요"", ""count"": 301}, {""keyword"": ""뷰가 좋아요"", ""count"": 273}]",OK,keyword_count=5 total=2,https://search.pstatic.net/common/?autoRotate=true&type=w560_sharpen&src=https%3A%2F%2Fldb-phinf.pstatic.net%2F20190918_283%2F1568803425783VEP9x_JPEG%2FMhXPGrmlgVsE3HsLHX6Xi60Y.jpg,OK,"hit=a#_autoPlayable img
src_len=180",매일 11:00 - 23:00 22:30 라스트오더 | - 연중무휴 Open 11시~ Close 23시,OK,"hit=hours_toggle
aria_before=false
aria_after=true
w9QyJ_count=3
detail_lines=2",0,0
saltbread,daegu,대구 팔공산 소금빵,앤지스2,"대구광역시 동구 팔공산로185길 71 (1,2층)","대구광역시 동구 용수동 59-31 1,2층",,https://www.instagram.com/wood.mood.good,"음식점>카페,디저트",1286940966,359887639,128.6940966,35.9887639,,1397911536.0,SID_OK_AUTO_DETAIL,대구 앤지스2,OK,0507-1494-1410,OK,"[""앤지스2는 팔공산 케이블카 근처에 위치한 앤틱한 분위기의 카페입니다."", ""1층과 2층으로 이루어진 넓은 공간에 다양한 좌석이 마련되어 있으며, 전용 주차장과 만차 시 대체 주차장도 이용 가능합니다."", ""시그니처 밤라떼는 밤 알맹이가 풍부하게 들어간 수제 맛으로 인기가 많으며, 옛날 팥빙수도 사계절 내내 즐길 수 있는 인기 메뉴입니다.""]",OK,bkeel_count=3,128,"[{""keyword"": ""인테리어가 멋져요"", ""count"": 95}, {""keyword"": ""커피가 맛있어요"", ""count"": 91}, {""keyword"": ""디저트가 맛있어요"", ""count"": 80}, {""keyword"": ""친절해요"", ""count"": 59}, {""keyword"": ""음료가 맛있어요"", ""count"": 46}]",OK,keyword_count=5 total=128,https://search.pstatic.net/common/?autoRotate=true&type=w560_sharpen&src=https%3A%2F%2Fldb-phinf.pstatic.net%2F20250411_294%2F1744355347126ihVeu_JPEG%2FKakaoTalk_20250411_160825118_02.jpg,OK,"hit=a#_autoPlayable img
src_len=187",수(2/11) 12:30 - 19:00 | 목(2/12) 12:30 - 19:00 | 금 11:00 - 20:00 | 토 11:00 - 20:00 | 일 11:00 - 19:00 | 월 11:00 - 19:00 | 화 11:00 - 19:00 | - 네이버맵•인스타그램에서 실시간 영업시간을 확인하세요!,OK,"hit=hours_toggle
aria_before=false
aria_after=true
w9QyJ_count=9
detail_lines=8",0,0
saltbread,daegu,대구 동구 소금빵,초이스엠,대구광역시 동구 팔공산로 260 초이스엠,대구광역시 동구 덕곡동 105-1 초이스엠,,https://youtu.be/Ke70zHMIm10?si=xKqfX6ZEvPMAnf2c,"카페,디저트>베이커리",1286139649,359928842,128.6139396,35.9928722,,16038370.0,SID_OK_AUTO_DETAIL,대구 초이스엠,OK,0507-1485-7272,OK,"[""초이스엠은 팔공산에 위치한 대형 베이커리 카페로, 단팥빵과 몽블랑이 유명합니다."", ""아기의자와 엘리베이터가 있어 가족 단위 방문객에게 편리하며, 넓은 주차장과 단체석이 마련되어 있습니다."", ""커피는 원두 선택이 가능하며, 계절에 따라 다양한 음료와 디저트를 즐길 수 있습니다."", ""탁 트인 뷰와 쾌적한 공간에서 브런치나 후식을 즐기기 좋은 곳입니다.""]",OK,bkeel_count=4,4,"[{""keyword"": ""빵이 맛있어요"", ""count"": 2823}, {""keyword"": ""커피가 맛있어요"", ""count"": 1015}, {""keyword"": ""주차하기 편해요"", ""count"": 740}, {""keyword"": ""특별한 메뉴가 있어요"", ""count"": 531}, {""keyword"": ""친절해요"", ""count"": 513}]",OK,keyword_count=5 total=4,https://search.pstatic.net/common/?autoRotate=true&type=w560_sharpen&src=https%3A%2F%2Fldb-phinf.pstatic.net%2F20230615_144%2F1686821474085qvjwK_JPEG%2FKakaoTalk_20230615_181342315.jpg,OK,"hit=a#_autoPlayable img
src_len=184",수 10:00 - 22:00 21:00 라스트오더 | 목 10:00 - 22:00 21:00 라스트오더 | 금 10:00 - 22:00 21:00 라스트오더 | 토 10:00 - 22:00 21:00 라스트오더 | 일 10:00 - 22:00 21:00 라스트오더 | 월 10:00 - 22:00 21:00 라스트오더 | 화(2/17) 설날 휴무,OK,"hit=hours_toggle
aria_before=false
aria_after=true
w9QyJ_count=9
detail_lines=7",0,0
saltbread,daegu,대구 팔공산 소금빵 베이커리,카페스톤,대구광역시 군위군 부계면 한티로 1525-6,대구광역시 군위군 부계면 남산리 1138-4,,https://www.instagram.com/cafestone_?igsh=MXJ3M3dvc24xdTR1cg==,"음식점>카페,디저트",1286307242,360298746,128.6307242,36.0298746,,,SEARCH_TIMEOUT_NO_UI,대구 카페스톤,,,,,,,,,,,,,,,,,0,0
