dessert_category,region,query,name,road_address,jibun_address,telephone,external_link,category_text,mapx,mapy,longitude,latitude,geocode_error,naver_place_id,sid_status,sid_search_keyword,basic_status,phone,phone_status,ai_briefing_json,ai_briefing_status,ai_briefing_debug,visitor_review_total,review_kw_json,review_kw_status,review_kw_debug,hero_img_url,hero_img_status,hero_img_debug,hours_raw,hours_status,hours_debug,basic_try,ai_try,menu_status,menu_debug,menu_count,menu_items_json,menu_img_top5_json,menu_try
saltbread,daegu,대구 달성군 소금빵,카프리쵸사 현풍 본점,"대구광역시 달성군 유가읍 테크노상업로 120 1층 121, 122호","대구광역시 달성군 유가읍 봉리 619 1층 121, 122호",,https://www.instagram.com/caprichosa_ccb,"카페,디저트>베이커리",1284635581,356932220,128.4628865,35.6930595,,1139406200.0,SID_OK_AUTO_DETAIL,대구 카프리쵸사 현풍 본점,OK,053-611-5003,OK,"[""카프리쵸사 현풍 본점은 현풍 지역에서 오래된 빵집으로, 소금빵부터 크림치즈스콘까지 다양한 메뉴를 자랑합니다."", ""특히 버터프레첼은 단짠단짠의 매력으로 인기가 높으며, 샌드위치 종류는 신선한 재료로 만들어져 브런치로도 좋습니다."", ""주말에는 혼잡할 수 있으니 방문 시간을 여유 있게 계획하시는 것을 추천드립니다.""]",OK,bkeel_count=3,4.0,"[{""keyword"": ""빵이 맛있어요"", ""count"": 2335}, {""keyword"": ""디저트가 맛있어요"", ""count"": 695}, {""keyword"": ""친절해요"", ""count"": 613}, {""keyword"": ""종류가 다양해요"", ""count"": 596}, {""keyword"": ""재료가 신선해요"", ""count"": 505}]",OK,keyword_count=5 total=4,https://search.pstatic.net/common/?autoRotate=true&type=w560_sharpen&src=https%3A%2F%2Fldb-phinf.pstatic.net%2F20250505_253%2F1746454811414b9Cv9_JPEG%2F9C48F743-7B85-4805-96C7-27E433BABD3F.jpeg,OK,"hit=a#_autoPlayable img
src_len=193",매일 09:00 - 22:00,OK,"hit=hours_toggle
aria_before=false
aria_after=true
w9QyJ_count=2
detail_lines=1",0,0,OK,"more_clicks=0
li_count=13
picked_img_count=5",13,"[{""idx"": 0, ""name"": ""딸기 케이크 1호"", ""price"": ""48,000원"", ""img_url"": ""https://search.pstatic.net/common/?autoRotate=true&quality=95&type=f320_320&src=https%3A%2F%2Fldb-phinf.pstatic.net%2F20241121_39%2F1732115930514zDnq0_JPEG%2FIMG_1653.jpeg""}, {""idx"": 1, ""name"": ""쌀 바게트 샌드위치"", ""price"": ""7,800원"", ""img_url"": ""https://search.pstatic.net/common/?autoRotate=true&quality=95&type=f320_320&src=https%3A%2F%2Fldb-phinf.pstatic.net%2F20241120_222%2F1732110382037adKwJ_JPEG%2FIMG_2908.jpeg""}, {""idx"": 2, ""name"": ""시오빵"", ""price"": ""3,000원"", ""img_url"": ""https://search.pstatic.net/common/?autoRotate=true&quality=95&type=f320_320&src=https%3A%2F%2Fldb-phinf.pstatic.net%2F20241120_153%2F1732110484427o0K1Y_JPEG%2F492B5B10-B4F1-4376-AD16-25ABC06A1420.jpeg""}, {""idx"": 3, ""name"": ""버터 프레첼"", ""price"": ""4,700원"", ""img_url"": ""https://search.pstatic.net/common/?autoRotate=true&quality=95&type=f320_320&src=https%3A%2F%2Fldb-phinf.pstatic.net%2F20241120_87%2F1732110609691aqtng_JPEG%2F290D69B7-5AF6-45F2-AF0A-0434348AC3FC.jpeg""}, {""idx"": 4, ""name"": ""바질크림 바게트"", ""price"": ""5,200원"", ""img_url"": ""https://search.pstatic.net/common/?autoRotate=true&quality=95&type=f320_320&src=https%3A%2F%2Fldb-phinf.pstatic.net%2F20241122_89%2F1732202421440RQ9df_JPEG%2FF7D964FD-4664-4A80-BFE6-D107972CB1A1.jpeg""}, {""idx"": 5, ""name"": ""찰카스테라"", ""price"": ""4,200원"", ""img_url"": ""https://search.pstatic.net/common/?autoRotate=true&quality=95&type=f320_320&src=https%3A%2F%2Fldb-phinf.pstatic.net%2F20230725_55%2F1690291339031xk4hg_JPEG%2F1680851320604.jpg""}, {""idx"": 6, ""name"": ""소프트 롤 케익"", ""price"": ""9,000원"", ""img_url"": ""https://search.pstatic.net/common/?autoRotate=true&quality=95&type=f320_320&src=https%3A%2F%2Fldb-phinf.pstatic.net%2F20230320_271%2F1679274476560IvQBQ_JPEG%2FScreenshot_20221226_141343_Instagram.jpg""}, {""idx"": 7, ""name"": ""롱 소세지"", ""price"": ""4,500원"", ""img_url"": ""https://search.pstatic.net/common/?autoRotate=true&quality=95&type=f320_320&src=https%3A%2F%2Fldb-phinf.pstatic.net%2F20241122_13%2F1732202388485zNels_JPEG%2F4E4A2BCA-DD75-465A-8450-12BD6926D353.jpeg""}, {""idx"": 8, ""name"": ""쉬폰케익"", ""price"": ""6,000원"", ""img_url"": ""https://search.pstatic.net/common/?autoRotate=true&quality=95&type=f320_320&src=https%3A%2F%2Fldb-phinf.pstatic.net%2F20230320_175%2F1679274389936gGWYW_JPEG%2FScreenshot_20221226_141535_Instagram.jpg""}, {""idx"": 9, ""name"": ""휘낭시에"", ""price"": ""2,200원"", ""img_url"": ""https://search.pstatic.net/common/?autoRotate=true&quality=95&type=f320_320&src=https%3A%2F%2Fldb-phinf.pstatic.net%2F20230320_276%2F1679274355145KS4PY_JPEG%2F1678838047338.jpg""}, {""idx"": 10, ""name"": ""몽블랑"", ""price"": ""5,900원"", ""img_url"": ""https://search.pstatic.net/common/?autoRotate=true&quality=95&type=f320_320&src=https%3A%2F%2Fldb-phinf.pstatic.net%2F20240915_240%2F1726351576017z6YND_JPEG%2F1000014221.jpg""}, {""idx"": 11, ""name"": ""단팥빵"", ""price"": ""3,000원"", ""img_url"": ""https://search.pstatic.net/common/?autoRotate=true&quality=95&type=f320_320&src=https%3A%2F%2Fldb-phinf.pstatic.net%2F20230316_8%2F1678933396409yMHVH_JPEG%2FScreenshot_20210221-010528_Instagram.jpg""}, {""idx"": 12, ""name"": ""콘 브레드"", ""price"": ""3,400원"", ""img_url"": ""https://search.pstatic.net/common/?autoRotate=true&quality=95&type=f320_320&src=https%3A%2F%2Fldb-phinf.pstatic.net%2F20241122_299%2F1732202339420Y1Qkq_JPEG%2FIMG_4343.jpeg""}]","[""https://search.pstatic.net/common/?autoRotate=true&quality=95&type=f320_320&src=https%3A%2F%2Fldb-phinf.pstatic.net%2F20241120_153%2F1732110484427o0K1Y_JPEG%2F492B5B10-B4F1-4376-AD16-25ABC06A1420.jpeg"", ""https://search.pstatic.net/common/?autoRotate=true&quality=95&type=f320_320&src=https%3A%2F%2Fldb-phinf.pstatic.net%2F20230316_8%2F1678933396409yMHVH_JPEG%2FScreenshot_20210221-010528_Instagram.jpg"", ""https://search.pstatic.net/common/?autoRotate=true&quality=95&type=f320_320&src=https%3A%2F%2Fldb-phinf.pstatic.net%2F20241121_39%2F1732115930514zDnq0_JPEG%2FIMG_1653.jpeg"", ""https://search.pstatic.net/common/?autoRotate=true&quality=95&type=f320_320&src=https%3A%2F%2Fldb-phinf.pstatic.net%2F20241120_222%2F1732110382037adKwJ_JPEG%2FIMG_2908.jpeg"", ""https://search.pstatic.net/common/?autoRotate=true&quality=95&type=f320_320&src=https%3A%2F%2Fldb-phinf.pstatic.net%2F20241120_87%2F1732110609691aqtng_JPEG%2F290D69B7-5AF6-45F2-AF0A-0434348AC3FC.jpeg""]",2
saltbread,daegu,대구 달성군 소금빵,주리485,대구광역시 달성군 가창면 주리2길 48 주리485카페,대구광역시 달성군 가창면 주리 485-1 주리485카페,,https://www.instagram.com/juri.485,"음식점>카페,디저트",1286232435,357517066,128.6232338,35.7517181,,1096175388.0,SID_OK_AUTO_DETAIL,대구 주리485,OK,,PHONE_NOT_FOUND,"[""주리485는 대구 근교 가창에 있는 브런치 카페로, 넓은 실내외 공간과 주차장을 갖추고 있습니다."", ""브리오슈 플레이트, 스파이시 바질 잠봉, 드립커피 등 다양한 메뉴가 있으며, 특히 수제 자몽 블랙티와 따뜻한 초코 음료가 인기입니다."", ""2층에서 바라보는 푸릇한 풍경과 편안한 좌석이 매력적입니다.""]",OK,bkeel_count=3,3.0,"[{""keyword"": ""커피가 맛있어요"", ""count"": 2303}, {""keyword"": ""뷰가 좋아요"", ""count"": 2284}, {""keyword"": ""인테리어가 멋져요"", ""count"": 1536}, {""keyword"": ""사진이 잘 나와요"", ""count"": 1215}, {""keyword"": ""디저트가 맛있어요"", ""count"": 1006}]",OK,keyword_count=5 total=3,https://search.pstatic.net/common/?autoRotate=true&type=w560_sharpen&src=https%3A%2F%2Fvideo-phinf.pstatic.net%2F20260113_147%2F1768279869265ze8TJ_JPEG%2F0cqE14uCxD_01.jpg,OK,"hit=a#_autoPlayable img
src_len=171",일 10:30 - 19:00 18:00 라스트오더 | 월 11:00 - 19:00 18:00 라스트오더 | 화 11:00 - 19:00 18:00 라스트오더 | 수 11:00 - 19:00 18:00 라스트오더 | 목 11:00 - 19:00 18:00 라스트오더 | 금 11:00 - 19:00 18:00 라스트오더 | 토 10:30 - 19:00 18:00 라스트오더,OK,"hit=hours_toggle
aria_before=false
aria_after=true
w9QyJ_count=8
detail_lines=7",0,0,OK,"more_clicks=1
li_count=21
picked_img_count=5",21,"[{""idx"": 0, ""name"": ""두바이 프렌치토스트"", ""price"": ""27,000원"", ""img_url"": ""https://search.pstatic.net/common/?autoRotate=true&quality=95&type=f320_320&src=https%3A%2F%2Fldb-phinf.pstatic.net%2F20260113_271%2F1768278355710sKkak_JPEG%2FKakaoTalk_20260113_123529228_02.jpg""}, {""idx"": 1, ""name"": ""두바이 소금빵"", ""price"": ""7,500원"", ""img_url"": ""https://search.pstatic.net/common/?autoRotate=true&quality=95&type=f320_320&src=https%3A%2F%2Fldb-phinf.pstatic.net%2F20260113_233%2F1768278822203mMCed_JPEG%2FKakaoTalk_20260113_123529228_01.jpg""}, {""idx"": 2, ""name"": ""샥슈카(에그인헬)"", ""price"": ""18,000원"", ""img_url"": ""https://search.pstatic.net/common/?autoRotate=true&quality=95&type=f320_320&src=https%3A%2F%2Fldb-phinf.pstatic.net%2F20260108_146%2F17678598279341k7gm_JPEG%2F%25BC%25A1%25BD%25B4%25C4%25AB.jpg""}, {""idx"": 3, ""name"": ""마르게리타 피자"", ""price"": ""16,000원"", ""img_url"": ""https://search.pstatic.net/common/?autoRotate=true&quality=95&type=f320_320&src=https%3A%2F%2Fldb-phinf.pstatic.net%2F20260108_296%2F1767859629896Edvg0_JPEG%2F%25B8%25B6%25B8%25A3%25B0%25D4%25B8%25AE%25B5%25FB.jpg""}, {""idx"": 4, ""name"": ""대파 피자"", ""price"": ""22,000원"", ""img_url"": ""https://search.pstatic.net/common/?autoRotate=true&quality=95&type=f320_320&src=https%3A%2F%2Fldb-phinf.pstatic.net%2F20260108_265%2F1767859708058u3muv_JPEG%2F%25B4%25EB%25C6%25C4%25C7%25C7%25C0%25DA.jpg""}, {""idx"": 5, ""name"": ""프렌치 토스트 with 시즌과일"", ""price"": ""15,000원"", ""img_url"": ""https://search.pstatic.net/common/?autoRotate=true&quality=95&type=f320_320&src=https%3A%2F%2Fldb-phinf.pstatic.net%2F20251207_12%2F176511346196351FcQ_JPEG%2F%25C7%25C1.jpg""}, {""idx"": 6, ""name"": ""산,딸기 케이크"", ""price"": ""9,500원"", ""img_url"": ""https://search.pstatic.net/common/?autoRotate=true&quality=95&type=f320_320&src=https%3A%2F%2Fldb-phinf.pstatic.net%2F20251207_184%2F1765113654266EYviv_JPEG%2FIMG_2498.jpg""}, {""idx"": 7, ""name"": ""생딸기 라떼"", ""price"": ""8,500원"", ""img_url"": ""https://search.pstatic.net/common/?autoRotate=true&quality=95&type=f320_320&src=https%3A%2F%2Fldb-phinf.pstatic.net%2F20251207_83%2F1765113513995s0TRi_JPEG%2F%25BB%25FD%25B5%25FE%25B1%25E2.jpg""}, {""idx"": 8, ""name"": ""쵸코쵸코"", ""price"": ""8,500원"", ""img_url"": ""https://search.pstatic.net/common/?autoRotate=true&quality=95&type=f320_320&src=https%3A%2F%2Fldb-phinf.pstatic.net%2F20250122_184%2F1737552306302yAzR8_JPEG%2F%25C7%25C3%25B7%25B9%25C0%25CC%25BD%25BA_%25BE%25C6%25C3%25CA.jpg""}, {""idx"": 9, ""name"": ""웜 윈터 뱅쇼"", ""price"": ""8,500원"", ""img_url"": ""https://search.pstatic.net/common/?autoRotate=true&quality=95&type=f320_320&src=https%3A%2F%2Fldb-phinf.pstatic.net%2F20251207_261%2F1765113597254jh83v_JPEG%2FIMG_2447.jpg""}, {""idx"": 10, ""name"": ""콘빠냐"", ""price"": ""6,000원"", ""img_url"": ""https://search.pstatic.net/common/?autoRotate=true&quality=95&type=f320_320&src=https%3A%2F%2Fldb-phinf.pstatic.net%2F20251207_12%2F1765113560691dMOme_JPEG%2FIMG_2468.jpg""}, {""idx"": 11, ""name"": ""와르르 밤식빵_브리오슈"", ""price"": ""9,800원"", ""img_url"": ""https://search.pstatic.net/common/?autoRotate=true&quality=95&type=f320_320&src=https%3A%2F%2Fldb-phinf.pstatic.net%2F20251028_126%2F1761630162673Q6piR_JPEG%2F%25B9%25E3%25BD%25C4%25BB%25A7.jpg""}, {""idx"": 12, ""name"": ""브리오슈 플레이트"", ""price"": ""8,900원"", ""img_url"": ""https://search.pstatic.net/common/?autoRotate=true&quality=95&type=f320_320&src=https%3A%2F%2Fldb-phinf.pstatic.net%2F20250421_119%2F1745204650261m3G9U_JPEG%2F2025.04.18_%25BA%25EA%25B8%25AE%25BF%25C0%25BD%25B4_%25B8%25DE%25B4%25BA%25BB%25E7%25C1%25F8.jpg""}, {""idx"": 13, ""name"": ""바게트 플레이트"", ""price"": ""7,500원"", ""img_url"": ""https://search.pstatic.net/common/?autoRotate=true&quality=95&type=f320_320&src=https%3A%2F%2Fldb-phinf.pstatic.net%2F20250421_35%2F1745204554618XJuKQ_JPEG%2F2025.04.18_%25B9%25D9%25B0%25D4%25C6%25AE_%25B8%25DE%25B4%25BA%25BB%25E7%25C1%25F8.jpg""}, {""idx"": 14, ""name"": ""호두 오트 크림슈페너"", ""price"": ""8,000원"", ""img_url"": ""https://search.pstatic.net/common/?autoRotate=true&quality=95&type=f320_320&src=https%3A%2F%2Fldb-phinf.pstatic.net%2F20250314_113%2F1741916506257hhF5N_JPEG%2F%25C8%25A3%25B5%25CE.jpg""}, {""idx"": 15, ""name"": ""수제자몽 블랙티"", ""price"": ""7,500원"", ""img_url"": ""https://search.pstatic.net/common/?autoRotate=true&quality=95&type=f320_320&src=https%3A%2F%2Fldb-phinf.pstatic.net%2F20250122_180%2F1737552382479bnROq_JPEG%2F%25C0%25DA%25B8%25F9.jpg""}, {""idx"": 16, ""name"": ""스파이시 바질 잠봉"", ""price"": ""10,500원"", ""img_url"": ""https://search.pstatic.net/common/?autoRotate=true&quality=95&type=f320_320&src=https%3A%2F%2Fldb-phinf.pstatic.net%2F20250122_38%2F1737552662115VIl3c_JPEG%2F%25BD%25BA.jpg""}, {""idx"": 17, ""name"": ""클래식 잠봉뵈르"", ""price"": ""9,500원"", ""img_url"": ""https://search.pstatic.net/common/?autoRotate=true&quality=95&type=f320_320&src=https%3A%2F%2Fldb-phinf.pstatic.net%2F20250122_44%2F1737552730996uuXwt_JPEG%2F%25C5%25AC.jpg""}, {""idx"": 18, ""name"": ""주리의 슾"", ""price"": ""9,000원"", ""img_url"": ""https://search.pstatic.net/common/?autoRotate=true&quality=95&type=f320_320&src=https%3A%2F%2Fldb-phinf.pstatic.net%2F20250122_54%2F1737552788759Nza9d_JPEG%2F%25BD%25BA%25BD%25BA.jpg""}, {""idx"": 19, ""name"": ""아메리카노"", ""price"": ""5,500원"", ""img_url"": ""https://search.pstatic.net/common/?autoRotate=true&quality=95&type=f320_320&src=https%3A%2F%2Fldb-phinf.pstatic.net%2F20250122_157%2F1737552259596WMfbL_JPEG%2F%25C7%25C3%25B7%25B9%25C0%25CC%25BD%25BA_%25BE%25C6%25BE%25C6.jpg""}, {""idx"": 20, ""name"": ""카페라떼"", ""price"": ""7,500원"", ""img_url"": ""https://search.pstatic.net/common/?autoRotate=true&quality=95&type=f320_320&src=https%3A%2F%2Fldb-phinf.pstatic.net%2F20250122_144%2F1737552292195xCCSd_JPEG%2F%25C7%25C3%25B7%25B9%25C0%25CC%25BD%25BA_%25B6%25F3%25B6%25BC.jpg""}]","[""https://search.pstatic.net/common/?autoRotate=true&quality=95&type=f320_320&src=https%3A%2F%2Fldb-phinf.pstatic.net%2F20260113_233%2F1768278822203mMCed_JPEG%2FKakaoTalk_20260113_123529228_01.jpg"", ""https://search.pstatic.net/common/?autoRotate=true&quality=95&type=f320_320&src=https%3A%2F%2Fldb-phinf.pstatic.net%2F20251028_126%2F1761630162673Q6piR_JPEG%2F%25B9%25E3%25BD%25C4%25BB%25A7.jpg"", ""https://search.pstatic.net/common/?autoRotate=true&quality=95&type=f320_320&src=https%3A%2F%2Fldb-phinf.pstatic.net%2F20260113_271%2F1768278355710sKkak_JPEG%2FKakaoTalk_20260113_123529228_02.jpg"", ""https://search.pstatic.net/common/?autoRotate=true&quality=95&type=f320_320&src=https%3A%2F%2Fldb-phinf.pstatic.net%2F20260108_146%2F17678598279341k7gm_JPEG%2F%25BC%25A1%25BD%25B4%25C4%25AB.jpg"", ""https://search.pstatic.net/common/?autoRotate=true&quality=95&type=f320_320&src=https%3A%2F%2Fldb-phinf.pstatic.net%2F20260108_296%2F1767859629896Edvg0_JPEG%2F%25B8%25B6%25B8%25A3%25B0%25D4%25B8%25AE%25B5%25FB.jpg""]",2
saltbread,daegu,대구 달성공원 소금빵 베이커리,마지카운티,대구광역시 달성군 옥포읍 용연사길 105 마지카운티,대구광역시 달성군 옥포읍 반송리 364 마지카운티,,https://www.instagram.com/mj_county,"음식점>카페,디저트",1285053456,357542649,128.5053456,35.7542649,,1223615487.0,SID_OK_AUTO_DETAIL,대구 마지카운티,OK,0507-1436-5671,OK,"[""마지카운티는 자연 경관과 어우러진 대구의 대형 카페로, 3층 규모의 실내외 좌석과 계곡, 모래놀이 시설을 갖추고 있습니다."", ""크림말차라떼, 딸기 요거트 스무디 등 다양한 음료와 함께 송해공원왕팥빵 등 베이커리 메뉴를 즐길 수 있습니다."", ""특히 단체 모임이나 가족 단위 방문객에게 추천합니다.""]",OK,bkeel_count=3,1.0,"[{""keyword"": ""커피가 맛있어요"", ""count"": 968}, {""keyword"": ""디저트가 맛있어요"", ""count"": 763}, {""keyword"": ""인테리어가 멋져요"", ""count"": 631}, {""keyword"": ""뷰가 좋아요"", ""count"": 519}, {""keyword"": ""음료가 맛있어요"", ""count"": 423}]",OK,keyword_count=5 total=1,https://search.pstatic.net/common/?autoRotate=true&type=w560_sharpen&src=https%3A%2F%2Fldb-phinf.pstatic.net%2F20241226_189%2F17351422574723J69Y_JPEG%2F1000028168.jpg,OK,"hit=a#_autoPlayable img
src_len=166",매일 10:00 - 21:30 21:00 라스트오더,OK,"hit=hours_toggle
aria_before=false
aria_after=true
w9QyJ_count=2
detail_lines=1",0,0,OK,"more_clicks=1
li_count=16
picked_img_count=5",16,"[{""idx"": 0, ""name"": ""수제 배도라지 대추 생강차"", ""price"": ""변동"", ""img_url"": ""https://search.pstatic.net/common/?autoRotate=true&quality=95&type=f320_320&src=https%3A%2F%2Fldb-phinf.pstatic.net%2F20250903_284%2F1756876174021csRRk_JPEG%2FIMG_8492.jpeg""}, {""idx"": 1, ""name"": ""아보카도스무디"", ""price"": ""변동"", ""img_url"": ""https://search.pstatic.net/common/?autoRotate=true&quality=95&type=f320_320&src=https%3A%2F%2Fldb-phinf.pstatic.net%2F20250911_188%2F1757563253472ejUbP_JPEG%2FIMG_8514.jpeg""}, {""idx"": 2, ""name"": ""아보카도커피"", ""price"": ""변동"", ""img_url"": ""https://search.pstatic.net/common/?autoRotate=true&quality=95&type=f320_320&src=https%3A%2F%2Fldb-phinf.pstatic.net%2F20250911_147%2F1757563532166o8vox_JPEG%2FIMG_8546.jpeg""}, {""idx"": 3, ""name"": ""베이커리"", ""price"": ""변동"", ""img_url"": ""https://search.pstatic.net/common/?autoRotate=true&quality=95&type=f320_320&src=https%3A%2F%2Fldb-phinf.pstatic.net%2F20241216_272%2F1734324663553HIHdM_JPEG%2F1000024727.jpg""}, {""idx"": 4, ""name"": ""송해공원왕팥빵"", ""price"": ""변동"", ""img_url"": ""https://search.pstatic.net/common/?autoRotate=true&quality=95&type=f320_320&src=https%3A%2F%2Fldb-phinf.pstatic.net%2F20250407_9%2F1744031739184C9qk8_JPEG%2FIMG_3059.jpeg""}, {""idx"": 5, ""name"": ""베이커리"", ""price"": ""변동"", ""img_url"": ""https://search.pstatic.net/common/?autoRotate=true&quality=95&type=f320_320&src=https%3A%2F%2Fldb-phinf.pstatic.net%2F20240910_158%2F172596831150786Mxd_JPEG%2FIMG_5609.jpeg""}, {""idx"": 6, ""name"": ""인절미소금라떼"", ""price"": ""변동"", ""img_url"": ""https://search.pstatic.net/common/?autoRotate=true&quality=95&type=f320_320&src=https%3A%2F%2Fldb-phinf.pstatic.net%2F20250717_139%2F1752683590095oKP7b_JPEG%2F1000036520.jpg""}, {""idx"": 7, ""name"": ""시나몬카푸치노"", ""price"": ""변동"", ""img_url"": ""https://search.pstatic.net/common/?autoRotate=true&quality=95&type=f320_320&src=https%3A%2F%2Fldb-phinf.pstatic.net%2F20250903_284%2F1756875734471bqA8w_JPEG%2FIMG_8496.jpeg""}, {""idx"": 8, ""name"": ""마지네 카페라떼"", ""price"": ""변동"", ""img_url"": ""https://search.pstatic.net/common/?autoRotate=true&quality=95&type=f320_320&src=https%3A%2F%2Fldb-phinf.pstatic.net%2F20250407_198%2F1744032216083hI0at_JPEG%2FIMG_3043.jpeg""}, {""idx"": 9, ""name"": ""딸기 요거트 스무디"", ""price"": ""변동"", ""img_url"": ""https://search.pstatic.net/common/?autoRotate=true&quality=95&type=f320_320&src=https%3A%2F%2Fldb-phinf.pstatic.net%2F20250903_271%2F1756875992984VgbJz_JPEG%2FIMG_8362.jpeg""}, {""idx"": 10, ""name"": ""블루레몬에이드"", ""price"": ""변동"", ""img_url"": ""https://search.pstatic.net/common/?autoRotate=true&quality=95&type=f320_320&src=https%3A%2F%2Fldb-phinf.pstatic.net%2F20240206_42%2F170720482327024k8s_JPEG%2FIMG_7966.jpeg""}, {""idx"": 11, ""name"": ""수제바닐라라떼"", ""price"": ""변동"", ""img_url"": ""https://search.pstatic.net/common/?autoRotate=true&quality=95&type=f320_320&src=https%3A%2F%2Fldb-phinf.pstatic.net%2F20240203_36%2F1706936119055WgGWV_JPEG%2FIMG_7715.jpeg""}, {""idx"": 12, ""name"": ""라즈베리 아이스티"", ""price"": ""변동"", ""img_url"": ""https://search.pstatic.net/common/?autoRotate=true&quality=95&type=f320_320&src=https%3A%2F%2Fldb-phinf.pstatic.net%2F20240325_15%2F1711349998873GGp2d_JPEG%2FKakaoTalk_20240325_145924337.jpg""}, {""idx"": 13, ""name"": ""말차크림라떼"", ""price"": ""변동"", ""img_url"": ""https://search.pstatic.net/common/?autoRotate=true&quality=95&type=f320_320&src=https%3A%2F%2Fldb-phinf.pstatic.net%2F20240215_9%2F1707960916236AJP1S_PNG%2FIMG_8076.png""}, {""idx"": 14, ""name"": ""달달콤콤 블루베리스무디"", ""price"": ""변동"", ""img_url"": ""https://search.pstatic.net/common/?autoRotate=true&quality=95&type=f320_320&src=https%3A%2F%2Fldb-phinf.pstatic.net%2F20240215_142%2F1707960812012A7dEe_PNG%2FIMG_8079.png""}, {""idx"": 15, ""name"": ""꿀자몽에이드"", ""price"": ""변동"", ""img_url"": ""https://search.pstatic.net/common/?autoRotate=true&quality=95&type=f320_320&src=https%3A%2F%2Fldb-phinf.pstatic.net%2F20240206_213%2F1707204906888kaGd2_JPEG%2FIMG_7979.jpeg""}]","[""https://search.pstatic.net/common/?autoRotate=true&quality=95&type=f320_320&src=https%3A%2F%2Fldb-phinf.pstatic.net%2F20250717_139%2F1752683590095oKP7b_JPEG%2F1000036520.jpg"", ""https://search.pstatic.net/common/?autoRotate=true&quality=95&type=f320_320&src=https%3A%2F%2Fldb-phinf.pstatic.net%2F20250407_9%2F1744031739184C9qk8_JPEG%2FIMG_3059.jpeg"", ""https://search.pstatic.net/common/?autoRotate=true&quality=95&type=f320_320&src=https%3A%2F%2Fldb-phinf.pstatic.net%2F20250903_284%2F1756876174021csRRk_JPEG%2FIMG_8492.jpeg"", ""https://search.pstatic.net/common/?autoRotate=true&quality=95&type=f320_320&src=https%3A%2F%2Fldb-phinf.pstatic.net%2F20250911_188%2F1757563253472ejUbP_JPEG%2FIMG_8514.jpeg"", ""https://search.pstatic.net/common/?autoRotate=true&quality=95&type=f320_320&src=https%3A%2F%2Fldb-phinf.pstatic.net%2F20250911_147%2F1757563532166o8vox_JPEG%2FIMG_8546.jpeg""]",2
saltbread,daegu,대구 화원 소금빵,바토플루이르 화원송해,대구광역시 달성군 옥포읍 옥포로57길 57-7 1층,대구광역시 달성군 옥포읍 기세리 694 1층,,https://www.instagram.com/bateau.fluir_sh/,"음식점>카페,디저트",1284909700,357696528,128.49097,35.7696529,,1348335744.0,SID_OK_AUTO_DETAIL,대구 바토플루이르 화원송해,OK,0507-1457-7117,OK,"[""바토플루이르 화원송해는 대구에서 유명한 베이커리 카페로, 송해공원의 아름다운 풍경을 감상할 수 있는 곳입니다."", ""소금빵과 감자 치즈 베이글이 특히 맛있으며, 커피는 테라로사 원두를 사용해 깊은 맛을 자랑합니다."", ""가족 단위 방문객을 위한 아기의자와 넓은 좌석이 마련되어 있어 편리합니다.""]",OK,bkeel_count=3,2.0,"[{""keyword"": ""디저트가 맛있어요"", ""count"": 1647}, {""keyword"": ""커피가 맛있어요"", ""count"": 1629}, {""keyword"": ""뷰가 좋아요"", ""count"": 1409}, {""keyword"": ""인테리어가 멋져요"", ""count"": 1079}, {""keyword"": ""음료가 맛있어요"", ""count"": 807}]",OK,keyword_count=5 total=2,https://search.pstatic.net/common/?autoRotate=true&type=w560_sharpen&src=https%3A%2F%2Fldb-phinf.pstatic.net%2F20241026_231%2F1729945940096llv3F_JPEG%2FIMG_2320.jpeg,OK,"hit=a#_autoPlayable img
src_len=165",매일 10:00 - 22:30 21:30 라스트오더,OK,"hit=hours_toggle
aria_before=false
aria_after=true
w9QyJ_count=2
detail_lines=1",0,0,OK,"more_clicks=2
li_count=38
picked_img_count=5",38,"[{""idx"": 0, ""name"": ""BEST! 소금빵"", ""price"": ""3,500원"", ""img_url"": ""https://search.pstatic.net/common/?autoRotate=true&quality=95&type=f320_320&src=https%3A%2F%2Fldb-phinf.pstatic.net%2F20250722_233%2F1753164134496vYrIx_PNG%2FIMG_7938_ts_25.07.21.png""}, {""idx"": 1, ""name"": ""BEST! 감자 치즈 베이글"", ""price"": ""5,800원"", ""img_url"": ""https://search.pstatic.net/common/?autoRotate=true&quality=95&type=f320_320&src=https%3A%2F%2Fldb-phinf.pstatic.net%2F20250719_39%2F1752911400802NaAxs_JPEG%2FIMG_0041.jpeg""}, {""idx"": 2, ""name"": ""NEW✨ 명란마요 소금빵"", ""price"": ""4,800원"", ""img_url"": ""https://search.pstatic.net/common/?autoRotate=true&quality=95&type=f320_320&src=https%3A%2F%2Fldb-phinf.pstatic.net%2F20260114_90%2F1768322238544uHViE_JPEG%2FIMG_4834.jpeg""}, {""idx"": 3, ""name"": ""🌟두바이쫀득쿠키🌟(평일만판매)"", ""price"": ""6,000원"", ""img_url"": ""https://search.pstatic.net/common/?autoRotate=true&quality=95&type=f320_320&src=https%3A%2F%2Fldb-phinf.pstatic.net%2F20260115_169%2F1768459488645XTsnj_JPEG%2FIMG_5293.jpeg""}, {""idx"": 4, ""name"": ""스페셜리티 아메리카노 (원두 3종)"", ""price"": ""5,500원"", ""img_url"": ""https://search.pstatic.net/common/?autoRotate=true&quality=95&type=f320_320&src=https%3A%2F%2Fldb-phinf.pstatic.net%2F20230523_119%2F1684826531451QsvGW_JPEG%2FKakaoTalk_20230523_152947146_01.jpg""}, {""idx"": 5, ""name"": ""NEW🍓 생딸기 크림 소금빵"", ""price"": ""5,200원"", ""img_url"": ""https://search.pstatic.net/common/?autoRotate=true&quality=95&type=f320_320&src=https%3A%2F%2Fldb-phinf.pstatic.net%2F20251214_250%2F1765698081574l9W9p_JPEG%2F822AB36A-80EC-4638-8DEB-6067EDFB19FE.jpeg""}, {""idx"": 6, ""name"": ""NEW✨ 코코넛 크림 소금빵"", ""price"": ""4,900원"", ""img_url"": ""https://search.pstatic.net/common/?autoRotate=true&quality=95&type=f320_320&src=https%3A%2F%2Fldb-phinf.pstatic.net%2F20260114_21%2F1768322431810hEA7d_JPEG%2FIMG_3691.jpeg""}, {""idx"": 7, ""name"": ""🍓생딸기 가득 라떼"", ""price"": ""6,800원"", ""img_url"": ""https://search.pstatic.net/common/?autoRotate=true&quality=95&type=f320_320&src=https%3A%2F%2Fldb-phinf.pstatic.net%2F20260119_147%2F17687949572050kCwT_JPEG%2FIMG_5343.jpeg""}, {""idx"": 8, ""name"": ""🍓생딸기 보바 연유 프라페"", ""price"": ""7,300원"", ""img_url"": ""https://search.pstatic.net/common/?autoRotate=true&quality=95&type=f320_320&src=https%3A%2F%2Fldb-phinf.pstatic.net%2F20260119_144%2F17687949003438qR30_JPEG%2FIMG_5345.jpeg""}, {""idx"": 9, ""name"": ""🍓생딸기 가득 주스"", ""price"": ""7,800원"", ""img_url"": ""https://search.pstatic.net/common/?autoRotate=true&quality=95&type=f320_320&src=https%3A%2F%2Fldb-phinf.pstatic.net%2F20260119_205%2F1768794852842u5Ozj_JPEG%2FIMG_5344.jpeg""}, {""idx"": 10, ""name"": ""☃️뱅쇼"", ""price"": ""7,300원"", ""img_url"": ""https://search.pstatic.net/common/?autoRotate=true&quality=95&type=f320_320&src=https%3A%2F%2Fldb-phinf.pstatic.net%2F20251121_230%2F1763729119372MczmX_JPEG%2FIMG_2255.jpeg""}, {""idx"": 11, ""name"": ""티슈브레드(천겹식빵)"", ""price"": ""7,500원"", ""img_url"": ""https://search.pstatic.net/common/?autoRotate=true&quality=95&type=f320_320&src=https%3A%2F%2Fldb-phinf.pstatic.net%2F20240724_213%2F17217505663433uGOk_JPEG%2FIMG_5268.jpeg""}, {""idx"": 12, ""name"": ""우유크림 소금빵"", ""price"": ""3,800원"", ""img_url"": ""https://search.pstatic.net/common/?autoRotate=true&quality=95&type=f320_320&src=https%3A%2F%2Fldb-phinf.pstatic.net%2F20250722_114%2F1753165648332dBtrb_PNG%2FIMG_7815_ts_25.07.21.png""}, {""idx"": 13, ""name"": ""어니언 치즈 베이글"", ""price"": ""5,500원"", ""img_url"": ""https://search.pstatic.net/common/?autoRotate=true&quality=95&type=f320_320&src=https%3A%2F%2Fldb-phinf.pstatic.net%2F20250722_178%2F1753165471064o3qGo_PNG%2FIMG_7978_ts_25.07.19.png""}, {""idx"": 14, ""name"": ""블루베리 식빵"", ""price"": ""5,500원"", ""img_url"": ""https://search.pstatic.net/common/?autoRotate=true&quality=95&type=f320_320&src=https%3A%2F%2Fldb-phinf.pstatic.net%2F20250820_44%2F17556781365974BkPB_JPEG%2Fblueberry_menu_25%252C08.20.jpg""}, {""idx"": 15, ""name"": ""시나몬 식빵"", ""price"": ""6,500원"", ""img_url"": ""https://search.pstatic.net/common/?autoRotate=true&quality=95&type=f320_320&src=https%3A%2F%2Fldb-phinf.pstatic.net%2F20250820_199%2F1755678082227dtnGf_JPEG%2Fcinamon_menu_25%252C08.20.jpg""}, {""idx"": 16, ""name"": ""바질 토마토 베이글"", ""price"": ""5,800원"", ""img_url"": ""https://search.pstatic.net/common/?autoRotate=true&quality=95&type=f320_320&src=https%3A%2F%2Fldb-phinf.pstatic.net%2F20250722_109%2F1753165344321H5ksn_PNG%2FIMG_7868_ts_25.07.19.png""}, {""idx"": 17, ""name"": ""에그마요 소금빵"", ""price"": ""4,800원"", ""img_url"": ""https://search.pstatic.net/common/?autoRotate=true&quality=95&type=f320_320&src=https%3A%2F%2Fldb-phinf.pstatic.net%2F20250722_95%2F1753165056773t5GWY_PNG%2FIMG_7819_ts_25.07.21.png""}, {""idx"": 18, ""name"": ""소보로 팥 소금빵"", ""price"": ""4,500원"", ""img_url"": ""https://search.pstatic.net/common/?autoRotate=true&quality=95&type=f320_320&src=https%3A%2F%2Fldb-phinf.pstatic.net%2F20250722_226%2F1753164514441jlR3A_PNG%2FIMG_7954_ts_25.07.19.png""}, {""idx"": 19, ""name"": ""에스프레소 소금빵"", ""price"": ""4,000원"", ""img_url"": ""https://search.pstatic.net/common/?autoRotate=true&quality=95&type=f320_320&src=https%3A%2F%2Fldb-phinf.pstatic.net%2F20250722_24%2F17531643901731qvSg_PNG%2FIMG_7961_ts_25.07.21.png""}, {""idx"": 20, ""name"": ""라우겐 버터 베이글"", ""price"": ""5,500원"", ""img_url"": ""https://search.pstatic.net/common/?autoRotate=true&quality=95&type=f320_320&src=https%3A%2F%2Fldb-phinf.pstatic.net%2F20250719_144%2F1752911593226XJGKN_JPEG%2FIMG_0031.jpeg""}, {""idx"": 21, ""name"": ""초코 베이글"", ""price"": ""5,900원"", ""img_url"": ""https://search.pstatic.net/common/?autoRotate=true&quality=95&type=f320_320&src=https%3A%2F%2Fldb-phinf.pstatic.net%2F20250719_141%2F1752911682729sAvfo_JPEG%2FIMG_0039.jpeg""}, {""idx"": 22, ""name"": ""맵쌀 크랙 베이글"", ""price"": ""5,600원"", ""img_url"": ""https://search.pstatic.net/common/?autoRotate=true&quality=95&type=f320_320&src=https%3A%2F%2Fldb-phinf.pstatic.net%2F20250719_10%2F1752911313939mlVFL_JPEG%2FIMG_0044.jpeg""}, {""idx"": 23, ""name"": ""베이글"", ""price"": ""4,000원"", ""img_url"": ""https://search.pstatic.net/common/?autoRotate=true&quality=95&type=f320_320&src=https%3A%2F%2Fldb-phinf.pstatic.net%2F20250719_277%2F175291123288736zkE_JPEG%2FIMG_0042.jpeg""}, {""idx"": 24, ""name"": ""자색고구마라떼"", ""price"": ""6,900원"", ""img_url"": ""https://search.pstatic.net/common/?autoRotate=true&quality=95&type=f320_320&src=https%3A%2F%2Fldb-phinf.pstatic.net%2F20250926_172%2F1758836233794BdhOo_JPEG%2FIMG_9045.jpeg""}, {""idx"": 25, ""name"": ""밤 스무디"", ""price"": ""7,500원"", ""img_url"": ""https://search.pstatic.net/common/?autoRotate=true&quality=95&type=f320_320&src=https%3A%2F%2Fldb-phinf.pstatic.net%2F20250926_32%2F1758836363427e4rxE_JPEG%2FIMG_9141.jpeg""}, {""idx"": 26, ""name"": ""바토 아사이볼"", ""price"": ""15,500원"", ""img_url"": ""https://search.pstatic.net/common/?autoRotate=true&quality=95&type=f320_320&src=https%3A%2F%2Fldb-phinf.pstatic.net%2F20240817_264%2F1723890219953N4Wbz_JPEG%2FIMG_6889.jpeg""}, {""idx"": 27, ""name"": ""구름 파인애플 스무디"", ""price"": ""7,500원"", ""img_url"": ""https://search.pstatic.net/common/?autoRotate=true&quality=95&type=f320_320&src=https%3A%2F%2Fldb-phinf.pstatic.net%2F20250329_139%2F1743182009545fAg5I_JPEG%2FIMG_0736.jpeg""}, {""idx"": 28, ""name"": ""밤 라떼 (hot)"", ""price"": ""6,800원"", ""img_url"": ""https://search.pstatic.net/common/?autoRotate=true&quality=95&type=f320_320&src=https%3A%2F%2Fldb-phinf.pstatic.net%2F20241008_292%2F1728386061488P7RNl_JPEG%2Fchestnut-latte_main_24.10.08.jpg""}, {""idx"": 29, ""name"": ""아임 바토"", ""price"": ""6,800원"", ""img_url"": ""https://search.pstatic.net/common/?autoRotate=true&quality=95&type=f320_320&src=https%3A%2F%2Fldb-phinf.pstatic.net%2F20240302_250%2F1709374434793IVtlQ_JPEG%2F00E5A59C-8BE9-4AC0-AEB0-89E876065918.jpeg""}, {""idx"": 30, ""name"": ""바토슈페너"", ""price"": ""6,800원"", ""img_url"": ""https://search.pstatic.net/common/?autoRotate=true&quality=95&type=f320_320&src=https%3A%2F%2Fldb-phinf.pstatic.net%2F20240302_229%2F1709374497735LSIYD_JPEG%2FC0C621CD-A249-48E5-8B5A-87295B00C2CA.jpeg""}, {""idx"": 31, ""name"": ""아이스 애플 한라봉 티"", ""price"": ""6,500원"", ""img_url"": ""https://search.pstatic.net/common/?autoRotate=true&quality=95&type=f320_320&src=https%3A%2F%2Fldb-phinf.pstatic.net%2F20230523_259%2F1684826643327N5JCO_JPEG%2FKakaoTalk_20230523_152947146_04.jpg""}, {""idx"": 32, ""name"": ""오로라 에이드"", ""price"": ""7,000원"", ""img_url"": ""https://search.pstatic.net/common/?autoRotate=true&quality=95&type=f320_320&src=https%3A%2F%2Fldb-phinf.pstatic.net%2F20230523_116%2F1684827449490cTUd0_JPEG%2FKakaoTalk_20230523_152947146_03.jpg""}, {""idx"": 33, ""name"": ""블루베리 요거트 스무디"", ""price"": ""6,500원"", ""img_url"": ""https://search.pstatic.net/common/?autoRotate=true&quality=95&type=f320_320&src=https%3A%2F%2Fldb-phinf.pstatic.net%2F20230523_248%2F1684826662028aFeVH_JPEG%2FKakaoTalk_20230523_152947146_05.jpg""}, {""idx"": 34, ""name"": ""키위 바나나 생과일 주스"", ""price"": ""7,000원"", ""img_url"": ""https://search.pstatic.net/common/?autoRotate=true&quality=95&type=f320_320&src=https%3A%2F%2Fldb-phinf.pstatic.net%2F20230523_216%2F16848265877757Cas3_JPEG%2FKakaoTalk_20230523_152947146_03.jpg""}, {""idx"": 35, ""name"": ""바토플루이르 스페셜 블렌드"", ""price"": ""5,500원"", ""img_url"": ""https://search.pstatic.net/common/?autoRotate=true&quality=95&type=f320_320&src=https%3A%2F%2Fldb-phinf.pstatic.net%2F20230809_61%2F1691510861741yNVrs_PNG%2Fbateau-logo.png""}, {""idx"": 36, ""name"": ""테라로사 클래식 에스프레소 블렌드"", ""price"": ""5,550원"", ""img_url"": ""https://search.pstatic.net/common/?autoRotate=true&quality=95&type=f320_320&src=https%3A%2F%2Fldb-phinf.pstatic.net%2F20230809_161%2F16915107788201lueA_PNG%2Fbateau-logo.png""}, {""idx"": 37, ""name"": ""바토플루이르 디카페인 커피"", ""price"": ""5,500원"", ""img_url"": ""https://search.pstatic.net/common/?autoRotate=true&quality=95&type=f320_320&src=https%3A%2F%2Fldb-phinf.pstatic.net%2F20230809_285%2F1691510677761QS9mC_PNG%2Fbateau-logo.png""}]","[""https://search.pstatic.net/common/?autoRotate=true&quality=95&type=f320_320&src=https%3A%2F%2Fldb-phinf.pstatic.net%2F20250722_233%2F1753164134496vYrIx_PNG%2FIMG_7938_ts_25.07.21.png"", ""https://search.pstatic.net/common/?autoRotate=true&quality=95&type=f320_320&src=https%3A%2F%2Fldb-phinf.pstatic.net%2F20260114_90%2F1768322238544uHViE_JPEG%2FIMG_4834.jpeg"", ""https://search.pstatic.net/common/?autoRotate=true&quality=95&type=f320_320&src=https%3A%2F%2Fldb-phinf.pstatic.net%2F20251214_250%2F1765698081574l9W9p_JPEG%2F822AB36A-80EC-4638-8DEB-6067EDFB19FE.jpeg"", ""https://search.pstatic.net/common/?autoRotate=true&quality=95&type=f320_320&src=https%3A%2F%2Fldb-phinf.pstatic.net%2F20260114_21%2F1768322431810hEA7d_JPEG%2FIMG_3691.jpeg"", ""https://search.pstatic.net/common/?autoRotate=true&quality=95&type=f320_320&src=https%3A%2F%2Fldb-phinf.pstatic.net%2F20250722_114%2F1753165648332dBtrb_PNG%2FIMG_7815_ts_25.07.21.png""]",2
saltbread,daegu,대구 대곡 소금빵,베이커리완,대구광역시 달서구 한실로6길 154-7 대곡동821 Bakery Wann,대구광역시 달서구 대곡동 821 821 Bakery Wann,,,"카페,디저트>베이커리",1285290019,357941616,128.5290019,35.7941616,,1271212344.0,SID_OK_AUTO_DETAIL,대구 베이커리완,OK,0507-1388-8370,OK,"[""베이커리완은 드립커피와 당일 구운 빵이 맛있는 카페로, 다양한 원두를 직접 선택해 즐길 수 있습니다."", ""2층 통창으로 보이는 정원과 루프탑에서 편안한 분위기를 만끽할 수 있으며, 단체석과 아기자기한 인테리어가 특징입니다."", ""소품샵도 운영되어 구경하는 재미가 있고, 주변 산책로와 가까워 여유로운 시간을 보내기 좋습니다.""]",OK,bkeel_count=3,708.0,"[{""keyword"": ""빵이 맛있어요"", ""count"": 334}, {""keyword"": ""커피가 맛있어요"", ""count"": 250}, {""keyword"": ""인테리어가 멋져요"", ""count"": 143}, {""keyword"": ""음료가 맛있어요"", ""count"": 126}, {""keyword"": ""친절해요"", ""count"": 103}]",OK,keyword_count=5 total=708,https://search.pstatic.net/common/?autoRotate=true&type=w560_sharpen&src=https%3A%2F%2Fldb-phinf.pstatic.net%2F20220606_151%2F16545028056751cmyk_JPEG%2F20220417_183904.jpg,OK,"hit=a#_autoPlayable img
src_len=171",일 11:00 - 22:00 21:30 라스트오더 | 월 11:00 - 22:00 21:30 라스트오더 | 화 정기휴무 (매주 화요일) | 수 11:00 - 22:00 21:30 라스트오더 | 목 11:00 - 22:00 21:30 라스트오더 | 금 11:00 - 22:00 21:30 라스트오더 | 토 11:00 - 22:00 21:30 라스트오더,OK,"hit=hours_toggle
aria_before=false
aria_after=true
w9QyJ_count=8
detail_lines=7",0,0,OK,"more_clicks=0
li_count=3
picked_img_count=3",3,"[{""idx"": 0, ""name"": ""아메리카노(롱블랙)"", ""price"": ""5,000원"", ""img_url"": ""https://search.pstatic.net/common/?autoRotate=true&quality=95&type=f320_320&src=https%3A%2F%2Fldb-phinf.pstatic.net%2F20221215_226%2F1671065329209ynkMm_JPEG%2F%25BA%25A3%25C0%25CC%25C4%25BF%25B8%25AE%25BF%25CF%25B0%25A1%25B0%25DD%25C7%25A5.jpg""}, {""idx"": 1, ""name"": ""디카페인 콜드브루"", ""price"": ""6,000원"", ""img_url"": ""https://search.pstatic.net/common/?autoRotate=true&quality=95&type=f320_320&src=https%3A%2F%2Fldb-phinf.pstatic.net%2F20221215_211%2F1671065339373GXwQ3_JPEG%2F%25BA%25A3%25C0%25CC%25C4%25BF%25B8%25AE%25BF%25CF%25B0%25A1%25B0%25DD%25C7%25A5.jpg""}, {""idx"": 2, ""name"": ""바닐라라떼"", ""price"": ""6,000원"", ""img_url"": ""https://search.pstatic.net/common/?autoRotate=true&quality=95&type=f320_320&src=https%3A%2F%2Fldb-phinf.pstatic.net%2F20221215_81%2F1671065349888SRJSE_JPEG%2F%25BA%25A3%25C0%25CC%25C4%25BF%25B8%25AE%25BF%25CF%25B0%25A1%25B0%25DD%25C7%25A5.jpg""}]","[""https://search.pstatic.net/common/?autoRotate=true&quality=95&type=f320_320&src=https%3A%2F%2Fldb-phinf.pstatic.net%2F20221215_226%2F1671065329209ynkMm_JPEG%2F%25BA%25A3%25C0%25CC%25C4%25BF%25B8%25AE%25BF%25CF%25B0%25A1%25B0%25DD%25C7%25A5.jpg"", ""https://search.pstatic.net/common/?autoRotate=true&quality=95&type=f320_320&src=https%3A%2F%2Fldb-phinf.pstatic.net%2F20221215_211%2F1671065339373GXwQ3_JPEG%2F%25BA%25A3%25C0%25CC%25C4%25BF%25B8%25AE%25BF%25CF%25B0%25A1%25B0%25DD%25C7%25A5.jpg"", ""https://search.pstatic.net/common/?autoRotate=true&quality=95&type=f320_320&src=https%3A%2F%2Fldb-phinf.pstatic.net%2F20221215_81%2F1671065349888SRJSE_JPEG%2F%25BA%25A3%25C0%25CC%25C4%25BF%25B8%25AE%25BF%25CF%25B0%25A1%25B0%25DD%25C7%25A5.jpg""]",2
saltbread,daegu,대구 달서구 소금빵,브로 커피앤베이커리,대구광역시 달서구 수밭서길 11 Bro coffee&bakery,대구광역시 달서구 도원동 972-9 Bro coffee&bakery,,,"음식점>카페,디저트",1285478344,357972111,128.5478344,35.7972111,,1063941228.0,SID_OK_AUTO_DETAIL,대구 브로 커피앤베이커리,OK,0507-1373-9802,OK,"[""브로 커피앤베이커리는 대구 달서구의 대형 카페로, 수변공원 뷰를 즐기며 다양한 커피와 베이커리를 맛볼 수 있는 공간입니다."", ""원두 선택이 가능하며, 넓은 전용 주차장과 단체석을 갖춰 편리하게 방문할 수 있습니다."", ""특히 멜론 케이크와 같은 독특한 디저트 메뉴가 인기이며, 계절마다 변화하는 자연 풍경을 감상하며 힐링하기 좋은 카페입니다.""]",OK,bkeel_count=3,2.0,"[{""keyword"": ""커피가 맛있어요"", ""count"": 2264}, {""keyword"": ""디저트가 맛있어요"", ""count"": 1759}, {""keyword"": ""인테리어가 멋져요"", ""count"": 1119}, {""keyword"": ""음료가 맛있어요"", ""count"": 798}, {""keyword"": ""빵이 맛있어요"", ""count"": 769}]",OK,keyword_count=5 total=2,https://search.pstatic.net/common/?autoRotate=true&type=w560_sharpen&src=https%3A%2F%2Fldb-phinf.pstatic.net%2F20230607_283%2F1686114663011LMnue_JPEG%2FIMG_1165.jpeg,OK,"hit=a#_autoPlayable img
src_len=165",일 11:00 - 22:00 21:30 라스트오더 | 월 11:00 - 22:00 21:30 라스트오더 | 화 11:00 - 22:00 21:30 라스트오더 | 수 11:00 - 22:00 21:30 라스트오더 | 목 11:00 - 22:00 21:30 라스트오더 | 금 11:00 - 22:00 21:30 라스트오더 | 토 11:00 - 22:00 21:30 라스트오더 | 02/17 설날 휴무,OK,"hit=hours_toggle
aria_before=false
aria_after=true
w9QyJ_count=9
detail_lines=8",0,0,OK,"more_clicks=1
li_count=16
picked_img_count=5",16,"[{""idx"": 0, ""name"": ""케이크 주문제작 가능"", ""price"": ""변동"", ""img_url"": ""https://search.pstatic.net/common/?autoRotate=true&quality=95&type=f320_320&src=https%3A%2F%2Fldb-phinf.pstatic.net%2F20241004_4%2F1728027440379ORIdO_JPEG%2FIMG_0104.jpeg""}, {""idx"": 1, ""name"": ""아메리카노"", ""price"": ""5,000원"", ""img_url"": ""https://search.pstatic.net/common/?autoRotate=true&quality=95&type=f320_320&src=https%3A%2F%2Fldb-phinf.pstatic.net%2F20240326_86%2F1711420287256rzf7l_JPEG%2FIMG_7346.jpeg""}, {""idx"": 2, ""name"": ""말차 케이크"", ""price"": ""8,000원"", ""img_url"": ""https://search.pstatic.net/common/?autoRotate=true&quality=95&type=f320_320&src=https%3A%2F%2Fldb-phinf.pstatic.net%2F20240410_157%2F1712734031223Mw6Va_JPEG%2FIMG_7750.jpeg""}, {""idx"": 3, ""name"": ""더티 초코"", ""price"": ""7,200원"", ""img_url"": ""https://search.pstatic.net/common/?autoRotate=true&quality=95&type=f320_320&src=https%3A%2F%2Fldb-phinf.pstatic.net%2F20240410_49%2F1712734009791NKDg2_JPEG%2FIMG_7753.jpeg""}, {""idx"": 4, ""name"": ""레몬 케이크"", ""price"": ""7,800원"", ""img_url"": ""https://search.pstatic.net/common/?autoRotate=true&quality=95&type=f320_320&src=https%3A%2F%2Fldb-phinf.pstatic.net%2F20240410_282%2F1712733982866T9MFc_JPEG%2FIMG_7747.jpeg""}, {""idx"": 5, ""name"": ""옥수수크림빵"", ""price"": ""4,300원"", ""img_url"": ""https://search.pstatic.net/common/?autoRotate=true&quality=95&type=f320_320&src=https%3A%2F%2Fldb-phinf.pstatic.net%2F20240404_123%2F1712209235364nzI6C_JPEG%2FIMG_7523.jpeg""}, {""idx"": 6, ""name"": ""월넛마카롱"", ""price"": ""5,600원"", ""img_url"": ""https://search.pstatic.net/common/?autoRotate=true&quality=95&type=f320_320&src=https%3A%2F%2Fldb-phinf.pstatic.net%2F20240404_120%2F1712209206331wIVg5_JPEG%2FIMG_7529.jpeg""}, {""idx"": 7, ""name"": ""시오빵"", ""price"": ""3,200원"", ""img_url"": ""https://search.pstatic.net/common/?autoRotate=true&quality=95&type=f320_320&src=https%3A%2F%2Fldb-phinf.pstatic.net%2F20240404_144%2F1712209190966xG4eV_JPEG%2FIMG_7527.jpeg""}, {""idx"": 8, ""name"": ""올리브시오빵"", ""price"": ""3,700원"", ""img_url"": ""https://search.pstatic.net/common/?autoRotate=true&quality=95&type=f320_320&src=https%3A%2F%2Fldb-phinf.pstatic.net%2F20240404_242%2F1712209166406syy83_JPEG%2FIMG_7531.jpeg""}, {""idx"": 9, ""name"": ""육세기"", ""price"": ""6,000원"", ""img_url"": ""https://search.pstatic.net/common/?autoRotate=true&quality=95&type=f320_320&src=https%3A%2F%2Fldb-phinf.pstatic.net%2F20240404_68%2F1712209130330twm2V_JPEG%2FIMG_7528.jpeg""}, {""idx"": 10, ""name"": ""갈릭스트링치즈빵"", ""price"": ""5,300원"", ""img_url"": ""https://search.pstatic.net/common/?autoRotate=true&quality=95&type=f320_320&src=https%3A%2F%2Fldb-phinf.pstatic.net%2F20240404_232%2F1712209111528CHrOC_JPEG%2FIMG_7525.jpeg""}, {""idx"": 11, ""name"": ""쏘치"", ""price"": ""5,000원"", ""img_url"": ""https://search.pstatic.net/common/?autoRotate=true&quality=95&type=f320_320&src=https%3A%2F%2Fldb-phinf.pstatic.net%2F20240404_19%2F1712209091853TzIqx_JPEG%2FIMG_7524.jpeg""}, {""idx"": 12, ""name"": ""플레인크로플"", ""price"": ""5,000원"", ""img_url"": ""https://search.pstatic.net/common/?autoRotate=true&quality=95&type=f320_320&src=https%3A%2F%2Fldb-phinf.pstatic.net%2F20240404_99%2F1712209078693GsVzN_JPEG%2FIMG_7518.jpeg""}, {""idx"": 13, ""name"": ""크로와상"", ""price"": ""4,500원"", ""img_url"": ""https://search.pstatic.net/common/?autoRotate=true&quality=95&type=f320_320&src=https%3A%2F%2Fldb-phinf.pstatic.net%2F20240404_276%2F1712209060642oKrVJ_JPEG%2FIMG_7519.jpeg""}, {""idx"": 14, ""name"": ""허니브레드"", ""price"": ""6,300원"", ""img_url"": ""https://search.pstatic.net/common/?autoRotate=true&quality=95&type=f320_320&src=https%3A%2F%2Fldb-phinf.pstatic.net%2F20240404_163%2F1712209037668fds7L_JPEG%2FIMG_7517.jpeg""}, {""idx"": 15, ""name"": ""마늘송이"", ""price"": ""6,200원"", ""img_url"": ""https://search.pstatic.net/common/?autoRotate=true&quality=95&type=f320_320&src=https%3A%2F%2Fldb-phinf.pstatic.net%2F20240404_211%2F1712208917300dN6v5_JPEG%2FIMG_7516.jpeg""}]","[""https://search.pstatic.net/common/?autoRotate=true&quality=95&type=f320_320&src=https%3A%2F%2Fldb-phinf.pstatic.net%2F20240404_144%2F1712209190966xG4eV_JPEG%2FIMG_7527.jpeg"", ""https://search.pstatic.net/common/?autoRotate=true&quality=95&type=f320_320&src=https%3A%2F%2Fldb-phinf.pstatic.net%2F20240404_242%2F1712209166406syy83_JPEG%2FIMG_7531.jpeg"", ""https://search.pstatic.net/common/?autoRotate=true&quality=95&type=f320_320&src=https%3A%2F%2Fldb-phinf.pstatic.net%2F20240404_123%2F1712209235364nzI6C_JPEG%2FIMG_7523.jpeg"", ""https://search.pstatic.net/common/?autoRotate=true&quality=95&type=f320_320&src=https%3A%2F%2Fldb-phinf.pstatic.net%2F20240404_232%2F1712209111528CHrOC_JPEG%2FIMG_7525.jpeg"", ""https://search.pstatic.net/common/?autoRotate=true&quality=95&type=f320_320&src=https%3A%2F%2Fldb-phinf.pstatic.net%2F20241004_4%2F1728027440379ORIdO_JPEG%2FIMG_0104.jpeg""]",2
saltbread,daegu,대구 범물 소금빵,하이나우,대구광역시 수성구 진밭길 411-12 하이나우,대구광역시 수성구 범물동 1128 하이나우,,https://www.instagram.com/high_na_woo/,"음식점>카페,디저트",1286726486,357987986,128.6726486,35.7987986,,1217132843.0,SID_OK_AUTO_DETAIL,대구 하이나우,OK,0507-1355-4512,OK,"[""하이나우는 대구 범물동 진밭골에 위치한 카페로, 직접 키운 과일과 농작물로 만든 메뉴들이 특징입니다."", ""망고빙수와 생과일 눈꽃빙수는 가성비 좋은 인기 메뉴이며, 시그니처 음료인 지금슈페너와 카페하노이도 맛있습니다."", ""소금빵과 인절미크림빵 등 베이커리 메뉴도 인기 있으며, 2층 테라스와 넓은 주차장이 있어 편리합니다.""]",OK,bkeel_count=3,677.0,"[{""keyword"": ""커피가 맛있어요"", ""count"": 438}, {""keyword"": ""디저트가 맛있어요"", ""count"": 384}, {""keyword"": ""친절해요"", ""count"": 269}, {""keyword"": ""뷰가 좋아요"", ""count"": 209}, {""keyword"": ""특별한 메뉴가 있어요"", ""count"": 194}]",OK,keyword_count=5 total=677,https://search.pstatic.net/common/?autoRotate=true&type=w560_sharpen&src=https%3A%2F%2Fldb-phinf.pstatic.net%2F20241120_150%2F1732063481737ElcBi_JPEG%2F%25C6%25F7%25BD%25BA%25C0%25CC%25B9%25CC%25C1%25F6_%25BD%25C3%25B1%25D7%25B4%25CF%25C3%25B3.jpg,OK,"hit=a#_autoPlayable img
src_len=247",일 07:30 - 18:00 17:30 라스트오더 | 월 정기휴무 (매주 월요일) | 화 10:00 - 18:00 17:30 라스트오더 | 수 10:00 - 18:00 17:30 라스트오더 | 목 10:00 - 18:00 17:30 라스트오더 | 금 10:00 - 18:00 17:30 라스트오더 | 토 07:30 - 18:00 17:30 라스트오더 | - 공휴일의 월요일은 정상영업합니다,OK,"hit=hours_toggle
aria_before=false
aria_after=true
w9QyJ_count=9
detail_lines=8",0,0,OK,"more_clicks=2
li_count=37
picked_img_count=5",37,"[{""idx"": 0, ""name"": ""인절미크림빵"", ""price"": ""4,000원"", ""img_url"": ""https://search.pstatic.net/common/?autoRotate=true&quality=95&type=f320_320&src=https%3A%2F%2Fldb-phinf.pstatic.net%2F20230403_34%2F1680530740729ozwLs_JPEG%2F%25C0%25CE%25C0%25FD%25B9%25CC%25C5%25A9%25B8%25B2%25BB%25A7.jpg""}, {""idx"": 1, ""name"": ""소금빵"", ""price"": ""2,900원"", ""img_url"": ""https://search.pstatic.net/common/?autoRotate=true&quality=95&type=f320_320&src=https%3A%2F%2Fldb-phinf.pstatic.net%2F20230403_100%2F16805308719195d1fs_JPEG%2F%25BC%25D2%25B1%25DD%25BB%25A7.jpg""}, {""idx"": 2, ""name"": ""안녕라떼(Only ICE)"", ""price"": ""6,500원"", ""img_url"": ""https://search.pstatic.net/common/?autoRotate=true&quality=95&type=f320_320&src=https%3A%2F%2Fldb-phinf.pstatic.net%2F20220718_189%2F1658125250071rFp9b_JPEG%2F%25BE%25C8%25B3%25E7%25B6%25F3%25B6%25BC.jpg""}, {""idx"": 3, ""name"": ""지금슈페너(HOT Or ICE)"", ""price"": ""6,500원"", ""img_url"": ""https://search.pstatic.net/common/?autoRotate=true&quality=95&type=f320_320&src=https%3A%2F%2Fldb-phinf.pstatic.net%2F20220718_94%2F1658125291915UQprY_JPEG%2F%25C1%25F6%25B1%25DD%25BD%25B4%25C6%25E4%25B3%25CA.jpg""}, {""idx"": 4, ""name"": ""카페하노이(HOT Or ICE)"", ""price"": ""6,500원"", ""img_url"": ""https://search.pstatic.net/common/?autoRotate=true&quality=95&type=f320_320&src=https%3A%2F%2Fldb-phinf.pstatic.net%2F20241120_209%2F1732063972170dwgGB_JPEG%2F%25C4%25AB%25C6%25E4%25C7%25CF%25B3%25EB%25C0%25CC.jpg""}, {""idx"": 5, ""name"": ""카페풀문(Only ICE)"", ""price"": ""6,500원"", ""img_url"": ""https://search.pstatic.net/common/?autoRotate=true&quality=95&type=f320_320&src=https%3A%2F%2Fldb-phinf.pstatic.net%2F20241120_223%2F173206392203659ese_JPEG%2F%25C4%25AB%25C6%25E4%25C7%25AE%25B9%25AE.jpg""}, {""idx"": 6, ""name"": ""스톤샷아보카도"", ""price"": ""6,500원"", ""img_url"": ""https://search.pstatic.net/common/?autoRotate=true&quality=95&type=f320_320&src=https%3A%2F%2Fldb-phinf.pstatic.net%2F20250715_85%2F1752584693699X6pIE_JPEG%2F%25BD%25BA%25C5%25E6%25BC%25A6%25BE%25C6%25BA%25B8%25C4%25AB%25B5%25B5-1.jpg""}, {""idx"": 7, ""name"": ""진한수제대추차"", ""price"": ""6,500원"", ""img_url"": ""https://search.pstatic.net/common/?autoRotate=true&quality=95&type=f320_320&src=https%3A%2F%2Fldb-phinf.pstatic.net%2F20250930_21%2F1759200593068IECrV_JPEG%2F%25B4%25EB%25C3%25DF%25C2%25F7.jpg""}, {""idx"": 8, ""name"": ""진한수제대추라떼"", ""price"": ""7,000원"", ""img_url"": ""https://search.pstatic.net/common/?autoRotate=true&quality=95&type=f320_320&src=https%3A%2F%2Fldb-phinf.pstatic.net%2F20250930_158%2F1759200789742U2iw9_JPEG%2F%25B4%25EB%25C3%25DF%25B6%25F3%25B6%25BC.jpg""}, {""idx"": 9, ""name"": ""즉석감자튀김"", ""price"": ""6,900원"", ""img_url"": ""https://search.pstatic.net/common/?autoRotate=true&quality=95&type=f320_320&src=https%3A%2F%2Fldb-phinf.pstatic.net%2F20260108_29%2F17678733661570QSV6_JPEG%2F%25C1%25EF%25BC%25AE%25B0%25A8%25C0%25DA%25C6%25A2%25B1%25E8%25C6%25F7%25BD%25BA%25C5%25CD.jpg""}, {""idx"": 10, ""name"": ""진밭골 떡볶이"", ""price"": ""8,900원"", ""img_url"": ""https://search.pstatic.net/common/?autoRotate=true&quality=95&type=f320_320&src=https%3A%2F%2Fldb-phinf.pstatic.net%2F20260108_203%2F1767873003079L5JYv_JPEG%2F%25B6%25B1%25BA%25BA%25C0%25CC%25C6%25F7%25BD%25BA%25C5%25CD.jpg""}, {""idx"": 11, ""name"": ""치킨텐더셀러드"", ""price"": ""11,900원"", ""img_url"": ""https://search.pstatic.net/common/?autoRotate=true&quality=95&type=f320_320&src=https%3A%2F%2Fldb-phinf.pstatic.net%2F20260108_226%2F176787307391369jDy_JPEG%2F%25C4%25A1%25C5%25B2%25C5%25D9%25B4%25F5%25BC%25BF%25B7%25AF%25B5%25E5.jpg""}, {""idx"": 12, ""name"": ""진밭골 잠봉 브런치"", ""price"": ""17,800원"", ""img_url"": ""https://search.pstatic.net/common/?autoRotate=true&quality=95&type=f320_320&src=https%3A%2F%2Fldb-phinf.pstatic.net%2F20250703_212%2F1751534244460CNwQE_JPEG%2FKakaoTalk_20250611_173259620.jpg""}, {""idx"": 13, ""name"": ""로제라페 브런치"", ""price"": ""17,800원"", ""img_url"": ""https://search.pstatic.net/common/?autoRotate=true&quality=95&type=f320_320&src=https%3A%2F%2Fldb-phinf.pstatic.net%2F20251104_208%2F1762235978199vBLX9_JPEG%2FKakaoTalk_20251016_150840171.jpg""}, {""idx"": 14, ""name"": ""눈꽃우유팥빙수"", ""price"": ""10,900원"", ""img_url"": ""https://search.pstatic.net/common/?autoRotate=true&quality=95&type=f320_320&src=https%3A%2F%2Fldb-phinf.pstatic.net%2F20250410_260%2F174427766060714OJa_JPEG%2FKakaoTalk_20230524_192637525-1.jpg""}, {""idx"": 15, ""name"": ""눈꽃우유애플망고빙수"", ""price"": ""13,900원"", ""img_url"": ""https://search.pstatic.net/common/?autoRotate=true&quality=95&type=f320_320&src=https%3A%2F%2Fldb-phinf.pstatic.net%2F20220718_50%2F1658125992230rlHSd_JPEG%2F%25B8%25C1%25B0%25ED%25BA%25F9%25BC%25F6.jpg""}, {""idx"": 16, ""name"": ""수제매실스무디"", ""price"": ""6,000원"", ""img_url"": """"}, {""idx"": 17, ""name"": ""방앗간꿀미숫가루"", ""price"": ""6,000원"", ""img_url"": """"}, {""idx"": 18, ""name"": ""티_진밭골 복분자"", ""price"": ""6,000원"", ""img_url"": """"}, {""idx"": 19, ""name"": ""한방쌍화차(NEW!!)"", ""price"": ""6,000원"", ""img_url"": ""https://search.pstatic.net/common/?autoRotate=true&quality=95&type=f320_320&src=https%3A%2F%2Fldb-phinf.pstatic.net%2F20241120_111%2F1732064020198TfhA1_JPEG%2F%25BD%25D6%25C8%25AD%25C2%25F7.jpg""}, {""idx"": 20, ""name"": ""흑임자라떼(New!!)"", ""price"": ""5,500원"", ""img_url"": ""https://search.pstatic.net/common/?autoRotate=true&quality=95&type=f320_320&src=https%3A%2F%2Fldb-phinf.pstatic.net%2F20241120_234%2F1732064641796BiUrw_JPEG%2F%25C8%25E6%25C0%25D3%25C0%25DA%25B6%25F3%25B6%25BC.jpg""}, {""idx"": 21, ""name"": ""아메리카노(HOT Or ICE)"", ""price"": ""4,800원"", ""img_url"": """"}, {""idx"": 22, ""name"": ""카페라떼"", ""price"": ""5,500원"", ""img_url"": ""https://search.pstatic.net/common/?autoRotate=true&quality=95&type=f320_320&src=https%3A%2F%2Fldb-phinf.pstatic.net%2F20241120_262%2F1732072196716TU8as_JPEG%2F%25B6%25F3%25B6%25BC_%25BE%25C6%25C6%25AE-1.jpg""}, {""idx"": 23, ""name"": ""블루베리요거트스무디"", ""price"": ""6,500원"", ""img_url"": ""https://search.pstatic.net/common/?autoRotate=true&quality=95&type=f320_320&src=https%3A%2F%2Fldb-phinf.pstatic.net%2F20220517_223%2F16527689438565ETds_JPEG%2F20220504_180109.jpg""}, {""idx"": 24, ""name"": ""헤이즐넛아메리카노"", ""price"": ""5,500원"", ""img_url"": """"}, {""idx"": 25, ""name"": ""바닐라라떼"", ""price"": ""6,000원"", ""img_url"": """"}, {""idx"": 26, ""name"": ""돌체라떼"", ""price"": ""6,000원"", ""img_url"": """"}, {""idx"": 27, ""name"": ""아인슈페너"", ""price"": ""6,500원"", ""img_url"": """"}, {""idx"": 28, ""name"": ""TEA레몬생강"", ""price"": ""6,000원"", ""img_url"": """"}, {""idx"": 29, ""name"": ""TEA자몽허니블랙"", ""price"": ""6,000원"", ""img_url"": """"}, {""idx"": 30, ""name"": ""TEA봄날의인연"", ""price"": ""6,000원"", ""img_url"": ""https://search.pstatic.net/common/?autoRotate=true&quality=95&type=f320_320&src=https%3A%2F%2Fldb-phinf.pstatic.net%2F20211029_221%2F163543644058805mN7_JPEG%2FiyZj5Z1Y-JlSfmptvQxUDv6n.jpg""}, {""idx"": 31, ""name"": ""토피넛라떼"", ""price"": ""5,500원"", ""img_url"": """"}, {""idx"": 32, ""name"": ""녹차라떼"", ""price"": ""5,500원"", ""img_url"": """"}, {""idx"": 33, ""name"": ""초코라떼"", ""price"": ""5,500원"", ""img_url"": """"}, {""idx"": 34, ""name"": ""자몽에이드"", ""price"": ""5,500원"", ""img_url"": """"}, {""idx"": 35, ""name"": ""레몬에이드"", ""price"": ""5,500원"", ""img_url"": """"}, {""idx"": 36, ""name"": ""찐딸기라떼"", ""price"": ""6,000원"", ""img_url"": """"}]","[""https://search.pstatic.net/common/?autoRotate=true&quality=95&type=f320_320&src=https%3A%2F%2Fldb-phinf.pstatic.net%2F20230403_100%2F16805308719195d1fs_JPEG%2F%25BC%25D2%25B1%25DD%25BB%25A7.jpg"", ""https://search.pstatic.net/common/?autoRotate=true&quality=95&type=f320_320&src=https%3A%2F%2Fldb-phinf.pstatic.net%2F20230403_34%2F1680530740729ozwLs_JPEG%2F%25C0%25CE%25C0%25FD%25B9%25CC%25C5%25A9%25B8%25B2%25BB%25A7.jpg"", ""https://search.pstatic.net/common/?autoRotate=true&quality=95&type=f320_320&src=https%3A%2F%2Fldb-phinf.pstatic.net%2F20220718_189%2F1658125250071rFp9b_JPEG%2F%25BE%25C8%25B3%25E7%25B6%25F3%25B6%25BC.jpg"", ""https://search.pstatic.net/common/?autoRotate=true&quality=95&type=f320_320&src=https%3A%2F%2Fldb-phinf.pstatic.net%2F20220718_94%2F1658125291915UQprY_JPEG%2F%25C1%25F6%25B1%25DD%25BD%25B4%25C6%25E4%25B3%25CA.jpg"", ""https://search.pstatic.net/common/?autoRotate=true&quality=95&type=f320_320&src=https%3A%2F%2Fldb-phinf.pstatic.net%2F20241120_209%2F1732063972170dwgGB_JPEG%2F%25C4%25AB%25C6%25E4%25C7%25CF%25B3%25EB%25C0%25CC.jpg""]",2
saltbread,daegu,대구 대곡 소금빵,베이커리 라누,대구광역시 달서구 한실로6길 84-26 베이커리 라누,대구광역시 달서구 대곡동 621 베이커리 라누,,https://smartstore.naver.com/bakerylanu,"카페,디저트>베이커리",1285288569,357998193,128.5288501,35.7998307,,1102259891.0,SID_OK_AUTO_DETAIL,대구 베이커리 라누,OK,0507-1471-1429,OK,"[""베이커리 라누는 퀸아망과 소금빵 맛집으로 유명합니다."", ""프랑스 고급 재료를 사용한 빵들이 맛있고, 망고 케이크나 크림 퀸아망 등 다양한 메뉴를 선택할 수 있습니다."", ""매장 내부는 아기자기한 유럽풍 인테리어로 꾸며져 있으며, 야외 테라스에서 빵과 커피를 즐길 수 있는 점도 매력적입니다.""]",OK,bkeel_count=3,498.0,"[{""keyword"": ""빵이 맛있어요"", ""count"": 453}, {""keyword"": ""특별한 메뉴가 있어요"", ""count"": 263}, {""keyword"": ""친절해요"", ""count"": 252}, {""keyword"": ""커피가 맛있어요"", ""count"": 152}, {""keyword"": ""매장이 청결해요"", ""count"": 127}]",OK,keyword_count=5 total=498,https://search.pstatic.net/common/?autoRotate=true&type=w560_sharpen&src=https%3A%2F%2Fldb-phinf.pstatic.net%2F20241205_13%2F1733396359617iCSGQ_JPEG%2FIMG_3747.jpeg,OK,"hit=a#_autoPlayable img
src_len=164",일 정기휴무 (매주 일요일) | 월 정기휴무 (매주 월요일) | 화 11:00 - 18:00 | 수 11:00 - 18:00 | 목 11:00 - 18:00 | 금 11:00 - 18:00 | 토 11:00 - 18:00,OK,"hit=hours_toggle
aria_before=false
aria_after=true
w9QyJ_count=8
detail_lines=7",0,0,OK,"more_clicks=1
li_count=28
picked_img_count=5",28,"[{""idx"": 0, ""name"": ""슈톨렌"", ""price"": ""변동"", ""img_url"": ""https://search.pstatic.net/common/?autoRotate=true&quality=95&type=f320_320&src=https%3A%2F%2Fldb-phinf.pstatic.net%2F20241205_27%2F1733394860453IbdgC_JPEG%2F%25BD%25B4%25C5%25E7%25B7%25BB_%25C0%25CC%25B9%25CC%25C1%25F6.jpeg""}, {""idx"": 1, ""name"": ""(시즌)프레지에 딸기 케이크 1/2단"", ""price"": ""변동"", ""img_url"": ""https://search.pstatic.net/common/?autoRotate=true&quality=95&type=f320_320&src=https%3A%2F%2Fldb-phinf.pstatic.net%2F20241203_149%2F1733208963976UQzRb_JPEG%2Foutput_1369843833.jpeg""}, {""idx"": 2, ""name"": ""[New] 와인무화과 깜빠뉴 + 꿀"", ""price"": ""4,300원"", ""img_url"": ""https://search.pstatic.net/common/?autoRotate=true&quality=95&type=f320_320&src=https%3A%2F%2Fldb-phinf.pstatic.net%2F20250906_41%2F1757134007333dVXFk_JPEG%2FIMG_7836_Edited.jpeg""}, {""idx"": 3, ""name"": ""[NEW]단호박 크림치즈 깜빠뉴"", ""price"": ""3,900원"", ""img_url"": ""https://search.pstatic.net/common/?autoRotate=true&quality=95&type=f320_320&src=https%3A%2F%2Fldb-phinf.pstatic.net%2F20250906_34%2F1757133815465t1XEd_JPEG%2FIMG_7835_Edited.jpeg""}, {""idx"": 4, ""name"": ""(인기) 소금빵"", ""price"": ""2,900원"", ""img_url"": ""https://search.pstatic.net/common/?autoRotate=true&quality=95&type=f320_320&src=https%3A%2F%2Fldb-phinf.pstatic.net%2F20230804_40%2F1691115895550BFBEg_JPEG%2FD43C50CF-C50A-4B68-9FD6-DAB3033504DE.jpeg""}, {""idx"": 5, ""name"": ""플레인 퀸아망"", ""price"": ""4,500원"", ""img_url"": ""https://search.pstatic.net/common/?autoRotate=true&quality=95&type=f320_320&src=https%3A%2F%2Fldb-phinf.pstatic.net%2F20220303_15%2F16462935973944zVHe_JPEG%2FA792EC7A-F4BE-4C6C-B750-85EE4EE0120D.jpeg""}, {""idx"": 6, ""name"": ""(시즌종료)세지멜론 메론케이크"", ""price"": ""변동"", ""img_url"": ""https://search.pstatic.net/common/?autoRotate=true&quality=95&type=f320_320&src=https%3A%2F%2Fldb-phinf.pstatic.net%2F20250703_231%2F17515171155281KrPh_PNG%2FIMG_6890.png""}, {""idx"": 7, ""name"": ""(시즌종료)샤인머스켓 케이크"", ""price"": ""변동"", ""img_url"": ""https://search.pstatic.net/common/?autoRotate=true&quality=95&type=f320_320&src=https%3A%2F%2Fldb-phinf.pstatic.net%2F20250928_23%2F1759070756911nEfRB_JPEG%2Foutput_2521358282.jpeg""}, {""idx"": 8, ""name"": ""아몬드 크랜베리 퀸아망"", ""price"": ""4,900원"", ""img_url"": ""https://search.pstatic.net/common/?autoRotate=true&quality=95&type=f320_320&src=https%3A%2F%2Fldb-phinf.pstatic.net%2F20250225_1%2F174045767688615geS_JPEG%2F%25BE%25C6%25B8%25F3%25B5%25E5_%25C5%25A9%25B7%25A3%25BA%25A3%25B8%25AE_%25C4%25FD%25BE%25C6%25B8%25C1.jpeg""}, {""idx"": 9, ""name"": ""크림 퀸아망 4종"", ""price"": ""변동"", ""img_url"": ""https://search.pstatic.net/common/?autoRotate=true&quality=95&type=f320_320&src=https%3A%2F%2Fldb-phinf.pstatic.net%2F20250206_251%2F1738840704225ad5Sw_PNG%2F%25C5%25A9%25B8%25B2%25C4%25FD%25BE%25C6%25B8%25C1_%25C0%25FC%25C3%25BC_%25BB%25E7%25C1%25F8.png""}, {""idx"": 10, ""name"": ""아메리카노"", ""price"": ""3,500원"", ""img_url"": ""https://search.pstatic.net/common/?autoRotate=true&quality=95&type=f320_320&src=https%3A%2F%2Fldb-phinf.pstatic.net%2F20220303_3%2F1646293761127Qbu8U_JPEG%2F86466E2B-93F2-485E-9C82-6CE93667CC1C.jpeg""}, {""idx"": 11, ""name"": ""크림치즈 모찌빵"", ""price"": ""변동"", ""img_url"": ""https://search.pstatic.net/common/?autoRotate=true&quality=95&type=f320_320&src=https%3A%2F%2Fldb-phinf.pstatic.net%2F20240126_238%2F1706256693287VbcHB_PNG%2F%25B8%25F0%25C2%25EE%25BB%25A7_%25B4%25DC%25C3%25BC_%25BC%25A62.png""}, {""idx"": 12, ""name"": ""까눌레"", ""price"": ""2,900원"", ""img_url"": ""https://search.pstatic.net/common/?autoRotate=true&quality=95&type=f320_320&src=https%3A%2F%2Fldb-phinf.pstatic.net%2F20230804_172%2F1691115773038iLBNH_PNG%2F90C72E67-3F2E-4D00-A152-A2EB5CC74521.png""}, {""idx"": 13, ""name"": ""잠봉뵈르"", ""price"": ""8,500원"", ""img_url"": ""https://search.pstatic.net/common/?autoRotate=true&quality=95&type=f320_320&src=https%3A%2F%2Fldb-phinf.pstatic.net%2F20220303_287%2F1646293633541TmwHN_JPEG%2F7CA72D3B-AC68-40DB-854D-86D4A9FE6D0B.jpeg""}, {""idx"": 14, ""name"": ""약과퀸아망(2개)"", ""price"": ""5,200원"", ""img_url"": ""https://search.pstatic.net/common/?autoRotate=true&quality=95&type=f320_320&src=https%3A%2F%2Fldb-phinf.pstatic.net%2F20230418_201%2F1681787259185tG7mr_JPEG%2F569ACF36-F42A-4377-94A9-822A95DF04B1.jpeg""}, {""idx"": 15, ""name"": ""(시즌종료)생망고 케이크(1/2단)"", ""price"": ""변동"", ""img_url"": ""https://search.pstatic.net/common/?autoRotate=true&quality=95&type=f320_320&src=https%3A%2F%2Fldb-phinf.pstatic.net%2F20250408_231%2F174409275407088hN1_JPEG%2FIMG_5499.jpeg""}, {""idx"": 16, ""name"": ""빼빼로 퀸아망 선물세트(11월 판매)"", ""price"": ""16,000원"", ""img_url"": ""https://search.pstatic.net/common/?autoRotate=true&quality=95&type=f320_320&src=https%3A%2F%2Fldb-phinf.pstatic.net%2F20241106_205%2F17308971724679tIUe_JPEG%2FIMG_3423_Edited.jpeg""}, {""idx"": 17, ""name"": ""(담백고소)올리브치즈 식빵"", ""price"": ""4,900원"", ""img_url"": """"}, {""idx"": 18, ""name"": ""(매주 토요일)초코 바게트"", ""price"": ""3,900원"", ""img_url"": ""https://search.pstatic.net/common/?autoRotate=true&quality=95&type=f320_320&src=https%3A%2F%2Fldb-phinf.pstatic.net%2F20241109_221%2F1731159995260WAajk_JPEG%2FIMG_3498.jpeg""}, {""idx"": 19, ""name"": ""크루키 4종"", ""price"": ""5,200원"", ""img_url"": ""https://search.pstatic.net/common/?autoRotate=true&quality=95&type=f320_320&src=https%3A%2F%2Fldb-phinf.pstatic.net%2F20240930_57%2F1727701998620eyY2I_PNG%2FIMG_2380.png""}, {""idx"": 20, ""name"": ""[인기]밤 소보루 식빵"", ""price"": ""5,900원"", ""img_url"": ""https://search.pstatic.net/common/?autoRotate=true&quality=95&type=f320_320&src=https%3A%2F%2Fldb-phinf.pstatic.net%2F20250221_142%2F17401064046557zoRT_JPEG%2FIMG_5145_Edited.jpeg""}, {""idx"": 21, ""name"": ""(인기) 양송이 스프 & 바게트"", ""price"": ""6,900원"", ""img_url"": ""https://search.pstatic.net/common/?autoRotate=true&quality=95&type=f320_320&src=https%3A%2F%2Fldb-phinf.pstatic.net%2F20241024_90%2F17297558103345UFwt_JPEG%2FIMG_3280_Edited.jpeg""}, {""idx"": 22, ""name"": ""바게트"", ""price"": ""3,900원"", ""img_url"": ""https://search.pstatic.net/common/?autoRotate=true&quality=95&type=f320_320&src=https%3A%2F%2Fldb-phinf.pstatic.net%2F20220423_89%2F1650680409176FR8JP_JPEG%2F810539F7-91B5-4A4A-A492-5C081315D08D.jpeg""}, {""idx"": 23, ""name"": ""탕종 우유식빵"", ""price"": ""6,900원"", ""img_url"": ""https://search.pstatic.net/common/?autoRotate=true&quality=95&type=f320_320&src=https%3A%2F%2Fldb-phinf.pstatic.net%2F20220423_286%2F1650680963545rJ02a_JPEG%2F6F8E8750-C05E-4737-A52E-FBABEB8239B7.jpeg""}, {""idx"": 24, ""name"": ""올리브 치즈 치아바타(월요일, 목요일"", ""price"": ""4,300원"", ""img_url"": ""https://search.pstatic.net/common/?autoRotate=true&quality=95&type=f320_320&src=https%3A%2F%2Fldb-phinf.pstatic.net%2F20220304_126%2F1646356050184UwyH7_JPEG%2FC95A0915-A5C9-4F51-A191-C5289A5E519B.jpeg""}, {""idx"": 25, ""name"": ""(시즌 종료) 딸기 컵케이크"", ""price"": ""4,900원"", ""img_url"": ""https://search.pstatic.net/common/?autoRotate=true&quality=95&type=f320_320&src=https%3A%2F%2Fldb-phinf.pstatic.net%2F20250203_52%2F1738543049619sLjwU_JPEG%2FIMG_3783.jpeg""}, {""idx"": 26, ""name"": ""[시즌 종료]마하차녹 생망고 컵케이크"", ""price"": ""5,200원"", ""img_url"": ""https://search.pstatic.net/common/?autoRotate=true&quality=95&type=f320_320&src=https%3A%2F%2Fldb-phinf.pstatic.net%2F20250505_134%2F1746444361161yNyH0_JPEG%2FIMG_6062.jpeg""}, {""idx"": 27, ""name"": ""(시즌 종료)수제 딸기 라떼"", ""price"": ""4,500원"", ""img_url"": ""https://search.pstatic.net/common/?autoRotate=true&quality=95&type=f320_320&src=https%3A%2F%2Fldb-phinf.pstatic.net%2F20250206_233%2F1738840820516eT9GI_JPEG%2FIMG_4784.jpeg""}]","[""https://search.pstatic.net/common/?autoRotate=true&quality=95&type=f320_320&src=https%3A%2F%2Fldb-phinf.pstatic.net%2F20230804_40%2F1691115895550BFBEg_JPEG%2FD43C50CF-C50A-4B68-9FD6-DAB3033504DE.jpeg"", ""https://search.pstatic.net/common/?autoRotate=true&quality=95&type=f320_320&src=https%3A%2F%2Fldb-phinf.pstatic.net%2F20240126_238%2F1706256693287VbcHB_PNG%2F%25B8%25F0%25C2%25EE%25BB%25A7_%25B4%25DC%25C3%25BC_%25BC%25A62.png"", ""https://search.pstatic.net/common/?autoRotate=true&quality=95&type=f320_320&src=https%3A%2F%2Fldb-phinf.pstatic.net%2F20250221_142%2F17401064046557zoRT_JPEG%2FIMG_5145_Edited.jpeg"", ""https://search.pstatic.net/common/?autoRotate=true&quality=95&type=f320_320&src=https%3A%2F%2Fldb-phinf.pstatic.net%2F20220423_286%2F1650680963545rJ02a_JPEG%2F6F8E8750-C05E-4737-A52E-FBABEB8239B7.jpeg"", ""https://search.pstatic.net/common/?autoRotate=true&quality=95&type=f320_320&src=https%3A%2F%2Fldb-phinf.pstatic.net%2F20241205_27%2F1733394860453IbdgC_JPEG%2F%25BD%25B4%25C5%25E7%25B7%25BB_%25C0%25CC%25B9%25CC%25C1%25F6.jpeg""]",2
saltbread,daegu,대구 대곡 소금빵,훈이제빵소,대구광역시 달서구 갈밭로 14 1층 101호,대구광역시 달서구 대곡동 1080-1 1층 101호,,http://band.us@hoonybakery,"카페,디저트>베이커리",1285319783,358015218,128.5321216,35.8014083,,1969533776.0,SID_OK_AUTO_DETAIL,대구 훈이제빵소,OK,0507-1322-8713,OK,[],AI_BRIEFING_NOT_FOUND,,829.0,"[{""keyword"": ""빵이 맛있어요"", ""count"": 554}, {""keyword"": ""친절해요"", ""count"": 236}, {""keyword"": ""가성비가 좋아요"", ""count"": 137}, {""keyword"": ""특별한 메뉴가 있어요"", ""count"": 135}, {""keyword"": ""매장이 청결해요"", ""count"": 115}]",OK,keyword_count=5 total=829,https://search.pstatic.net/common/?autoRotate=true&type=w560_sharpen&src=https%3A%2F%2Fldb-phinf.pstatic.net%2F20210415_70%2F1618472299514C6M3T_PNG%2F0A8JoVORB5J1tpkIh-CvEvkT.png,OK,"hit=a#_autoPlayable img
src_len=178",일 정기휴무 (매주 일요일) | 월 08:00 - 22:00 | 화 08:00 - 22:00 | 수 08:00 - 22:00 | 목 08:00 - 22:00 | 금 08:00 - 22:00 | 토 08:00 - 22:00,OK,"hit=hours_toggle
aria_before=false
aria_after=true
w9QyJ_count=8
detail_lines=7",0,0,OK,"more_clicks=1
li_count=25
picked_img_count=5",25,"[{""idx"": 0, ""name"": ""핫커피"", ""price"": ""2,000원"", ""img_url"": """"}, {""idx"": 1, ""name"": ""아이스아메리카노"", ""price"": ""2,500원"", ""img_url"": """"}, {""idx"": 2, ""name"": ""잠봉뵈르"", ""price"": ""6,000원"", ""img_url"": ""https://search.pstatic.net/common/?autoRotate=true&quality=95&type=f320_320&src=https%3A%2F%2Fldb-phinf.pstatic.net%2F20251124_124%2F1763976374169oVRgF_JPEG%2F1000045561.jpg""}, {""idx"": 3, ""name"": ""옥수수깜빠뉴"", ""price"": ""4,800원"", ""img_url"": ""https://search.pstatic.net/common/?autoRotate=true&quality=95&type=f320_320&src=https%3A%2F%2Fldb-phinf.pstatic.net%2F20210809_154%2F1628503715520hxq1L_JPEG%2FGGevxt40V_g_Ly3qxULLHQOc.jpg""}, {""idx"": 4, ""name"": ""밤치아바타"", ""price"": ""5,000원"", ""img_url"": ""https://search.pstatic.net/common/?autoRotate=true&quality=95&type=f320_320&src=https%3A%2F%2Fldb-phinf.pstatic.net%2F20210809_185%2F1628503897878TuVHG_JPEG%2Ff8aYZ4x5X0dpfocoZ0MFJ_vY.jpg""}, {""idx"": 5, ""name"": ""소금빵"", ""price"": ""2,400원"", ""img_url"": """"}, {""idx"": 6, ""name"": ""앙버터"", ""price"": ""4,800원"", ""img_url"": ""https://search.pstatic.net/common/?autoRotate=true&quality=95&type=f320_320&src=https%3A%2F%2Fldb-phinf.pstatic.net%2F20210809_29%2F1628504239653tFU5M_JPEG%2Fx4dBSLrep-i98gPoXpBeCaX7.jpg""}, {""idx"": 7, ""name"": ""블루블루"", ""price"": ""4,600원"", ""img_url"": ""https://search.pstatic.net/common/?autoRotate=true&quality=95&type=f320_320&src=https%3A%2F%2Fldb-phinf.pstatic.net%2F20210809_156%2F1628504431672ms73W_JPEG%2FbqlzsiptGxWThe-V6QTyOTMd.jpg""}, {""idx"": 8, ""name"": ""밤치아아타"", ""price"": ""5,000원"", ""img_url"": """"}, {""idx"": 9, ""name"": ""바질토마토"", ""price"": ""5,000원"", ""img_url"": ""https://search.pstatic.net/common/?autoRotate=true&quality=95&type=f320_320&src=https%3A%2F%2Fldb-phinf.pstatic.net%2F20210809_68%2F1628504353699qWyXh_JPEG%2FIkjR8RZI9A0M3iKRqiLWsiP9.jpg""}, {""idx"": 10, ""name"": ""황치즈식빵"", ""price"": ""4,800원"", ""img_url"": ""https://search.pstatic.net/common/?autoRotate=true&quality=95&type=f320_320&src=https%3A%2F%2Fldb-phinf.pstatic.net%2F20210809_175%2F162850454154486kTU_JPEG%2Fe4C_6HH3Fv8AZAlDP-quU88r.jpg""}, {""idx"": 11, ""name"": ""무화과깜빠뉴"", ""price"": ""5,000원"", ""img_url"": ""https://search.pstatic.net/common/?autoRotate=true&quality=95&type=f320_320&src=https%3A%2F%2Fldb-phinf.pstatic.net%2F20210329_147%2F1617012735368S210N_JPEG%2FuGxarkQu96rmGwvf4IzVAKwO.jpg""}, {""idx"": 12, ""name"": ""팥빵"", ""price"": ""2,200원"", ""img_url"": ""https://search.pstatic.net/common/?autoRotate=true&quality=95&type=f320_320&src=https%3A%2F%2Fldb-phinf.pstatic.net%2F20210329_209%2F1617012778794uT6wS_JPEG%2FoIHLSEcXEo8NEItXg1ZBN46e.jpg""}, {""idx"": 13, ""name"": ""롱소세지"", ""price"": ""4,000원"", ""img_url"": ""https://search.pstatic.net/common/?autoRotate=true&quality=95&type=f320_320&src=https%3A%2F%2Fldb-phinf.pstatic.net%2F20210329_275%2F1617012812506xjxsr_JPEG%2FEaRWvLEJ0Ap7eqRrl0YdpyjP.jpg""}, {""idx"": 14, ""name"": ""슈게뜨"", ""price"": ""5,000원"", ""img_url"": ""https://search.pstatic.net/common/?autoRotate=true&quality=95&type=f320_320&src=https%3A%2F%2Fldb-phinf.pstatic.net%2F20210329_19%2F1617012844788cxUfj_JPEG%2FSKRIsHUFG6o_or91pKKCj0Wk.jpg""}, {""idx"": 15, ""name"": ""구운고로케"", ""price"": ""3,800원"", ""img_url"": ""https://search.pstatic.net/common/?autoRotate=true&quality=95&type=f320_320&src=https%3A%2F%2Fldb-phinf.pstatic.net%2F20210329_128%2F16170128635590f1ER_JPEG%2F8Jvvh5MZxxoFs0caUzw1_ev6.jpg""}, {""idx"": 16, ""name"": ""수제햄버버"", ""price"": ""3,500원"", ""img_url"": ""https://search.pstatic.net/common/?autoRotate=true&quality=95&type=f320_320&src=https%3A%2F%2Fldb-phinf.pstatic.net%2F20210809_105%2F16285045808526oVmy_JPEG%2F4IPU0KgPeFjxnglY4cWAAksw.jpg""}, {""idx"": 17, ""name"": ""현무암"", ""price"": ""3,800원"", ""img_url"": ""https://search.pstatic.net/common/?autoRotate=true&quality=95&type=f320_320&src=https%3A%2F%2Fldb-phinf.pstatic.net%2F20220220_63%2F16453360557331B1YR_JPEG%2FBandPhoto_2022_02_20_13_06_42.jpg""}, {""idx"": 18, ""name"": ""샌드위치"", ""price"": ""5,000원"", ""img_url"": ""https://search.pstatic.net/common/?autoRotate=true&quality=95&type=f320_320&src=https%3A%2F%2Fldb-phinf.pstatic.net%2F20210809_15%2F1628504628767nJNlI_JPEG%2Fwi49O1kAP6DYo-v8Wo2eB7xQ.jpg""}, {""idx"": 19, ""name"": ""흰둥이찰치즈3개"", ""price"": ""5,000원"", ""img_url"": ""https://search.pstatic.net/common/?autoRotate=true&quality=95&type=f320_320&src=https%3A%2F%2Fldb-phinf.pstatic.net%2F20210809_131%2F1628504728704OsDFu_JPEG%2Fw3o09lOdqPApa9Du5HWYIsh6.jpg""}, {""idx"": 20, ""name"": ""생크림스콘"", ""price"": ""3,300원"", ""img_url"": ""https://search.pstatic.net/common/?autoRotate=true&quality=95&type=f320_320&src=https%3A%2F%2Fldb-phinf.pstatic.net%2F20210329_16%2F1617013057938uP58C_JPEG%2FZ_GvK-pNOiWTB_XKmTdO-8as.jpg""}, {""idx"": 21, ""name"": ""모카쫀득이"", ""price"": ""4,800원"", ""img_url"": ""https://search.pstatic.net/common/?autoRotate=true&quality=95&type=f320_320&src=https%3A%2F%2Fldb-phinf.pstatic.net%2F20210809_51%2F1628504892242IENnD_JPEG%2FF2kD-MhcrZCif4FSAuAfBaH0.jpg""}, {""idx"": 22, ""name"": ""우유생크림미니1호"", ""price"": ""13,000원"", ""img_url"": ""https://search.pstatic.net/common/?autoRotate=true&quality=95&type=f320_320&src=https%3A%2F%2Fldb-phinf.pstatic.net%2F20210809_286%2F1628503528055Ov1Wo_JPEG%2F9SNfFrP24Sxw_cSaxSwkMCfE.jpg""}, {""idx"": 23, ""name"": ""밤식빵"", ""price"": ""4,800원"", ""img_url"": ""https://search.pstatic.net/common/?autoRotate=true&quality=95&type=f320_320&src=https%3A%2F%2Fldb-phinf.pstatic.net%2F20210329_237%2F1617013149157kB043_JPEG%2Fv_A3Vh6Dw6m50G_uZWELFZlc.jpg""}, {""idx"": 24, ""name"": ""통밀식빵"", ""price"": ""5,000원"", ""img_url"": ""https://search.pstatic.net/common/?autoRotate=true&quality=95&type=f320_320&src=https%3A%2F%2Fldb-phinf.pstatic.net%2F20210809_224%2F1628505034264gcs26_JPEG%2FIgn8ojBhltL0XZkI3r0gIK0P.jpg""}]","[""https://search.pstatic.net/common/?autoRotate=true&quality=95&type=f320_320&src=https%3A%2F%2Fldb-phinf.pstatic.net%2F20210809_175%2F162850454154486kTU_JPEG%2Fe4C_6HH3Fv8AZAlDP-quU88r.jpg"", ""https://search.pstatic.net/common/?autoRotate=true&quality=95&type=f320_320&src=https%3A%2F%2Fldb-phinf.pstatic.net%2F20210329_209%2F1617012778794uT6wS_JPEG%2FoIHLSEcXEo8NEItXg1ZBN46e.jpg"", ""https://search.pstatic.net/common/?autoRotate=true&quality=95&type=f320_320&src=https%3A%2F%2Fldb-phinf.pstatic.net%2F20210329_237%2F1617013149157kB043_JPEG%2Fv_A3Vh6Dw6m50G_uZWELFZlc.jpg"", ""https://search.pstatic.net/common/?autoRotate=true&quality=95&type=f320_320&src=https%3A%2F%2Fldb-phinf.pstatic.net%2F20210809_224%2F1628505034264gcs26_JPEG%2FIgn8ojBhltL0XZkI3r0gIK0P.jpg"", ""https://search.pstatic.net/common/?autoRotate=true&quality=95&type=f320_320&src=https%3A%2F%2Fldb-phinf.pstatic.net%2F20251124_124%2F1763976374169oVRgF_JPEG%2F1000045561.jpg""]",2
saltbread,daegu,대구 대곡 소금빵,행운의시간들,대구광역시 달서구 화암로 325,대구광역시 달서구 대곡동 1038-1,,http://instagram.com/goodfortunetimes,"카페,디저트>베이커리",1285187551,358041959,128.5187814,35.8042356,,33029463.0,SID_OK_AUTO_DETAIL,대구 행운의시간들,OK,053-633-7227,OK,"[""행운의시간들은 대구 수목원 인근에 위치한 베이커리 카페로, 오픈 주방에서 직접 빵을 굽는 모습을 볼 수 있습니다."", ""메뉴에는 커피, 차, 스무디, 쉐이크 등 다양한 음료와 함께 햄치즈바게트, 허니치즈브레드 등 베이커리 메뉴가 준비되어 있습니다."", ""층고가 높고 깔끔한 인테리어로 쾌적한 분위기를 제공합니다.""]",OK,bkeel_count=3,1.0,"[{""keyword"": ""빵이 맛있어요"", ""count"": 955}, {""keyword"": ""커피가 맛있어요"", ""count"": 211}, {""keyword"": ""친절해요"", ""count"": 186}, {""keyword"": ""특별한 메뉴가 있어요"", ""count"": 183}, {""keyword"": ""매장이 청결해요"", ""count"": 129}]",OK,keyword_count=5 total=1,https://search.pstatic.net/common/?autoRotate=true&type=w560_sharpen&src=https%3A%2F%2Fldb-phinf.pstatic.net%2F20190124_112%2F15482958891639Od3p_JPEG%2FzqxeT41EpFP5Ypr70-r8mMyl.jpeg.jpg,OK,"hit=a#_autoPlayable img
src_len=185",일 09:00 - 21:00 | 월 09:00 - 21:00 | 화 09:00 - 21:00 | 수 09:00 - 21:00 | 목 09:00 - 21:00 | 금 09:00 - 21:00 | 토 09:00 - 21:00,OK,"hit=hours_toggle
aria_before=false
aria_after=true
w9QyJ_count=8
detail_lines=7",0,0,OK,"more_clicks=3
li_count=68
picked_img_count=5",68,"[{""idx"": 0, ""name"": ""[행시 추천] 고메 앙 버터"", ""price"": ""7,000원"", ""img_url"": ""https://search.pstatic.net/common/?autoRotate=true&quality=95&type=f320_320&src=http%3A%2F%2Fimagefarm.baemin.com%2Fsmartmenuimage%2Fupload%2Fimage%2F2021%2F1%2F11%2FQqygTsuRS5HHIhg4GI8csahCxtnR4QoAELkiwSoW7Ls7Ems7RkLLFMF41pd_jk-I.jpg""}, {""idx"": 1, ""name"": ""[행시 추천] 갈릭바게트"", ""price"": ""7,500원"", ""img_url"": ""https://search.pstatic.net/common/?autoRotate=true&quality=95&type=f320_320&src=http%3A%2F%2Fimagefarm.baemin.com%2Fsmartmenuimage%2Fupload%2Fimage%2F2021%2F1%2F11%2FQqygTsuRS5HHIhg4GI8cse8ciq5G_U86vAttsfnMPIBya0cIvMTmHtM9lX2e4oTL.jpg""}, {""idx"": 2, ""name"": ""[행시 추천] 치아바타&스파이시"", ""price"": ""6,100원"", ""img_url"": ""https://search.pstatic.net/common/?autoRotate=true&quality=95&type=f320_320&src=http%3A%2F%2Fimagefarm.baemin.com%2Fsmartmenuimage%2Fupload%2Fimage%2F2023%2F4%2F11%2FrM_YY2SDzlt8fAQxc3QlBN3-hhr1lXQeSZdfSIT_meab4mDrUwnvuvwIFsGGWVwb.jpg""}, {""idx"": 3, ""name"": ""수제쿠키선물세트"", ""price"": ""27,000원"", ""img_url"": ""https://search.pstatic.net/common/?autoRotate=true&quality=95&type=f320_320&src=http%3A%2F%2Fimagefarm.baemin.com%2Fsmartmenuimage%2Fupload%2Fimage%2F2022%2F1%2F26%2FJRNhwafldRVFjq-Lg-TzgwZ_WaijfIRVeTG0eQc2Xak%3D.jpg""}, {""idx"": 4, ""name"": ""파네토네 ( half )"", ""price"": ""12,000원"", ""img_url"": ""https://search.pstatic.net/common/?autoRotate=true&quality=95&type=f320_320&src=http%3A%2F%2Fimagefarm.baemin.com%2Fsmartmenuimage%2Fupload%2Fimage%2F2021%2F1%2F28%2FwJ98c5oEVu9wD2YDDG-4UrP7NBtmeTXpuLFnIzu3ssM%3D.jpg""}, {""idx"": 5, ""name"": ""시골빵"", ""price"": ""6,400원"", ""img_url"": """"}, {""idx"": 6, ""name"": ""후까깜빠뉴"", ""price"": ""7,500원"", ""img_url"": """"}, {""idx"": 7, ""name"": ""호두쫀득빵"", ""price"": ""6,400원"", ""img_url"": """"}, {""idx"": 8, ""name"": ""후르츠브레드"", ""price"": ""6,000원"", ""img_url"": """"}, {""idx"": 9, ""name"": ""[행시 추천] 갈릭바게트"", ""price"": ""7,500원"", ""img_url"": ""https://search.pstatic.net/common/?autoRotate=true&quality=95&type=f320_320&src=http%3A%2F%2Fimagefarm.baemin.com%2Fsmartmenuimage%2Fupload%2Fimage%2F2021%2F1%2F11%2FQqygTsuRS5HHIhg4GI8cse8ciq5G_U86vAttsfnMPIBya0cIvMTmHtM9lX2e4oTL.jpg""}, {""idx"": 10, ""name"": ""몽블랑"", ""price"": ""7,500원"", ""img_url"": ""https://search.pstatic.net/common/?autoRotate=true&quality=95&type=f320_320&src=http%3A%2F%2Fimagefarm.baemin.com%2Fsmartmenuimage%2Fupload%2Fimage%2F2021%2F1%2F11%2FQqygTsuRS5HHIhg4GI8cscl-qO3dhzDORsR95VEpvRwks2lglQNy7Jdaw885_W6E.jpg""}, {""idx"": 11, ""name"": ""[행시 추천] 고메 앙 버터"", ""price"": ""7,000원"", ""img_url"": ""https://search.pstatic.net/common/?autoRotate=true&quality=95&type=f320_320&src=http%3A%2F%2Fimagefarm.baemin.com%2Fsmartmenuimage%2Fupload%2Fimage%2F2021%2F1%2F11%2FQqygTsuRS5HHIhg4GI8csahCxtnR4QoAELkiwSoW7Ls7Ems7RkLLFMF41pd_jk-I.jpg""}, {""idx"": 12, ""name"": ""쌀카스테라"", ""price"": ""8,000원"", ""img_url"": ""https://search.pstatic.net/common/?autoRotate=true&quality=95&type=f320_320&src=http%3A%2F%2Fimagefarm.baemin.com%2Fsmartmenuimage%2Fupload%2Fimage%2F2021%2F1%2F27%2FHBwZU9slNAdK5jQx_NOL1AStwRG4rgtyZ6n05Un8tck%3D.jpg""}, {""idx"": 13, ""name"": ""공주밤빵"", ""price"": ""6,800원"", ""img_url"": ""https://search.pstatic.net/common/?autoRotate=true&quality=95&type=f320_320&src=http%3A%2F%2Fimagefarm.baemin.com%2Fsmartmenuimage%2Fupload%2Fimage%2F2023%2F4%2F13%2FN4wtfkc3-oIHdzz8mhsaAqnKZ6b8DcNQ2OdiRYbQM8OZnuMU_uESybgaCmetLRAk.jpg""}, {""idx"": 14, ""name"": ""쌀팥빵"", ""price"": ""3,000원"", ""img_url"": """"}, {""idx"": 15, ""name"": ""단호박 파운드"", ""price"": ""8,500원"", ""img_url"": ""https://search.pstatic.net/common/?autoRotate=true&quality=95&type=f320_320&src=http%3A%2F%2Fimagefarm.baemin.com%2Fsmartmenuimage%2Fupload%2Fimage%2F2021%2F1%2F14%2F5foMyAxjTzhdDCpeLL4IfPh3VYpj94_Ejg-UYNG7CWs%3D.jpg""}, {""idx"": 16, ""name"": ""초코칩스콘"", ""price"": ""4,400원"", ""img_url"": """"}, {""idx"": 17, ""name"": ""블루베리스콘"", ""price"": ""4,400원"", ""img_url"": """"}, {""idx"": 18, ""name"": ""오곡 브레드"", ""price"": ""7,000원"", ""img_url"": ""https://search.pstatic.net/common/?autoRotate=true&quality=95&type=f320_320&src=http%3A%2F%2Fimagefarm.baemin.com%2Fsmartmenuimage%2Fupload%2Fimage%2F2021%2F1%2F25%2FFW4DR3w43RjtKFc_M8u_OrJ2p1R6_Uf15MMEakGk_Hk%3D.jpg""}, {""idx"": 19, ""name"": ""시오빵(소금빵)"", ""price"": ""3,000원"", ""img_url"": ""https://search.pstatic.net/common/?autoRotate=true&quality=95&type=f320_320&src=http%3A%2F%2Fimagefarm.baemin.com%2Fsmartmenuimage%2Fupload%2Fimage%2F2021%2F2%2F18%2FGE_09GCxyw0BF-0c6PbJrjSWpiIlMCfx5OcsSFgLRuM%3D.jpg""}, {""idx"": 20, ""name"": ""아몬드소보로빵"", ""price"": ""4,500원"", ""img_url"": ""https://search.pstatic.net/common/?autoRotate=true&quality=95&type=f320_320&src=http%3A%2F%2Fimagefarm.baemin.com%2Fsmartmenuimage%2Fupload%2Fimage%2F2021%2F1%2F25%2FnKk9L1oNKuLhm3JLf6eWIRcCzmCw2ai57EPxmDuc0H0%3D.jpg""}, {""idx"": 21, ""name"": ""마시멜로쇼콜라"", ""price"": ""5,300원"", ""img_url"": ""https://search.pstatic.net/common/?autoRotate=true&quality=95&type=f320_320&src=http%3A%2F%2Fimagefarm.baemin.com%2Fsmartmenuimage%2Fupload%2Fimage%2F2025%2F5%2F28%2F5aZF6c79cDhwzIvJUyq5R03N3lqxlp60DfJXQLDK2BzTCqXL6fBo9vVNNypnBoXIK3P-ereRFSweTklKTEdIPw%3D%3D.jpg""}, {""idx"": 22, ""name"": ""망고밭"", ""price"": ""7,500원"", ""img_url"": """"}, {""idx"": 23, ""name"": ""호두파운드"", ""price"": ""6,300원"", ""img_url"": ""https://search.pstatic.net/common/?autoRotate=true&quality=95&type=f320_320&src=http%3A%2F%2Fimagefarm.baemin.com%2Fsmartmenuimage%2Fupload%2Fimage%2F2022%2F10%2F27%2Fc0mV2L7z5fauWT_2i4X1SStfSKhxIeMMSqW9R3lvFOA%3D.jpg""}, {""idx"": 24, ""name"": ""구리볼"", ""price"": ""6,000원"", ""img_url"": ""https://search.pstatic.net/common/?autoRotate=true&quality=95&type=f320_320&src=http%3A%2F%2Fimagefarm.baemin.com%2Fsmartmenuimage%2Fupload%2Fimage%2F2021%2F4%2F19%2F1cZgChxCrV_3WbRDHQnmj47lrYcVkQWGk5FbzxrZ2a8%3D.jpg""}, {""idx"": 25, ""name"": ""크로와상"", ""price"": ""3,700원"", ""img_url"": """"}, {""idx"": 26, ""name"": ""달토기빵(1개)"", ""price"": ""2,300원"", ""img_url"": """"}, {""idx"": 27, ""name"": ""달토기빵(10개(세트))"", ""price"": ""18,400원"", ""img_url"": """"}, {""idx"": 28, ""name"": ""모카크림빵"", ""price"": ""6,300원"", ""img_url"": """"}, {""idx"": 29, ""name"": ""생크림크로와상"", ""price"": ""7,000원"", ""img_url"": """"}, {""idx"": 30, ""name"": ""티라미슈 사각"", ""price"": ""12,000원"", ""img_url"": ""https://search.pstatic.net/common/?autoRotate=true&quality=95&type=f320_320&src=http%3A%2F%2Fimagefarm.baemin.com%2Fsmartmenuimage%2Fupload%2Fimage%2F2021%2F1%2F27%2FbnIof0CNEFZmnHGNzphPGFD9Vo3zKMWB2nRTwDhaD8A%3D.jpg""}, {""idx"": 31, ""name"": ""바스크치즈케이크"", ""price"": ""12,000원"", ""img_url"": ""https://search.pstatic.net/common/?autoRotate=true&quality=95&type=f320_320&src=http%3A%2F%2Fimagefarm.baemin.com%2Fsmartmenuimage%2Fupload%2Fimage%2F2023%2F4%2F13%2F4SLjLOP3-p-paveYucVxPBzulUK7oBhj9Kqlz1v5AvS2QWWpHwL7jS7xpKmfQuGc.jpg""}, {""idx"": 32, ""name"": ""아몬드러스크"", ""price"": ""8,000원"", ""img_url"": """"}, {""idx"": 33, ""name"": ""[행시 추천] 치아바타&스파이시"", ""price"": ""6,100원"", ""img_url"": ""https://search.pstatic.net/common/?autoRotate=true&quality=95&type=f320_320&src=http%3A%2F%2Fimagefarm.baemin.com%2Fsmartmenuimage%2Fupload%2Fimage%2F2023%2F4%2F11%2FrM_YY2SDzlt8fAQxc3QlBN3-hhr1lXQeSZdfSIT_meab4mDrUwnvuvwIFsGGWVwb.jpg""}, {""idx"": 34, ""name"": ""바게트샌드위치"", ""price"": ""8,000원"", ""img_url"": ""https://search.pstatic.net/common/?autoRotate=true&quality=95&type=f320_320&src=http%3A%2F%2Fimagefarm.baemin.com%2Fsmartmenuimage%2Fupload%2Fimage%2F2023%2F9%2F14%2FbH6bfnDrBeNdF1yrcRsgQZf07OO1eYB6ynx-KHp1FOYy9jGwwhRDZQ0gnrEGA82R.jpg""}, {""idx"": 35, ""name"": ""행운샌드위치"", ""price"": ""6,100원"", ""img_url"": ""https://search.pstatic.net/common/?autoRotate=true&quality=95&type=f320_320&src=http%3A%2F%2Fimagefarm.baemin.com%2Fsmartmenuimage%2Fupload%2Fimage%2F2025%2F11%2F27%2Ft2vtEgigsNK8cNbNUeYPfFFz5Kdv9YI9qQjUrTlph5qpv4cBjNYZ3_Zrz13MwmKdBh3o2ZZ_05M1p8kfPfrakg%3D%3D.jpg""}, {""idx"": 36, ""name"": ""통밀 식빵"", ""price"": ""6,700원"", ""img_url"": """"}, {""idx"": 37, ""name"": ""수제 아메리칸쿠키"", ""price"": ""4,300원"", ""img_url"": ""https://search.pstatic.net/common/?autoRotate=true&quality=95&type=f320_320&src=http%3A%2F%2Fimagefarm.baemin.com%2Fsmartmenuimage%2Fupload%2Fimage%2F2023%2F4%2F13%2F4SLjLOP3-p-paveYucVxPKylMQnL9FJsx2bB11LZVehXBhNyMYlWW6BoK8PwbMqh.jpg""}, {""idx"": 38, ""name"": ""수제쿠키선물세트"", ""price"": ""27,000원"", ""img_url"": ""https://search.pstatic.net/common/?autoRotate=true&quality=95&type=f320_320&src=http%3A%2F%2Fimagefarm.baemin.com%2Fsmartmenuimage%2Fupload%2Fimage%2F2022%2F1%2F26%2FJRNhwafldRVFjq-Lg-TzgwZ_WaijfIRVeTG0eQc2Xak%3D.jpg""}, {""idx"": 39, ""name"": ""수제쿠키(1통)"", ""price"": ""8,000원"", ""img_url"": ""https://search.pstatic.net/common/?autoRotate=true&quality=95&type=f320_320&src=http%3A%2F%2Fimagefarm.baemin.com%2Fsmartmenuimage%2Fupload%2Fimage%2F2021%2F6%2F14%2Fq9bV0w3lJRKUXuJoRCoSRUkJIImD2MNKbCY1vFZKB4Q%3D.jpg""}, {""idx"": 40, ""name"": ""수제초콜릿 4구(4구)"", ""price"": ""13,000원"", ""img_url"": ""https://search.pstatic.net/common/?autoRotate=true&quality=95&type=f320_320&src=http%3A%2F%2Fimagefarm.baemin.com%2Fsmartmenuimage%2Fupload%2Fimage%2F2021%2F1%2F22%2FNvSoUPIlntFZQtxCNFgA1fVZ3XMYYRDWyBKMoWqOdGk%3D.jpg""}, {""idx"": 41, ""name"": ""수제초콜릿 6구(6구)"", ""price"": ""18,000원"", ""img_url"": ""https://search.pstatic.net/common/?autoRotate=true&quality=95&type=f320_320&src=http%3A%2F%2Fimagefarm.baemin.com%2Fsmartmenuimage%2Fupload%2Fimage%2F2021%2F1%2F22%2F02wZR4ndZ7za8MjQtn_aaE7SpdytZ9dVnmnwj7zJoAA%3D.jpg""}, {""idx"": 42, ""name"": ""수제초콜릿 10구(10구)"", ""price"": ""28,000원"", ""img_url"": ""https://search.pstatic.net/common/?autoRotate=true&quality=95&type=f320_320&src=http%3A%2F%2Fimagefarm.baemin.com%2Fsmartmenuimage%2Fupload%2Fimage%2F2021%2F1%2F22%2FPL3AbcdJK41zVXHumpJvL1FYv68_E6cCvGZCFY_oi60%3D.jpg""}, {""idx"": 43, ""name"": ""수제초콜릿 20구(20구)"", ""price"": ""56,000원"", ""img_url"": ""https://search.pstatic.net/common/?autoRotate=true&quality=95&type=f320_320&src=http%3A%2F%2Fimagefarm.baemin.com%2Fsmartmenuimage%2Fupload%2Fimage%2F2021%2F1%2F28%2FqKiSBFj4ZcZl86134W5lJ2YnLzqmGFEqApEIGcF418Q%3D.jpg""}, {""idx"": 44, ""name"": ""수제 마카롱(1개)"", ""price"": ""2,500원"", ""img_url"": ""https://search.pstatic.net/common/?autoRotate=true&quality=95&type=f320_320&src=http%3A%2F%2Fimagefarm.baemin.com%2Fsmartmenuimage%2Fupload%2Fimage%2F2021%2F1%2F25%2Fvj9WrsKONgxSR1-YxH-HiAu21NfSspbH5I3RLJ_5I5M%3D.jpg""}, {""idx"": 45, ""name"": ""마카롱세트(8개)"", ""price"": ""20,000원"", ""img_url"": ""https://search.pstatic.net/common/?autoRotate=true&quality=95&type=f320_320&src=http%3A%2F%2Fimagefarm.baemin.com%2Fsmartmenuimage%2Fupload%2Fimage%2F2021%2F1%2F22%2F_IQjMMwMdC22CoPJEDIzBgfKyE6oAbE4Ofy5DD_sGPMGmbkTvIkeIDMLfAkESFP4.jpg""}, {""idx"": 46, ""name"": ""머랭쿠키"", ""price"": ""7,000원"", ""img_url"": ""https://search.pstatic.net/common/?autoRotate=true&quality=95&type=f320_320&src=http%3A%2F%2Fimagefarm.baemin.com%2Fsmartmenuimage%2Fupload%2Fimage%2F2021%2F3%2F11%2FYHX2yh9LyDt9dtNcvpkLJyhj1Ea3bofYgncBTK4LkDs%3D.jpg""}, {""idx"": 47, ""name"": ""아메리카노 HOT"", ""price"": ""4,500원"", ""img_url"": """"}, {""idx"": 48, ""name"": ""아메리카노 ICE"", ""price"": ""4,500원"", ""img_url"": """"}, {""idx"": 49, ""name"": ""카페라떼HOT"", ""price"": ""5,500원"", ""img_url"": """"}, {""idx"": 50, ""name"": ""카페라떼 ICE"", ""price"": ""5,500원"", ""img_url"": """"}, {""idx"": 51, ""name"": ""바닐라라떼 HOT"", ""price"": ""5,800원"", ""img_url"": """"}, {""idx"": 52, ""name"": ""바닐라 라떼 ICE"", ""price"": ""5,800원"", ""img_url"": """"}, {""idx"": 53, ""name"": ""고구마라떼 HOT"", ""price"": ""5,500원"", ""img_url"": """"}, {""idx"": 54, ""name"": ""고구마라떼 ICE"", ""price"": ""5,500원"", ""img_url"": """"}, {""idx"": 55, ""name"": ""초코라떼 HOT"", ""price"": ""5,500원"", ""img_url"": """"}, {""idx"": 56, ""name"": ""초코라떼 ICE"", ""price"": ""5,500원"", ""img_url"": """"}, {""idx"": 57, ""name"": ""녹차라떼 HOT"", ""price"": ""5,500원"", ""img_url"": """"}, {""idx"": 58, ""name"": ""녹차라떼ICE"", ""price"": ""5,500원"", ""img_url"": """"}, {""idx"": 59, ""name"": ""생레몬에이드"", ""price"": ""7,000원"", ""img_url"": """"}, {""idx"": 60, ""name"": ""키위주스"", ""price"": ""6,500원"", ""img_url"": """"}, {""idx"": 61, ""name"": ""바나나주스"", ""price"": ""6,500원"", ""img_url"": """"}, {""idx"": 62, ""name"": ""복숭아아이스티"", ""price"": ""4,000원"", ""img_url"": """"}, {""idx"": 63, ""name"": ""플레인요거트쉐이크"", ""price"": ""6,300원"", ""img_url"": """"}, {""idx"": 64, ""name"": ""딸기요거트쉐이크"", ""price"": ""6,300원"", ""img_url"": """"}, {""idx"": 65, ""name"": ""블루베리요거트쉐이크"", ""price"": ""6,300원"", ""img_url"": """"}, {""idx"": 66, ""name"": ""망고스무디"", ""price"": ""6,300원"", ""img_url"": """"}, {""idx"": 67, ""name"": ""유자스무디"", ""price"": ""6,300원"", ""img_url"": """"}]","[""https://search.pstatic.net/common/?autoRotate=true&quality=95&type=f320_320&src=http%3A%2F%2Fimagefarm.baemin.com%2Fsmartmenuimage%2Fupload%2Fimage%2F2021%2F2%2F18%2FGE_09GCxyw0BF-0c6PbJrjSWpiIlMCfx5OcsSFgLRuM%3D.jpg"", ""https://search.pstatic.net/common/?autoRotate=true&quality=95&type=f320_320&src=http%3A%2F%2Fimagefarm.baemin.com%2Fsmartmenuimage%2Fupload%2Fimage%2F2023%2F4%2F13%2FN4wtfkc3-oIHdzz8mhsaAqnKZ6b8DcNQ2OdiRYbQM8OZnuMU_uESybgaCmetLRAk.jpg"", ""https://search.pstatic.net/common/?autoRotate=true&quality=95&type=f320_320&src=http%3A%2F%2Fimagefarm.baemin.com%2Fsmartmenuimage%2Fupload%2Fimage%2F2021%2F1%2F25%2FnKk9L1oNKuLhm3JLf6eWIRcCzmCw2ai57EPxmDuc0H0%3D.jpg"", ""https://search.pstatic.net/common/?autoRotate=true&quality=95&type=f320_320&src=http%3A%2F%2Fimagefarm.baemin.com%2Fsmartmenuimage%2Fupload%2Fimage%2F2021%2F1%2F11%2FQqygTsuRS5HHIhg4GI8csahCxtnR4QoAELkiwSoW7Ls7Ems7RkLLFMF41pd_jk-I.jpg"", ""https://search.pstatic.net/common/?autoRotate=true&quality=95&type=f320_320&src=http%3A%2F%2Fimagefarm.baemin.com%2Fsmartmenuimage%2Fupload%2Fimage%2F2021%2F1%2F11%2FQqygTsuRS5HHIhg4GI8cse8ciq5G_U86vAttsfnMPIBya0cIvMTmHtM9lX2e4oTL.jpg""]",2
saltbread,daegu,대구 설화명곡역 소금빵,스테이블모먼트 화원점,대구광역시 달성군 화원읍 비슬로 2614-9 스테이블 모먼트,대구광역시 달성군 화원읍 천내리 460-5 스테이블 모먼트,,https://www.instagram.com/stable_moment03,"음식점>카페,디저트",1285028627,358044842,128.5028627,35.8044842,,1377668841.0,SID_OK_AUTO_DETAIL,대구 스테이블모먼트 화원점,OK,0507-1375-6996,OK,"[""스테이블모먼트 화원점은 대구 화원역 근처에 위치한 넓은 대형 카페입니다."", ""반려동물 실내 동반 가능하며, 아기의자 구비 및 키즈존 운영으로 가족 단위 방문객에게 적합합니다."", ""아메리카노는 원두 타입 선택이 가능하며, 시그니처 풀 스테이블 플레이트와 아몬드크림라떼(우유 미포함)가 인기 메뉴입니다.""]",OK,bkeel_count=3,2.0,"[{""keyword"": ""디저트가 맛있어요"", ""count"": 1152}, {""keyword"": ""커피가 맛있어요"", ""count"": 959}, {""keyword"": ""인테리어가 멋져요"", ""count"": 757}, {""keyword"": ""음료가 맛있어요"", ""count"": 388}, {""keyword"": ""뷰가 좋아요"", ""count"": 327}]",OK,keyword_count=5 total=2,https://search.pstatic.net/common/?autoRotate=true&type=w560_sharpen&src=https%3A%2F%2Fldb-phinf.pstatic.net%2F20220823_229%2F1661182880326uJMVO_JPEG%2F987AF4BE-3A1C-40AE-99A2-A760B9334E62.jpeg,OK,"hit=a#_autoPlayable img
src_len=193",매일 10:00 - 22:30,OK,"hit=hours_toggle
aria_before=false
aria_after=true
w9QyJ_count=2
detail_lines=1",0,0,OK,"more_clicks=1
li_count=24
picked_img_count=5",24,"[{""idx"": 0, ""name"": ""아메리카노(원두타입선택가능)"", ""price"": ""5,800원"", ""img_url"": ""https://search.pstatic.net/common/?autoRotate=true&quality=95&type=f320_320&src=https%3A%2F%2Fldb-phinf.pstatic.net%2F20230810_236%2F1691659361982hidCR_JPEG%2FIMG_4845.jpeg""}, {""idx"": 1, ""name"": ""아몬드크림라떼(우유가 안들어가요)"", ""price"": ""6,800원"", ""img_url"": ""https://search.pstatic.net/common/?autoRotate=true&quality=95&type=f320_320&src=https%3A%2F%2Fldb-phinf.pstatic.net%2F20221014_232%2F1665728466001ECk9J_JPEG%2F00DAFEFF-8C14-4BA4-BF5F-1C961B4F5BFB.jpeg""}, {""idx"": 2, ""name"": ""크림카푸치노"", ""price"": ""6,800원"", ""img_url"": ""https://search.pstatic.net/common/?autoRotate=true&quality=95&type=f320_320&src=https%3A%2F%2Fldb-phinf.pstatic.net%2F20240621_299%2F1718960103918ef1zk_JPEG%2FKakaoTalk_20240621_175438005.jpg""}, {""idx"": 3, ""name"": ""[시그니처] 풀 스테이블 플레이트"", ""price"": ""21,500원"", ""img_url"": ""https://search.pstatic.net/common/?autoRotate=true&quality=95&type=f320_320&src=https%3A%2F%2Fldb-phinf.pstatic.net%2F20241101_165%2F1730421625488bUNwR_JPEG%2FKakaoTalk_20241101_093940328_05.jpg""}, {""idx"": 4, ""name"": ""오일 파스타(알리오올리오)"", ""price"": ""18,500원"", ""img_url"": ""https://search.pstatic.net/common/?autoRotate=true&quality=95&type=f320_320&src=https%3A%2F%2Fldb-phinf.pstatic.net%2F20241101_131%2F1730421638560rqqQz_JPEG%2FKakaoTalk_20241101_093940328_01.jpg""}, {""idx"": 5, ""name"": ""투움바 파스타(약간매콤해요)"", ""price"": ""18,500원"", ""img_url"": ""https://search.pstatic.net/common/?autoRotate=true&quality=95&type=f320_320&src=https%3A%2F%2Fldb-phinf.pstatic.net%2F20241101_144%2F1730421649147kT3jo_JPEG%2FKakaoTalk_20241101_093940328.jpg""}, {""idx"": 6, ""name"": ""샐러드 파스타(냉파스타)"", ""price"": ""16,500원"", ""img_url"": ""https://search.pstatic.net/common/?autoRotate=true&quality=95&type=f320_320&src=https%3A%2F%2Fldb-phinf.pstatic.net%2F20241101_38%2F1730421659801ogL79_JPEG%2FKakaoTalk_20241101_093940328_02.jpg""}, {""idx"": 7, ""name"": ""에그 인 헬(샥슈카/토마토스튜)"", ""price"": ""18,500원"", ""img_url"": ""https://search.pstatic.net/common/?autoRotate=true&quality=95&type=f320_320&src=https%3A%2F%2Fldb-phinf.pstatic.net%2F20241101_228%2F17304216720378TlJ3_JPEG%2FKakaoTalk_20241101_093940328_03.jpg""}, {""idx"": 8, ""name"": ""버섯 스프(양송이,표고버섯스프)"", ""price"": ""11,500원"", ""img_url"": ""https://search.pstatic.net/common/?autoRotate=true&quality=95&type=f320_320&src=https%3A%2F%2Fldb-phinf.pstatic.net%2F20241101_176%2F1730421683052cDAIN_JPEG%2FKakaoTalk_20241101_093940328_04.jpg""}, {""idx"": 9, ""name"": ""에스프레소"", ""price"": ""5,500원"", ""img_url"": """"}, {""idx"": 10, ""name"": ""크림 에스프레소"", ""price"": ""6,000원"", ""img_url"": """"}, {""idx"": 11, ""name"": ""카페라떼"", ""price"": ""6,500원"", ""img_url"": ""https://search.pstatic.net/common/?autoRotate=true&quality=95&type=f320_320&src=https%3A%2F%2Fldb-phinf.pstatic.net%2F20230810_90%2F1691659779406nGeDB_JPEG%2FIMG_4847.jpeg""}, {""idx"": 12, ""name"": ""수제 바닐라빈 라떼"", ""price"": ""7,000원"", ""img_url"": ""https://search.pstatic.net/common/?autoRotate=true&quality=95&type=f320_320&src=https%3A%2F%2Fldb-phinf.pstatic.net%2F20230810_7%2F16916598158259ofGD_JPEG%2FIMG_4847.jpeg""}, {""idx"": 13, ""name"": ""플랫화이트"", ""price"": ""6,500원"", ""img_url"": ""https://search.pstatic.net/common/?autoRotate=true&quality=95&type=f320_320&src=https%3A%2F%2Fldb-phinf.pstatic.net%2F20230726_184%2F1690333883114P9VqA_PNG%2FIMG_4658.png""}, {""idx"": 14, ""name"": ""생과일주스"", ""price"": ""7,800원"", ""img_url"": ""https://search.pstatic.net/common/?autoRotate=true&quality=95&type=f320_320&src=https%3A%2F%2Fldb-phinf.pstatic.net%2F20230810_297%2F1691659978261uNhWF_PNG%2FIMG_4849.png""}, {""idx"": 15, ""name"": ""오미자 에이드"", ""price"": ""7,500원"", ""img_url"": """"}, {""idx"": 16, ""name"": ""파나마 게이샤"", ""price"": ""18,000원"", ""img_url"": ""https://search.pstatic.net/common/?autoRotate=true&quality=95&type=f320_320&src=https%3A%2F%2Fldb-phinf.pstatic.net%2F20240625_158%2F1719302380317LN3CG_JPEG%2F%25C6%25C4%25B3%25AA%25B8%25B6-%25B0%25D4%25C0%25CC%25BB%25FE.jpg""}, {""idx"": 17, ""name"": ""과테말라 게이샤"", ""price"": ""9,800원"", ""img_url"": ""https://search.pstatic.net/common/?autoRotate=true&quality=95&type=f320_320&src=https%3A%2F%2Fldb-phinf.pstatic.net%2F20241218_33%2F1734488439044dlpt6_JPEG%2FKakaoTalk_20241210_170930518.jpg""}, {""idx"": 18, ""name"": ""코스타리카 따라주"", ""price"": ""7,500원"", ""img_url"": ""https://search.pstatic.net/common/?autoRotate=true&quality=95&type=f320_320&src=https%3A%2F%2Fldb-phinf.pstatic.net%2F20240907_210%2F1725690498805IK4rR_PNG%2F%25B5%25FB%25B6%25F3%25C1%25D6.png""}, {""idx"": 19, ""name"": ""케냐 빌튼 냐가"", ""price"": ""7,500원"", ""img_url"": ""https://search.pstatic.net/common/?autoRotate=true&quality=95&type=f320_320&src=https%3A%2F%2Fldb-phinf.pstatic.net%2F20240907_105%2F1725690505049l2aCp_PNG%2F%25C4%25C9%25B3%25C4.png""}, {""idx"": 20, ""name"": ""과테말라 와이칸"", ""price"": ""7,500원"", ""img_url"": ""https://search.pstatic.net/common/?autoRotate=true&quality=95&type=f320_320&src=https%3A%2F%2Fldb-phinf.pstatic.net%2F20240625_150%2F1719302103334aqfq4_JPEG%2F%25B0%25FA%25C5%25D7%25B8%25BB%25B6%25F3_%25BF%25CD%25C0%25CC%25C4%25AD_page-0001.jpg""}, {""idx"": 21, ""name"": ""콜롬비아 디카페인"", ""price"": ""7,500원"", ""img_url"": ""https://search.pstatic.net/common/?autoRotate=true&quality=95&type=f320_320&src=https%3A%2F%2Fldb-phinf.pstatic.net%2F20240625_197%2F17193023976013PsRV_JPEG%2F%25C4%25DD%25B7%25D2%25BA%25F1%25BE%25C6-%25B5%25F0%25C4%25AB%25C6%25E4%25C0%25CE.jpg""}, {""idx"": 22, ""name"": ""베이커리-소금빵,크루아상,치아바타 등"", ""price"": ""변동"", ""img_url"": ""https://search.pstatic.net/common/?autoRotate=true&quality=95&type=f320_320&src=https%3A%2F%2Fldb-phinf.pstatic.net%2F20241122_112%2F1732266314246eVlBn_JPEG%2FKakaoTalk_20240429_122416118_05.jpg""}, {""idx"": 23, ""name"": ""조각케이크"", ""price"": ""변동"", ""img_url"": ""https://search.pstatic.net/common/?autoRotate=true&quality=95&type=f320_320&src=https%3A%2F%2Fldb-phinf.pstatic.net%2F20241122_64%2F17322663740024dz62_JPEG%2FKakaoTalk_20240429_122416118.jpg""}]","[""https://search.pstatic.net/common/?autoRotate=true&quality=95&type=f320_320&src=https%3A%2F%2Fldb-phinf.pstatic.net%2F20241122_112%2F1732266314246eVlBn_JPEG%2FKakaoTalk_20240429_122416118_05.jpg"", ""https://search.pstatic.net/common/?autoRotate=true&quality=95&type=f320_320&src=https%3A%2F%2Fldb-phinf.pstatic.net%2F20230810_236%2F1691659361982hidCR_JPEG%2FIMG_4845.jpeg"", ""https://search.pstatic.net/common/?autoRotate=true&quality=95&type=f320_320&src=https%3A%2F%2Fldb-phinf.pstatic.net%2F20221014_232%2F1665728466001ECk9J_JPEG%2F00DAFEFF-8C14-4BA4-BF5F-1C961B4F5BFB.jpeg"", ""https://search.pstatic.net/common/?autoRotate=true&quality=95&type=f320_320&src=https%3A%2F%2Fldb-phinf.pstatic.net%2F20240621_299%2F1718960103918ef1zk_JPEG%2FKakaoTalk_20240621_175438005.jpg"", ""https://search.pstatic.net/common/?autoRotate=true&quality=95&type=f320_320&src=https%3A%2F%2Fldb-phinf.pstatic.net%2F20241101_165%2F1730421625488bUNwR_JPEG%2FKakaoTalk_20241101_093940328_05.jpg""]",1
saltbread,daegu,대구 달성공원 소금빵,쉼과행복디저트카페,대구광역시 달성군 화원읍 성천로24길 12 1층 쉼과행복디저트카페,대구광역시 달성군 화원읍 천내리 103-1 1층 쉼과행복디저트카페,,https://www.instagram.com/,"음식점>카페,디저트",1284948299,358052954,128.4947437,35.8052769,,1705198320.0,SID_OK_AUTO_DETAIL,대구 쉼과행복디저트카페,OK,,PHONE_NOT_FOUND,[],AI_BRIEFING_NOT_FOUND,,25.0,"[{""keyword"": ""디저트가 맛있어요"", ""count"": 11}, {""keyword"": ""음료가 맛있어요"", ""count"": 7}, {""keyword"": ""친절해요"", ""count"": 6}, {""keyword"": ""커피가 맛있어요"", ""count"": 5}, {""keyword"": ""특별한 메뉴가 있어요"", ""count"": 5}]",OK,keyword_count=5 total=25,https://search.pstatic.net/common/?autoRotate=true&type=w560_sharpen&src=https%3A%2F%2Fldb-phinf.pstatic.net%2F20260107_208%2F17677559500416wh3N_JPEG%2F1000025100.jpg,OK,"hit=a#_autoPlayable img
src_len=166",월 10:00 - 23:00 | 화 10:00 - 23:00 | 수 10:00 - 23:00 | 목 10:00 - 23:00 | 금 10:00 - 23:00 | 토 10:00 - 23:00 | 일 정기휴무 (매주 일요일),OK,"hit=hours_toggle
aria_before=false
aria_after=true
w9QyJ_count=8
detail_lines=7",0,0,OK,"more_clicks=0
li_count=9
picked_img_count=5",9,"[{""idx"": 0, ""name"": ""소금빵"", ""price"": ""3,000원"", ""img_url"": ""https://search.pstatic.net/common/?autoRotate=true&quality=95&type=f320_320&src=https%3A%2F%2Fldb-phinf.pstatic.net%2F20250608_150%2F1749362057251AJVlT_JPEG%2F1000019066.jpg""}, {""idx"": 1, ""name"": ""머랭쿠키(저당)"", ""price"": ""6,000~12,000원"", ""img_url"": ""https://search.pstatic.net/common/?autoRotate=true&quality=95&type=f320_320&src=https%3A%2F%2Fldb-phinf.pstatic.net%2F20250505_2%2F1746418820419QLf6M_JPEG%2F1000012881.jpg""}, {""idx"": 2, ""name"": ""휘낭시에"", ""price"": ""2,000원"", ""img_url"": ""https://search.pstatic.net/common/?autoRotate=true&quality=95&type=f320_320&src=https%3A%2F%2Fldb-phinf.pstatic.net%2F20250720_95%2F1752944608984BYTfN_JPEG%2F1000020425.jpg""}, {""idx"": 3, ""name"": ""생크림카스테라빵"", ""price"": ""3,500원"", ""img_url"": ""https://search.pstatic.net/common/?autoRotate=true&quality=95&type=f320_320&src=https%3A%2F%2Fldb-phinf.pstatic.net%2F20250610_66%2F1749527798575y86IV_JPEG%2F1000019266.jpg""}, {""idx"": 4, ""name"": ""샌드위치 ㆍ 과일 ㆍ음료 단체도시락"", ""price"": ""변동"", ""img_url"": ""https://search.pstatic.net/common/?autoRotate=true&quality=95&type=f320_320&src=https%3A%2F%2Fldb-phinf.pstatic.net%2F20250506_52%2F1746498345033ErGNG_JPEG%2F1000018588.jpg""}, {""idx"": 5, ""name"": ""샌드위치"", ""price"": ""10,000원"", ""img_url"": ""https://search.pstatic.net/common/?autoRotate=true&quality=95&type=f320_320&src=https%3A%2F%2Fldb-phinf.pstatic.net%2F20250506_26%2F1746497642130oocJf_JPEG%2F1000017032.jpg""}, {""idx"": 6, ""name"": ""생과일케잌"", ""price"": ""변동"", ""img_url"": ""https://search.pstatic.net/common/?autoRotate=true&quality=95&type=f320_320&src=https%3A%2F%2Fldb-phinf.pstatic.net%2F20250505_28%2F1746419600783tykpV_JPEG%2F1000016995.jpg""}, {""idx"": 7, ""name"": ""우리밀5종쿠키박스"", ""price"": ""10,000원"", ""img_url"": ""https://search.pstatic.net/common/?autoRotate=true&quality=95&type=f320_320&src=https%3A%2F%2Fldb-phinf.pstatic.net%2F20250506_71%2F1746497734606R9jrY_JPEG%2F1000012790.jpg""}, {""idx"": 8, ""name"": ""오리지널호두, 초코피카, 로투스모어"", ""price"": ""4,000원"", ""img_url"": ""https://search.pstatic.net/common/?autoRotate=true&quality=95&type=f320_320&src=https%3A%2F%2Fldb-phinf.pstatic.net%2F20240122_1%2F1705902232350a8sUF_JPEG%2F20230831_190859.jpg""}]","[""https://search.pstatic.net/common/?autoRotate=true&quality=95&type=f320_320&src=https%3A%2F%2Fldb-phinf.pstatic.net%2F20250608_150%2F1749362057251AJVlT_JPEG%2F1000019066.jpg"", ""https://search.pstatic.net/common/?autoRotate=true&quality=95&type=f320_320&src=https%3A%2F%2Fldb-phinf.pstatic.net%2F20250610_66%2F1749527798575y86IV_JPEG%2F1000019266.jpg"", ""https://search.pstatic.net/common/?autoRotate=true&quality=95&type=f320_320&src=https%3A%2F%2Fldb-phinf.pstatic.net%2F20250505_2%2F1746418820419QLf6M_JPEG%2F1000012881.jpg"", ""https://search.pstatic.net/common/?autoRotate=true&quality=95&type=f320_320&src=https%3A%2F%2Fldb-phinf.pstatic.net%2F20250720_95%2F1752944608984BYTfN_JPEG%2F1000020425.jpg"", ""https://search.pstatic.net/common/?autoRotate=true&quality=95&type=f320_320&src=https%3A%2F%2Fldb-phinf.pstatic.net%2F20250506_52%2F1746498345033ErGNG_JPEG%2F1000018588.jpg""]",1
saltbread,daegu,대구 달서구 소금빵,우즈베이커리 대곡점,대구광역시 달서구 갈밭로 76 1.2층,대구광역시 달서구 대곡동 1056-1 1.2층,,http://www.wooz.kr/,"음식점>카페,디저트>베이커리",1285285011,358055987,128.5284701,35.8055942,,1461872505.0,SID_OK_AUTO_DETAIL,대구 우즈베이커리 대곡점,OK,053-634-9700,OK,[],AI_BRIEFING_NOT_FOUND,,3.0,"[{""keyword"": ""빵이 맛있어요"", ""count"": 1503}, {""keyword"": ""커피가 맛있어요"", ""count"": 825}, {""keyword"": ""인테리어가 멋져요"", ""count"": 620}, {""keyword"": ""주차하기 편해요"", ""count"": 504}, {""keyword"": ""음료가 맛있어요"", ""count"": 373}]",OK,keyword_count=5 total=3,https://search.pstatic.net/common/?autoRotate=true&type=w560_sharpen&src=https%3A%2F%2Fldb-phinf.pstatic.net%2F20250214_281%2F1739534221965fHSOT_JPEG%2F1000183436.jpg,OK,"hit=a#_autoPlayable img
src_len=166",월 09:00 - 22:00 | 화 09:00 - 22:00 | 수 09:00 - 22:00 | 목 09:00 - 22:00 | 금 09:00 - 22:00 | 토 09:00 - 22:00 | 일 09:00 - 22:00,OK,"hit=hours_toggle
aria_before=false
aria_after=true
w9QyJ_count=8
detail_lines=7",0,0,OK,"more_clicks=1
li_count=19
picked_img_count=5",19,"[{""idx"": 0, ""name"": ""블렌딩 설명"", ""price"": ""변동"", ""img_url"": ""https://search.pstatic.net/common/?autoRotate=true&quality=95&type=f320_320&src=https%3A%2F%2Fldb-phinf.pstatic.net%2F20251020_221%2F17609418092175hK52_JPEG%2Fblending_dark_light.jpg""}, {""idx"": 1, ""name"": ""Americano"", ""price"": ""4,800원"", ""img_url"": ""https://search.pstatic.net/common/?autoRotate=true&quality=95&type=f320_320&src=https%3A%2F%2Fldb-phinf.pstatic.net%2F20211026_167%2F16352101214809MoIu_JPEG%2FVneuyxtjLRiHLNcBaaQzw1-E.jpg""}, {""idx"": 2, ""name"": ""알리오 올리오"", ""price"": ""12,900원"", ""img_url"": ""https://search.pstatic.net/common/?autoRotate=true&quality=95&type=f320_320&src=https%3A%2F%2Fldb-phinf.pstatic.net%2F20250224_125%2F1740373480535vFuqI_JPEG%2F%25BA%25EA%25B7%25B1%25C4%25A1_AO.jpg""}, {""idx"": 3, ""name"": ""쌀 카스테라"", ""price"": ""7,500원"", ""img_url"": ""https://search.pstatic.net/common/?autoRotate=true&quality=95&type=f320_320&src=https%3A%2F%2Fldb-phinf.pstatic.net%2F20251020_155%2F1760941655354PcVF8_PNG%2F%25BD%25D2_%25C4%25AB%25BD%25BA%25C5%25D7%25B6%25F3_wooz.png""}, {""idx"": 4, ""name"": ""뱅쇼"", ""price"": ""7,500원"", ""img_url"": ""https://search.pstatic.net/common/?autoRotate=true&quality=95&type=f320_320&src=https%3A%2F%2Fldb-phinf.pstatic.net%2F20251020_42%2F17609415435199Ii0B_PNG%2F%25B9%25F0%25BC%25EE_wooz.png""}, {""idx"": 5, ""name"": ""브런치 플레이트"", ""price"": ""15,900원"", ""img_url"": ""https://search.pstatic.net/common/?autoRotate=true&quality=95&type=f320_320&src=https%3A%2F%2Fldb-phinf.pstatic.net%2F20250524_20%2F1748064358788kyDSl_PNG%2F%25BA%25EA%25B7%25B1%25C4%25A1_%25C7%25C3%25B7%25B9%25C0%25CC%25C6%25AE_15900.png""}, {""idx"": 6, ""name"": ""샥슈카"", ""price"": ""14,900원"", ""img_url"": ""https://search.pstatic.net/common/?autoRotate=true&quality=95&type=f320_320&src=https%3A%2F%2Fldb-phinf.pstatic.net%2F20250224_220%2F1740373801631dvEFi_JPEG%2F%25BA%25EA%25B7%25B1%25C4%25A1_SK.jpg""}, {""idx"": 7, ""name"": ""크로아상"", ""price"": ""4,200원"", ""img_url"": ""https://search.pstatic.net/common/?autoRotate=true&quality=95&type=f320_320&src=https%3A%2F%2Fldb-phinf.pstatic.net%2F20250213_217%2F1739441529805Elz2f_JPEG%2F%25C5%25A9%25B7%25CE%25BE%25C6%25BB%25F3_4000.jpg""}, {""idx"": 8, ""name"": ""아몬드 크로아상"", ""price"": ""4,700원"", ""img_url"": ""https://search.pstatic.net/common/?autoRotate=true&quality=95&type=f320_320&src=https%3A%2F%2Fldb-phinf.pstatic.net%2F20250213_197%2F1739441676762AKOlc_JPEG%2F%25BE%25C6%25B8%25F3%25B5%25E5%25C5%25A9%25B7%25CE_4500.jpg""}, {""idx"": 9, ""name"": ""쇼콜라 크로아상"", ""price"": ""5,000원"", ""img_url"": ""https://search.pstatic.net/common/?autoRotate=true&quality=95&type=f320_320&src=https%3A%2F%2Fldb-phinf.pstatic.net%2F20250213_4%2F1739441797080urBzu_JPEG%2F%25BC%25EE%25C4%25DD%25C5%25A9%25B7%25CE_5000.jpg""}, {""idx"": 10, ""name"": ""소금빵"", ""price"": ""3,500원"", ""img_url"": ""https://search.pstatic.net/common/?autoRotate=true&quality=95&type=f320_320&src=https%3A%2F%2Fldb-phinf.pstatic.net%2F20250214_61%2F1739518283515s6AVJ_JPEG%2F%25BC%25D2%25B1%25DD%25BB%25A7_3500.jpg""}, {""idx"": 11, ""name"": ""우즈 몽블랑"", ""price"": ""6,900원"", ""img_url"": ""https://search.pstatic.net/common/?autoRotate=true&quality=95&type=f320_320&src=https%3A%2F%2Fldb-phinf.pstatic.net%2F20250213_76%2F1739439755515aRm3E_JPEG%2F%25B8%25F9%25BA%25ED%25B6%25FB_7000.jpg""}, {""idx"": 12, ""name"": ""매운 세블럭"", ""price"": ""6,000원"", ""img_url"": ""https://search.pstatic.net/common/?autoRotate=true&quality=95&type=f320_320&src=https%3A%2F%2Fldb-phinf.pstatic.net%2F20250213_174%2F1739440743164wWVTA_JPEG%2F%25B8%25C5%25BF%25EE%25BC%25BC%25BA%25ED%25B7%25B0_6000.jpg""}, {""idx"": 13, ""name"": ""우즈치즈번"", ""price"": ""6,000원"", ""img_url"": ""https://search.pstatic.net/common/?autoRotate=true&quality=95&type=f320_320&src=https%3A%2F%2Fldb-phinf.pstatic.net%2F20250214_210%2F1739518591483IX09E_JPEG%2F%25C4%25A1%25C1%25EE%25B9%25F8_7000.jpg""}, {""idx"": 14, ""name"": ""크로아상 샌드위치"", ""price"": ""7,000원"", ""img_url"": ""https://search.pstatic.net/common/?autoRotate=true&quality=95&type=f320_320&src=https%3A%2F%2Fldb-phinf.pstatic.net%2F20250213_179%2F1739442140775Gk46t_JPEG%2F%25C5%25A9%25B7%25CE%25BB%25F7%25B5%25E5_7000.jpg""}, {""idx"": 15, ""name"": ""밤식빵"", ""price"": ""6,000원"", ""img_url"": ""https://search.pstatic.net/common/?autoRotate=true&quality=95&type=f320_320&src=https%3A%2F%2Fldb-phinf.pstatic.net%2F20250214_273%2F1739520129423c14d7_JPEG%2F%25B9%25E3%25BD%25C4%25BB%25A7_6000.jpg""}, {""idx"": 16, ""name"": ""우즈 맘모스"", ""price"": ""7,500원"", ""img_url"": ""https://search.pstatic.net/common/?autoRotate=true&quality=95&type=f320_320&src=https%3A%2F%2Fldb-phinf.pstatic.net%2F20250213_26%2F1739439928630WapPk_JPEG%2F%25B8%25BE%25B8%25F0%25BD%25BA_7500.jpg""}, {""idx"": 17, ""name"": ""허니 브레드"", ""price"": ""5,500원"", ""img_url"": ""https://search.pstatic.net/common/?autoRotate=true&quality=95&type=f320_320&src=https%3A%2F%2Fldb-phinf.pstatic.net%2F20250214_222%2F1739519757639k90OY_JPEG%2F%25C7%25E3%25B4%25CF%25BA%25EA%25B7%25B9%25B5%25E5_5500.jpg""}, {""idx"": 18, ""name"": ""블루베리/딸기/망고/키위 스무디"", ""price"": ""6,800원"", ""img_url"": """"}]","[""https://search.pstatic.net/common/?autoRotate=true&quality=95&type=f320_320&src=https%3A%2F%2Fldb-phinf.pstatic.net%2F20250214_61%2F1739518283515s6AVJ_JPEG%2F%25BC%25D2%25B1%25DD%25BB%25A7_3500.jpg"", ""https://search.pstatic.net/common/?autoRotate=true&quality=95&type=f320_320&src=https%3A%2F%2Fldb-phinf.pstatic.net%2F20250214_273%2F1739520129423c14d7_JPEG%2F%25B9%25E3%25BD%25C4%25BB%25A7_6000.jpg"", ""https://search.pstatic.net/common/?autoRotate=true&quality=95&type=f320_320&src=https%3A%2F%2Fldb-phinf.pstatic.net%2F20251020_221%2F17609418092175hK52_JPEG%2Fblending_dark_light.jpg"", ""https://search.pstatic.net/common/?autoRotate=true&quality=95&type=f320_320&src=https%3A%2F%2Fldb-phinf.pstatic.net%2F20211026_167%2F16352101214809MoIu_JPEG%2FVneuyxtjLRiHLNcBaaQzw1-E.jpg"", ""https://search.pstatic.net/common/?autoRotate=true&quality=95&type=f320_320&src=https%3A%2F%2Fldb-phinf.pstatic.net%2F20250224_125%2F1740373480535vFuqI_JPEG%2F%25BA%25EA%25B7%25B1%25C4%25A1_AO.jpg""]",1
saltbread,daegu,대구 진천 소금빵,보밀당,대구광역시 달서구 상화로7길 38 1층,대구광역시 달서구 진천동 715-1 1층,,https://youtube.com/https://youtube.com/@bomilldangvlog,"카페,디저트>베이커리",1285201602,358090965,128.5201505,35.8090268,,1301945911.0,SID_OK_AUTO_DETAIL,대구 보밀당,OK,0507-1348-2238,OK,"[""보밀당은 소금베이글과 뚠뚠이마카롱으로 유명한 베이커리 카페입니다."", ""매장은 넓고 아늑한 분위기로, 테이블 간격이 넓어 쾌적합니다."", ""특히 아기의자와 반려동물 동반 가능해 가족이나 애견과 함께 방문하기 좋습니다."", ""주차공간도 마련되어 있어 편리하며, 다양한 음료와 함께 베이글과 마카롱을 즐길 수 있습니다.""]",OK,bkeel_count=4,822.0,"[{""keyword"": ""빵이 맛있어요"", ""count"": 469}, {""keyword"": ""특별한 메뉴가 있어요"", ""count"": 326}, {""keyword"": ""친절해요"", ""count"": 273}, {""keyword"": ""인테리어가 멋져요"", ""count"": 209}, {""keyword"": ""매장이 청결해요"", ""count"": 99}]",OK,keyword_count=5 total=822,https://search.pstatic.net/common/?autoRotate=true&type=w560_sharpen&src=https%3A%2F%2Fldb-phinf.pstatic.net%2F20260124_152%2F1769241152218aiUX2_JPEG%2FIMG_2230.jpeg,OK,"hit=a#_autoPlayable img
src_len=165",월 10:00 - 20:00 19:30 라스트오더 | 화 10:00 - 20:00 19:30 라스트오더 | 수 10:00 - 20:00 19:30 라스트오더 | 목 10:00 - 20:00 19:30 라스트오더 | 금 10:00 - 20:00 19:30 라스트오더 | 토 10:00 - 20:00 19:30 라스트오더 | 일 10:00 - 20:00 19:30 라스트오더 | 02/19 휴무 | - 신정 휴무 안내 | 1월 2일,OK,"hit=hours_toggle
aria_before=false
aria_after=true
w9QyJ_count=10
detail_lines=9",0,0,OK,"more_clicks=0
li_count=4
picked_img_count=4",4,"[{""idx"": 0, ""name"": ""소금베이글"", ""price"": ""4,000원"", ""img_url"": ""https://search.pstatic.net/common/?autoRotate=true&quality=95&type=f320_320&src=https%3A%2F%2Fldb-phinf.pstatic.net%2F20240316_164%2F17105591646722VOau_JPEG%2F5889BEE6-6870-49B7-8E82-F69313F0E94A.jpeg""}, {""idx"": 1, ""name"": ""땅콩두바이 맘모스"", ""price"": ""12,900원"", ""img_url"": ""https://search.pstatic.net/common/?autoRotate=true&quality=95&type=f320_320&src=https%3A%2F%2Fldb-phinf.pstatic.net%2F20260124_91%2F1769241528665MKrPV_JPEG%2FIMG_2230.jpeg""}, {""idx"": 2, ""name"": ""두바이 초코 맘모스"", ""price"": ""21,800원"", ""img_url"": ""https://search.pstatic.net/common/?autoRotate=true&quality=95&type=f320_320&src=https%3A%2F%2Fldb-phinf.pstatic.net%2F20260124_23%2F1769241409190RcGQf_JPEG%2FIMG_4704.jpeg""}, {""idx"": 3, ""name"": ""바질도마도 베이글"", ""price"": ""5,800원"", ""img_url"": ""https://search.pstatic.net/common/?autoRotate=true&quality=95&type=f320_320&src=https%3A%2F%2Fldb-phinf.pstatic.net%2F20241113_257%2F1731462834303C4UXR_JPEG%2F3C71407E-A922-4F42-8FB5-A84EA2F28AF2.jpeg""}]","[""https://search.pstatic.net/common/?autoRotate=true&quality=95&type=f320_320&src=https%3A%2F%2Fldb-phinf.pstatic.net%2F20240316_164%2F17105591646722VOau_JPEG%2F5889BEE6-6870-49B7-8E82-F69313F0E94A.jpeg"", ""https://search.pstatic.net/common/?autoRotate=true&quality=95&type=f320_320&src=https%3A%2F%2Fldb-phinf.pstatic.net%2F20260124_91%2F1769241528665MKrPV_JPEG%2FIMG_2230.jpeg"", ""https://search.pstatic.net/common/?autoRotate=true&quality=95&type=f320_320&src=https%3A%2F%2Fldb-phinf.pstatic.net%2F20260124_23%2F1769241409190RcGQf_JPEG%2FIMG_4704.jpeg"", ""https://search.pstatic.net/common/?autoRotate=true&quality=95&type=f320_320&src=https%3A%2F%2Fldb-phinf.pstatic.net%2F20241113_257%2F1731462834303C4UXR_JPEG%2F3C71407E-A922-4F42-8FB5-A84EA2F28AF2.jpeg""]",1
saltbread,daegu,대구 진천 소금빵,폭스브롯,대구광역시 달서구 상화로 157-1,대구광역시 달서구 진천동 833-26,,http://instagram.com/volksbrot,"카페,디저트>베이커리",1285310888,358100545,128.5310839,35.8100504,,33374959.0,SID_OK_AUTO_DETAIL,대구 폭스브롯,OK,053-636-9100,OK,[],AI_BRIEFING_PARSE_ERR:NoSuchWindowException,"Message: no such window: target window already closed
from unknown error: web view not found
  (Session info: chrome=144.0.7559.110)
Stacktrace:
0   chromedriver                        0x000000010472f928 cxxbridge1$str$ptr + 3098388
1   chromedriver                        0x0000000104727c04 cxxbridge1$str$ptr + 3066352
2   chromedriver                        0x000000010420a83c _RNvCs5DBLTqoOdVp_7___rustc35___rust_no_alloc_shim_is_unstable_v2 + 75008
3   chromedriver                        0x00000001041e3330 chromedriver + 160560
4   chromedriver                        0x000000010427cc4c _RNvCs5DBLTqoOdVp_7___rustc35___rust_no_alloc_shim_is_unstable_v2 + 542992
5   chromedriver                        0x0000000104292b30 _RNvCs5DBLTqoOdVp_7___rustc35___rust_no_alloc_shim_is_unstable_v2 + 632820
6   chromedriver                        0x000000010424807c _RNvCs5DBLTqoOdVp_7___rustc35___rust_no_alloc_shim_is_unstable_v2 + 326976
7   chromedriver                        0x00000001046ee884 cxxbridge1$str$ptr + 2831984
8   chromedriver                        0x00000001046f1fcc cxxbridge1$str$ptr + 2846136
9   chromedriver                        0x00000001046d3578 cxxbridge1$str$ptr + 2720612
10  chromedriver                        0x00000001046f2850 cxxbridge1$str$ptr + 2848316
11  chromedriver                        0x00000001046c3640 cxxbridge1$str$ptr + 2655276
12  chromedriver                        0x0000000104716194 cxxbridge1$str$ptr + 2994048
13  chromedriver                        0x0000000104716310 cxxbridge1$str$ptr + 2994428
14  chromedriver                        0x000000010472785c cxxbridge1$str$ptr + 3065416
15  libsystem_pthread.dylib             0x0000000195e7fc0c _pthread_start + 136
16  libsystem_pthread.dylib             0x0000000195e7ab80 thread_start + 8
",1.0,"[{""keyword"": ""빵이 맛있어요"", ""count"": 895}, {""keyword"": ""친절해요"", ""count"": 336}, {""keyword"": ""특별한 메뉴가 있어요"", ""count"": 276}, {""keyword"": ""커피가 맛있어요"", ""count"": 251}, {""keyword"": ""가성비가 좋아요"", ""count"": 197}]",OK,keyword_count=5 total=1,https://search.pstatic.net/common/?autoRotate=true&type=w560_sharpen&src=https%3A%2F%2Fldb-phinf.pstatic.net%2F20240805_8%2F1722862699320PreRk_JPEG%2F50C74E52-4323-4238-991A-9FB64EA7557B-66110-00002845DDEC1A00.jpeg,OK,"hit=a#_autoPlayable img
src_len=214",월 정기휴무 (매주 월요일) | 화 10:00 - 19:00 | 수 10:00 - 19:00 | 목 10:00 - 19:00 | 금 10:00 - 19:00 | 토 10:00 - 19:00 | 일 정기휴무 (매주 일요일),OK,"hit=hours_toggle
aria_before=false
aria_after=true
w9QyJ_count=8
detail_lines=7",0,0,OK,"more_clicks=1
li_count=26
picked_img_count=5",26,"[{""idx"": 0, ""name"": ""당근 케이크(조각)"", ""price"": ""6,000원"", ""img_url"": ""https://search.pstatic.net/common/?autoRotate=true&quality=95&type=f320_320&src=https%3A%2F%2Fldb-phinf.pstatic.net%2F20240805_37%2F1722865746828HJ2Om_JPEG%2FIMG_7743.jpeg""}, {""idx"": 1, ""name"": ""고르곤졸라 바게트"", ""price"": ""3,500원"", ""img_url"": ""https://search.pstatic.net/common/?autoRotate=true&quality=95&type=f320_320&src=https%3A%2F%2Fldb-phinf.pstatic.net%2F20240808_150%2F1723085174425U0CF3_JPEG%2F5C304AFC-24FB-46CD-90F0-8FBEAEE6701E-69253-00002A258F04DAB1.jpeg""}, {""idx"": 2, ""name"": ""초코 케이크(조각)"", ""price"": ""6,000원"", ""img_url"": ""https://search.pstatic.net/common/?autoRotate=true&quality=95&type=f320_320&src=https%3A%2F%2Fldb-phinf.pstatic.net%2F20240805_213%2F17228657643314k9A4_JPEG%2F3472410807040554544_20200928215239329_HEIC.jpeg""}, {""idx"": 3, ""name"": ""사브레 브루통"", ""price"": ""3,000원"", ""img_url"": ""https://search.pstatic.net/common/?autoRotate=true&quality=95&type=f320_320&src=https%3A%2F%2Fldb-phinf.pstatic.net%2F20251218_29%2F1766060141744UqUKi_JPEG%2FIMG_6559.jpeg""}, {""idx"": 4, ""name"": ""파 바게트"", ""price"": ""3,000원"", ""img_url"": ""https://search.pstatic.net/common/?autoRotate=true&quality=95&type=f320_320&src=https%3A%2F%2Fldb-phinf.pstatic.net%2F20240808_252%2F1723085151595s7tYf_JPEG%2FF82383E9-16E3-47C8-AE42-2F220F4ECD32-69253-00002A259B44EF2B.jpeg""}, {""idx"": 5, ""name"": ""블랙올리브 치아바타"", ""price"": ""3,500원"", ""img_url"": ""https://search.pstatic.net/common/?autoRotate=true&quality=95&type=f320_320&src=https%3A%2F%2Fldb-phinf.pstatic.net%2F20240808_272%2F1723085240778VjDz1_JPEG%2F9A41C7A5-D8C4-4C0F-AAB5-36D1438CB5B5-69253-00002A25ACEA63F6.jpeg""}, {""idx"": 6, ""name"": ""크랜베리크림치즈"", ""price"": ""4,000원"", ""img_url"": ""https://search.pstatic.net/common/?autoRotate=true&quality=95&type=f320_320&src=https%3A%2F%2Fldb-phinf.pstatic.net%2F20240805_170%2F1722865803983nejup_JPEG%2FIMG_6525.jpeg""}, {""idx"": 7, ""name"": ""무화과"", ""price"": ""4,000원"", ""img_url"": ""https://search.pstatic.net/common/?autoRotate=true&quality=95&type=f320_320&src=https%3A%2F%2Fldb-phinf.pstatic.net%2F20240808_211%2F1723085212664CCbeA_JPEG%2F0CA304A6-52F7-4D4F-AD49-F787AD34938D-69253-00002A25C0A948F2.jpeg""}, {""idx"": 8, ""name"": ""뺑오쇼콜라"", ""price"": ""3,300원"", ""img_url"": ""https://search.pstatic.net/common/?autoRotate=true&quality=95&type=f320_320&src=https%3A%2F%2Fldb-phinf.pstatic.net%2F20240805_204%2F17228658996961c8Uu_JPEG%2FBFB1DEAA-1B88-48A0-B948-C3380B29BCB0-69542-00002D2CC24D298A.jpeg""}, {""idx"": 9, ""name"": ""카넬블레"", ""price"": ""3,000원"", ""img_url"": ""https://search.pstatic.net/common/?autoRotate=true&quality=95&type=f320_320&src=https%3A%2F%2Fldb-phinf.pstatic.net%2F20240805_189%2F1722865824610iso3E_JPEG%2FIMG_6524.jpeg""}, {""idx"": 10, ""name"": ""치즈 치아바타"", ""price"": ""3,500원"", ""img_url"": ""https://search.pstatic.net/common/?autoRotate=true&quality=95&type=f320_320&src=https%3A%2F%2Fldb-phinf.pstatic.net%2F20240805_23%2F1722866021017MImR9_JPEG%2FD38E5CE7-4BB2-4582-9252-ADFE1E12B37C-10570-0000059782949262.jpeg""}, {""idx"": 11, ""name"": ""베리 스콘"", ""price"": ""2,800원"", ""img_url"": ""https://search.pstatic.net/common/?autoRotate=true&quality=95&type=f320_320&src=https%3A%2F%2Fldb-phinf.pstatic.net%2F20240808_177%2F172308510556461QvA_JPEG%2FC1CE1E13-72BC-4017-B4D7-7B2D50EA11BE-69253-00002A25A0F28292.jpeg""}, {""idx"": 12, ""name"": ""말차 스콘"", ""price"": ""3,300원"", ""img_url"": ""https://search.pstatic.net/common/?autoRotate=true&quality=95&type=f320_320&src=https%3A%2F%2Fldb-phinf.pstatic.net%2F20240808_165%2F1723085128541mVdh5_JPEG%2F0C22265B-6B75-4A7D-9D19-A0BAC67D8751-69253-00002A25A438BD5A.jpeg""}, {""idx"": 13, ""name"": ""플레인 식빵"", ""price"": ""4,000원"", ""img_url"": ""https://search.pstatic.net/common/?autoRotate=true&quality=95&type=f320_320&src=https%3A%2F%2Fldb-phinf.pstatic.net%2F20240805_253%2F17228658628308SRAq_JPEG%2FIMG_0368.jpeg""}, {""idx"": 14, ""name"": ""소금버터"", ""price"": ""2,800원"", ""img_url"": ""https://search.pstatic.net/common/?autoRotate=true&quality=95&type=f320_320&src=https%3A%2F%2Fldb-phinf.pstatic.net%2F20240808_155%2F17230851376236X9wW_JPEG%2F5CF5860D-F352-4D5D-AD3A-8191C0A02327-69253-00002A25B228260F.jpeg""}, {""idx"": 15, ""name"": ""로겐 브로트(호밀90%)"", ""price"": ""4,500원"", ""img_url"": ""https://search.pstatic.net/common/?autoRotate=true&quality=95&type=f320_320&src=https%3A%2F%2Fldb-phinf.pstatic.net%2F20240805_251%2F1722866600580V2Tgd_JPEG%2FIMG_3191.jpeg""}, {""idx"": 16, ""name"": ""볼콘 브로트(통밀90%)"", ""price"": ""4,500원"", ""img_url"": """"}, {""idx"": 17, ""name"": ""초코 바게트"", ""price"": ""3,000원"", ""img_url"": ""https://search.pstatic.net/common/?autoRotate=true&quality=95&type=f320_320&src=https%3A%2F%2Fldb-phinf.pstatic.net%2F20240808_173%2F17230851643649D6OY_JPEG%2FD933D63C-C929-4B53-9F5B-08327DAB8BA6-69253-00002A2594F53E1E.jpeg""}, {""idx"": 18, ""name"": ""바게트"", ""price"": ""3,500원"", ""img_url"": ""https://search.pstatic.net/common/?autoRotate=true&quality=95&type=f320_320&src=https%3A%2F%2Fldb-phinf.pstatic.net%2F20200708_85%2F1594201438951s2ib6_JPEG%2FjeyI2uS-mISbBJJOJIJ6AyjJ.jpeg.jpg""}, {""idx"": 19, ""name"": ""크로와상"", ""price"": ""3,000원"", ""img_url"": ""https://search.pstatic.net/common/?autoRotate=true&quality=95&type=f320_320&src=https%3A%2F%2Fldb-phinf.pstatic.net%2F20240805_116%2F1722865885373gC97h_JPEG%2F1D1777AE-71EC-4D27-8DC3-9EFC2D247811.jpeg""}, {""idx"": 20, ""name"": ""카야버터브레첼"", ""price"": ""3,500원"", ""img_url"": ""https://search.pstatic.net/common/?autoRotate=true&quality=95&type=f320_320&src=https%3A%2F%2Fldb-phinf.pstatic.net%2F20240808_280%2F17230851845829QQ3j_JPEG%2F7A975545-A86E-4A78-A6EE-6C7CFA8DBB06-69253-00002A25B77DEB62.jpeg""}, {""idx"": 21, ""name"": ""호두설타나"", ""price"": ""4,000원"", ""img_url"": ""https://search.pstatic.net/common/?autoRotate=true&quality=95&type=f320_320&src=https%3A%2F%2Fldb-phinf.pstatic.net%2F20240808_158%2F1723085220206DVgGN_JPEG%2F3DAF1AF5-3A9F-4EA8-B7D9-EA7BAF0700F9-69253-00002A25BA34BA84.jpeg""}, {""idx"": 22, ""name"": ""아메리카노 (hot/ice)"", ""price"": ""3,500원"", ""img_url"": """"}, {""idx"": 23, ""name"": ""라떼 (hot/ice)"", ""price"": ""4,000원"", ""img_url"": """"}, {""idx"": 24, ""name"": ""초코라떼"", ""price"": ""4,500원"", ""img_url"": """"}, {""idx"": 25, ""name"": ""레몬에이드"", ""price"": ""4,500원"", ""img_url"": """"}]","[""https://search.pstatic.net/common/?autoRotate=true&quality=95&type=f320_320&src=https%3A%2F%2Fldb-phinf.pstatic.net%2F20240808_155%2F17230851376236X9wW_JPEG%2F5CF5860D-F352-4D5D-AD3A-8191C0A02327-69253-00002A25B228260F.jpeg"", ""https://search.pstatic.net/common/?autoRotate=true&quality=95&type=f320_320&src=https%3A%2F%2Fldb-phinf.pstatic.net%2F20240805_253%2F17228658628308SRAq_JPEG%2FIMG_0368.jpeg"", ""https://search.pstatic.net/common/?autoRotate=true&quality=95&type=f320_320&src=https%3A%2F%2Fldb-phinf.pstatic.net%2F20240805_37%2F1722865746828HJ2Om_JPEG%2FIMG_7743.jpeg"", ""https://search.pstatic.net/common/?autoRotate=true&quality=95&type=f320_320&src=https%3A%2F%2Fldb-phinf.pstatic.net%2F20240808_150%2F1723085174425U0CF3_JPEG%2F5C304AFC-24FB-46CD-90F0-8FBEAEE6701E-69253-00002A258F04DAB1.jpeg"", ""https://search.pstatic.net/common/?autoRotate=true&quality=95&type=f320_320&src=https%3A%2F%2Fldb-phinf.pstatic.net%2F20240805_213%2F17228657643314k9A4_JPEG%2F3472410807040554544_20200928215239329_HEIC.jpeg""]",1
saltbread,daegu,대구 대곡역 소금빵,호미브레드,대구광역시 달서구 비슬로 2731 횡단보도 앞,대구광역시 달서구 유천동 396 횡단보도 앞,,,"카페,디저트>베이커리",1285139914,358102978,128.5133012,35.8105827,,32722455.0,SID_OK_AUTO_DETAIL,대구 호미브레드,OK,053-639-1110,OK,"[""호미브레드는 대구 유천동에 위치한 수제 빵집으로, 매일 아침 당일 생산된 빵을 판매합니다."", ""인기 메뉴인 호밀무화과빵은 직접 무화과를 넣어 만들었으며, 이외에도 소금빵, 단팥빵, 치즈빵 등 다양한 종류의 빵을 제공합니다."", ""가성비가 좋고 재료가 푸짐하게 들어가 있어 만족도가 높으며, 친절한 사장님과 아늑한 분위기가 특징입니다.""]",OK,bkeel_count=3,376.0,"[{""keyword"": ""빵이 맛있어요"", ""count"": 194}, {""keyword"": ""친절해요"", ""count"": 72}, {""keyword"": ""가성비가 좋아요"", ""count"": 66}, {""keyword"": ""특별한 메뉴가 있어요"", ""count"": 43}, {""keyword"": ""매장이 청결해요"", ""count"": 19}]",OK,keyword_count=5 total=376,https://search.pstatic.net/common/?autoRotate=true&type=w560_sharpen&src=https%3A%2F%2Fldb-phinf.pstatic.net%2F20200623_226%2F15929197826615HtGh_JPEG%2FFsuz6DcR32FdbfQmbZvIR0ZA.jpeg.jpg,OK,"hit=a#_autoPlayable img
src_len=185",,HOURS_NOT_FOUND,,0,0,OK,"more_clicks=0
li_count=1
picked_img_count=1",1,"[{""idx"": 0, ""name"": ""호밀무화과빵"", ""price"": ""3,000원"", ""img_url"": ""https://search.pstatic.net/common/?autoRotate=true&quality=95&type=f320_320&src=https%3A%2F%2Fldb-phinf.pstatic.net%2F20210915_284%2F16316373657132FOlF_PNG%2F98capFmsE9pTt5YSXa-S1b6K.png""}]","[""https://search.pstatic.net/common/?autoRotate=true&quality=95&type=f320_320&src=https%3A%2F%2Fldb-phinf.pstatic.net%2F20210915_284%2F16316373657132FOlF_PNG%2F98capFmsE9pTt5YSXa-S1b6K.png""]",1
saltbread,daegu,대구 화원 소금빵,그라운드커피 대구점,대구광역시 달성군 화원읍 비슬로543길 27 그라운드 커피,대구광역시 달성군 화원읍 구라리 1717 그라운드 커피,,https://www.instagram.com/groundcoffee_daegu/,"음식점>카페,디저트",1285111392,358111502,128.5110912,35.8110406,,1850092767.0,SID_OK_AUTO_DETAIL,대구 그라운드커피 대구점,OK,0507-1420-4453,OK,"[""그라운드커피 대구점은 주차가 편리하고 따뜻한 분위기의 화원 카페입니다."", ""디카페인 라떼는 반전 맛으로 추천 메뉴이며, 아메리카노, 카페라떼 등 기본 커피 메뉴와 다양한 베버리지 메뉴를 제공합니다."", ""구움과자 종류도 많아 디저트와 함께 즐기기 좋습니다."", ""룸과 창가 좌석이 마련되어 있어 모임하기에도 적합합니다.""]",OK,bkeel_count=4,510.0,"[{""keyword"": ""커피가 맛있어요"", ""count"": 351}, {""keyword"": ""친절해요"", ""count"": 242}, {""keyword"": ""디저트가 맛있어요"", ""count"": 221}, {""keyword"": ""인테리어가 멋져요"", ""count"": 193}, {""keyword"": ""음료가 맛있어요"", ""count"": 188}]",OK,keyword_count=5 total=510,https://search.pstatic.net/common/?autoRotate=true&type=w560_sharpen&src=https%3A%2F%2Fvideo-phinf.pstatic.net%2F20260203_20%2F1770126460566jxU7o_JPEG%2FYYPe3JN45T_08.jpg,OK,"hit=a#_autoPlayable img
src_len=170",월 09:30 - 22:00 21:30 라스트오더 | 화 09:30 - 22:00 21:30 라스트오더 | 수 09:30 - 22:00 21:30 라스트오더 | 목 09:30 - 22:00 21:30 라스트오더 | 금 09:30 - 22:00 21:30 라스트오더 | 토 09:30 - 22:00 21:30 라스트오더 | 일 09:30 - 18:00 17:30 라스트오더,OK,"hit=hours_toggle
aria_before=false
aria_after=true
w9QyJ_count=8
detail_lines=7",0,0,OK,"more_clicks=0
li_count=8
picked_img_count=5",8,"[{""idx"": 0, ""name"": ""소금빵"", ""price"": ""3,000원"", ""img_url"": """"}, {""idx"": 1, ""name"": ""플레인스콘"", ""price"": ""3,500원"", ""img_url"": """"}, {""idx"": 2, ""name"": ""르뱅쿠키"", ""price"": ""3,300원"", ""img_url"": """"}, {""idx"": 3, ""name"": ""두쫀라떼(기간한정)"", ""price"": ""6,500원"", ""img_url"": ""https://search.pstatic.net/common/?autoRotate=true&quality=95&type=f320_320&src=https%3A%2F%2Fldb-phinf.pstatic.net%2F20260203_213%2F1770113935146hbWMT_JPEG%2F%25B5%25CE%25C2%25CB%25B6%25F3.jpg""}, {""idx"": 4, ""name"": ""두쫀쿠"", ""price"": ""6,500원"", ""img_url"": ""https://search.pstatic.net/common/?autoRotate=true&quality=95&type=f320_320&src=https%3A%2F%2Fldb-phinf.pstatic.net%2F20260203_196%2F1770113724650idOGf_JPEG%2F%25B5%25CE%25C2%25CB%25C4%25ED.jpg""}, {""idx"": 5, ""name"": ""그라운드슈패너"", ""price"": ""5,700원"", ""img_url"": ""https://search.pstatic.net/common/?autoRotate=true&quality=95&type=f320_320&src=https%3A%2F%2Fldb-phinf.pstatic.net%2F20260203_54%2F17701135664173tweU_JPEG%2F%25BD%25B4%25C6%25D0%25B3%25CA.jpg""}, {""idx"": 6, ""name"": ""카페라떼"", ""price"": ""5,300원"", ""img_url"": ""https://search.pstatic.net/common/?autoRotate=true&quality=95&type=f320_320&src=https%3A%2F%2Fldb-phinf.pstatic.net%2F20260203_145%2F1770113099859XPo6r_JPEG%2F%25B6%25F3%25F3%25B8%25C0%25C1.jpg""}, {""idx"": 7, ""name"": ""아메리카노"", ""price"": ""4,500원"", ""img_url"": ""https://search.pstatic.net/common/?autoRotate=true&quality=95&type=f320_320&src=https%3A%2F%2Fldb-phinf.pstatic.net%2F20260203_165%2F17701128217396DpoC_JPEG%2F%25BE%25C6%25B8%25DE%25B8%25AE%25C4%25AB%25B3%25EB.jpg""}]","[""https://search.pstatic.net/common/?autoRotate=true&quality=95&type=f320_320&src=https%3A%2F%2Fldb-phinf.pstatic.net%2F20260203_213%2F1770113935146hbWMT_JPEG%2F%25B5%25CE%25C2%25CB%25B6%25F3.jpg"", ""https://search.pstatic.net/common/?autoRotate=true&quality=95&type=f320_320&src=https%3A%2F%2Fldb-phinf.pstatic.net%2F20260203_196%2F1770113724650idOGf_JPEG%2F%25B5%25CE%25C2%25CB%25C4%25ED.jpg"", ""https://search.pstatic.net/common/?autoRotate=true&quality=95&type=f320_320&src=https%3A%2F%2Fldb-phinf.pstatic.net%2F20260203_54%2F17701135664173tweU_JPEG%2F%25BD%25B4%25C6%25D0%25B3%25CA.jpg"", ""https://search.pstatic.net/common/?autoRotate=true&quality=95&type=f320_320&src=https%3A%2F%2Fldb-phinf.pstatic.net%2F20260203_145%2F1770113099859XPo6r_JPEG%2F%25B6%25F3%25F3%25B8%25C0%25C1.jpg"", ""https://search.pstatic.net/common/?autoRotate=true&quality=95&type=f320_320&src=https%3A%2F%2Fldb-phinf.pstatic.net%2F20260203_165%2F17701128217396DpoC_JPEG%2F%25BE%25C6%25B8%25DE%25B8%25AE%25C4%25AB%25B3%25EB.jpg""]",1
saltbread,daegu,대구 화원 소금빵,카페선샤인 달서구디저트답례품,대구광역시 달서구 진천로9길 78-1 제1동 1층,대구광역시 달서구 진천동 682-25 제1동 1층,,https://s.baemin.com/boq.6yi3u,"음식점>카페,디저트",1285205738,358120952,128.5205739,35.8120952,,1104756259.0,SID_OK_AUTO_DETAIL,대구 카페선샤인 달서구디저트답례품,OK,0507-1323-7298,OK,[],AI_BRIEFING_NOT_FOUND,,121.0,"[{""keyword"": ""디저트가 맛있어요"", ""count"": 111}, {""keyword"": ""커피가 맛있어요"", ""count"": 71}, {""keyword"": ""친절해요"", ""count"": 69}, {""keyword"": ""음료가 맛있어요"", ""count"": 56}, {""keyword"": ""사진이 잘 나와요"", ""count"": 33}]",OK,keyword_count=5 total=121,https://search.pstatic.net/common/?autoRotate=true&type=w560_sharpen&src=https%3A%2F%2Fldb-phinf.pstatic.net%2F20260130_294%2F1769752441047hAmTV_JPEG%2FBAF51925-6240-403C-9EA5-6A4BFBBACCB3.jpeg,OK,"hit=a#_autoPlayable img
src_len=193",월 정기휴무 (매주 월요일) | 화 정기휴무 (매주 화요일) | 수 12:00 - 17:00 | 목 12:00 - 17:00 | 금 12:00 - 17:00 | 토 12:00 - 17:00 | 일 12:00 - 17:00,OK,"hit=hours_toggle
aria_before=false
aria_after=true
w9QyJ_count=8
detail_lines=7",0,0,OK,"more_clicks=2
li_count=38
picked_img_count=5",38,"[{""idx"": 0, ""name"": ""두바이쫀득쿠키 두쫀쿠"", ""price"": ""5,900원"", ""img_url"": ""https://search.pstatic.net/common/?autoRotate=true&quality=95&type=f320_320&src=https%3A%2F%2Fldb-phinf.pstatic.net%2F20260127_104%2F1769519116785KFjvN_JPEG%2FBAF51925-6240-403C-9EA5-6A4BFBBACCB3.jpeg""}, {""idx"": 1, ""name"": ""두바이 휘낭시에"", ""price"": ""4,500원"", ""img_url"": ""https://search.pstatic.net/common/?autoRotate=true&quality=95&type=f320_320&src=https%3A%2F%2Fldb-phinf.pstatic.net%2F20250725_100%2F1753427409013Musj0_JPEG%2FIMG_2355.jpeg""}, {""idx"": 2, ""name"": ""휘낭시에선물세트(HOT)"", ""price"": ""변동"", ""img_url"": ""https://search.pstatic.net/common/?autoRotate=true&quality=95&type=f320_320&src=https%3A%2F%2Fldb-phinf.pstatic.net%2F20250515_287%2F1747273148408XRqDq_JPEG%2FIMG_8031.jpeg""}, {""idx"": 3, ""name"": ""달서구답례품-하트마들렌"", ""price"": ""변동"", ""img_url"": ""https://search.pstatic.net/common/?autoRotate=true&quality=95&type=f320_320&src=https%3A%2F%2Fldb-phinf.pstatic.net%2F20250917_87%2F1758088814590ai9Pr_JPEG%2FIMG_5741.jpeg""}, {""idx"": 4, ""name"": ""배달의민족어플주문1위-에그타르트"", ""price"": ""3,800원"", ""img_url"": ""https://search.pstatic.net/common/?autoRotate=true&quality=95&type=f320_320&src=https%3A%2F%2Fldb-phinf.pstatic.net%2F20241120_106%2F1732070894287y5jC6_JPEG%2FIMG_1992.jpeg""}, {""idx"": 5, ""name"": ""달서구답례품BEST-휘낭시에"", ""price"": ""2,700원"", ""img_url"": ""https://search.pstatic.net/common/?autoRotate=true&quality=95&type=f320_320&src=https%3A%2F%2Fldb-phinf.pstatic.net%2F20250109_28%2F1736349537574AmppX_JPEG%2FIMG_9326.jpeg""}, {""idx"": 6, ""name"": ""답례품쿠키BEST-르뱅쿠키"", ""price"": ""3,500원"", ""img_url"": ""https://search.pstatic.net/common/?autoRotate=true&quality=95&type=f320_320&src=https%3A%2F%2Fldb-phinf.pstatic.net%2F20240516_123%2F17158315701817e8Kn_JPEG%2FIMG_1412.jpeg""}, {""idx"": 7, ""name"": ""진천동디저트선물1위-휘낭시에 케이크"", ""price"": ""변동"", ""img_url"": ""https://search.pstatic.net/common/?autoRotate=true&quality=95&type=f320_320&src=https%3A%2F%2Fldb-phinf.pstatic.net%2F20250227_85%2F1740631454971jh5eh_JPEG%2FA0EA3AAA-ABB2-4756-8E12-8FBB37E32372.jpeg""}, {""idx"": 8, ""name"": ""대구키티마들렌케이크"", ""price"": ""변동"", ""img_url"": ""https://search.pstatic.net/common/?autoRotate=true&quality=95&type=f320_320&src=https%3A%2F%2Fldb-phinf.pstatic.net%2F20250605_136%2F17491125115815EDz0_JPEG%2FIMG_6252.jpeg""}, {""idx"": 9, ""name"": ""달서구당일케이크-하트마들렌케이크"", ""price"": ""변동"", ""img_url"": ""https://search.pstatic.net/common/?autoRotate=true&quality=95&type=f320_320&src=https%3A%2F%2Fldb-phinf.pstatic.net%2F20250516_105%2F1747376563787pFh7M_JPEG%2FIMG_4750.jpeg""}, {""idx"": 10, ""name"": ""달서구답례품진천동답례품구성"", ""price"": ""변동"", ""img_url"": ""https://search.pstatic.net/common/?autoRotate=true&quality=95&type=f320_320&src=https%3A%2F%2Fldb-phinf.pstatic.net%2F20250227_203%2F17406314890092cSd8_JPEG%2FIMG_9425.jpeg""}, {""idx"": 11, ""name"": ""마들렌 4종세트 선물세트"", ""price"": ""변동"", ""img_url"": ""https://search.pstatic.net/common/?autoRotate=true&quality=95&type=f320_320&src=https%3A%2F%2Fldb-phinf.pstatic.net%2F20250815_190%2F1755225615251K4GyJ_JPEG%2FIMG_9587.jpeg""}, {""idx"": 12, ""name"": ""(SNS인기)키티쿠키(4개한세트)"", ""price"": ""3,500원"", ""img_url"": ""https://search.pstatic.net/common/?autoRotate=true&quality=95&type=f320_320&src=https%3A%2F%2Fldb-phinf.pstatic.net%2F20250514_165%2F17472079276468iXfI_JPEG%2FIMG_4146.jpeg""}, {""idx"": 13, ""name"": ""선물포장"", ""price"": ""변동"", ""img_url"": ""https://search.pstatic.net/common/?autoRotate=true&quality=95&type=f320_320&src=https%3A%2F%2Fldb-phinf.pstatic.net%2F20250424_212%2F17454824445229hzLd_JPEG%2FIMG_2131.jpeg""}, {""idx"": 14, ""name"": ""더블치즈옥수수휘낭시에"", ""price"": ""2,900원"", ""img_url"": ""https://search.pstatic.net/common/?autoRotate=true&quality=95&type=f320_320&src=https%3A%2F%2Fldb-phinf.pstatic.net%2F20250525_21%2F1748145462414gomCJ_JPEG%2F7028D49B-D4D2-4E94-A936-DAFA76220C62.jpeg""}, {""idx"": 15, ""name"": ""얼그레이 마들렌"", ""price"": ""3,500원"", ""img_url"": ""https://search.pstatic.net/common/?autoRotate=true&quality=95&type=f320_320&src=https%3A%2F%2Fldb-phinf.pstatic.net%2F20250514_280%2F1747207833540n0RJ3_JPEG%2FIMG_2388.jpeg""}, {""idx"": 16, ""name"": ""버터바"", ""price"": ""4,500원"", ""img_url"": ""https://search.pstatic.net/common/?autoRotate=true&quality=95&type=f320_320&src=https%3A%2F%2Fldb-phinf.pstatic.net%2F20250323_223%2F1742700418149IGFHL_JPEG%2FIMG_8212.jpeg""}, {""idx"": 17, ""name"": ""초당옥수수타르트"", ""price"": ""4,000원"", ""img_url"": ""https://search.pstatic.net/common/?autoRotate=true&quality=95&type=f320_320&src=https%3A%2F%2Fldb-phinf.pstatic.net%2F20250607_258%2F1749259895591Rn0Vu_JPEG%2FIMG_6345.jpeg""}, {""idx"": 18, ""name"": ""에그마요모닝빵(2개)"", ""price"": ""4,000원"", ""img_url"": ""https://search.pstatic.net/common/?autoRotate=true&quality=95&type=f320_320&src=https%3A%2F%2Fldb-phinf.pstatic.net%2F20240516_106%2F1715832148473jPFoP_JPEG%2F6C2D6BB3-E33C-4975-B457-9A80C02BD936.jpeg""}, {""idx"": 19, ""name"": ""바스크치즈케익"", ""price"": ""6,800원"", ""img_url"": ""https://search.pstatic.net/common/?autoRotate=true&quality=95&type=f320_320&src=https%3A%2F%2Fldb-phinf.pstatic.net%2F20250115_144%2F1736926168512WWUKR_JPEG%2FIMG_1712.jpeg""}, {""idx"": 20, ""name"": ""복숭아아이스티"", ""price"": ""3,500원"", ""img_url"": ""https://search.pstatic.net/common/?autoRotate=true&quality=95&type=f320_320&src=https%3A%2F%2Fldb-phinf.pstatic.net%2F20240516_56%2F1715832172721vIjiT_JPEG%2FIMG_1776.jpeg""}, {""idx"": 21, ""name"": ""소금빵"", ""price"": ""2,800원"", ""img_url"": ""https://search.pstatic.net/common/?autoRotate=true&quality=95&type=f320_320&src=https%3A%2F%2Fldb-phinf.pstatic.net%2F20241120_267%2F1732080251681SUaPd_JPEG%2FIMG_2430.jpeg""}, {""idx"": 22, ""name"": ""휘낭시에 호두피칸"", ""price"": ""2,900원"", ""img_url"": ""https://search.pstatic.net/common/?autoRotate=true&quality=95&type=f320_320&src=https%3A%2F%2Fldb-phinf.pstatic.net%2F20240531_269%2F1717140641439ctTML_JPEG%2FIMG_0534.jpeg""}, {""idx"": 23, ""name"": ""휘낭시에 러스크"", ""price"": ""3,500원"", ""img_url"": """"}, {""idx"": 24, ""name"": ""생크림스콘"", ""price"": ""3,800원"", ""img_url"": ""https://search.pstatic.net/common/?autoRotate=true&quality=95&type=f320_320&src=https%3A%2F%2Fldb-phinf.pstatic.net%2F20240516_94%2F1715828553409zWjfD_JPEG%2FIMG_5625.jpeg""}, {""idx"": 25, ""name"": ""아메리카노"", ""price"": ""3,500원"", ""img_url"": ""https://search.pstatic.net/common/?autoRotate=true&quality=95&type=f320_320&src=https%3A%2F%2Fldb-phinf.pstatic.net%2F20240516_174%2F1715828695359vucmM_JPEG%2FIMG_2525.jpeg""}, {""idx"": 26, ""name"": ""카페라떼"", ""price"": ""4,000원"", ""img_url"": ""https://search.pstatic.net/common/?autoRotate=true&quality=95&type=f320_320&src=https%3A%2F%2Fldb-phinf.pstatic.net%2F20240302_158%2F17093098510485wOla_JPEG%2FIMG_3877.jpeg""}, {""idx"": 27, ""name"": ""선샤인크림라떼"", ""price"": ""변동"", ""img_url"": ""https://search.pstatic.net/common/?autoRotate=true&quality=95&type=f320_320&src=https%3A%2F%2Fldb-phinf.pstatic.net%2F20240302_16%2F1709310126329NXXMt_PNG%2FIMG_4333.png""}, {""idx"": 28, ""name"": ""녹차슈페너"", ""price"": ""변동"", ""img_url"": ""https://search.pstatic.net/common/?autoRotate=true&quality=95&type=f320_320&src=https%3A%2F%2Fldb-phinf.pstatic.net%2F20240302_84%2F1709310292096OsPn8_JPEG%2FIMG_2826.jpeg""}, {""idx"": 29, ""name"": ""초코슈페너"", ""price"": ""변동"", ""img_url"": ""https://search.pstatic.net/common/?autoRotate=true&quality=95&type=f320_320&src=https%3A%2F%2Fldb-phinf.pstatic.net%2F20240302_190%2F1709310335241jPSs4_PNG%2FIMG_4334.png""}, {""idx"": 30, ""name"": ""바닐라라떼"", ""price"": ""4,500원"", ""img_url"": ""https://search.pstatic.net/common/?autoRotate=true&quality=95&type=f320_320&src=https%3A%2F%2Fldb-phinf.pstatic.net%2F20240302_281%2F1709309985242oB3LN_PNG%2FIMG_4331.png""}, {""idx"": 31, ""name"": ""연유라떼"", ""price"": ""4,500원"", ""img_url"": ""https://search.pstatic.net/common/?autoRotate=true&quality=95&type=f320_320&src=https%3A%2F%2Fldb-phinf.pstatic.net%2F20240302_76%2F1709310054306dFd72_PNG%2FIMG_4332.png""}, {""idx"": 32, ""name"": ""크림카푸치노"", ""price"": ""5,700원"", ""img_url"": ""https://search.pstatic.net/common/?autoRotate=true&quality=95&type=f320_320&src=https%3A%2F%2Fldb-phinf.pstatic.net%2F20240319_167%2F17108306721566iylT_JPEG%2FIMG_6792.jpeg""}, {""idx"": 33, ""name"": ""아샷추"", ""price"": ""4,500원"", ""img_url"": ""https://search.pstatic.net/common/?autoRotate=true&quality=95&type=f320_320&src=https%3A%2F%2Fldb-phinf.pstatic.net%2F20240302_120%2F1709311037973N1eet_PNG%2FIMG_4338.png""}, {""idx"": 34, ""name"": ""녹차라떼"", ""price"": ""5,000원"", ""img_url"": ""https://search.pstatic.net/common/?autoRotate=true&quality=95&type=f320_320&src=https%3A%2F%2Fldb-phinf.pstatic.net%2F20240319_272%2F1710830619323nJ02q_JPEG%2FIMG_6787.jpeg""}, {""idx"": 35, ""name"": ""초코라떼"", ""price"": ""5,000원"", ""img_url"": ""https://search.pstatic.net/common/?autoRotate=true&quality=95&type=f320_320&src=https%3A%2F%2Fldb-phinf.pstatic.net%2F20240319_20%2F1710830636200SR4yl_JPEG%2FIMG_6785.jpeg""}, {""idx"": 36, ""name"": ""레몬에이드"", ""price"": ""5,500원"", ""img_url"": ""https://search.pstatic.net/common/?autoRotate=true&quality=95&type=f320_320&src=https%3A%2F%2Fldb-phinf.pstatic.net%2F20240302_100%2F1709310716893HGXMV_JPEG%2FIMG_3934.jpeg""}, {""idx"": 37, ""name"": ""청포도에이드"", ""price"": ""5,500원"", ""img_url"": ""https://search.pstatic.net/common/?autoRotate=true&quality=95&type=f320_320&src=https%3A%2F%2Fldb-phinf.pstatic.net%2F20240302_58%2F1709310801728PufxU_JPEG%2FIMG_3601.jpeg""}]","[""https://search.pstatic.net/common/?autoRotate=true&quality=95&type=f320_320&src=https%3A%2F%2Fldb-phinf.pstatic.net%2F20241120_267%2F1732080251681SUaPd_JPEG%2FIMG_2430.jpeg"", ""https://search.pstatic.net/common/?autoRotate=true&quality=95&type=f320_320&src=https%3A%2F%2Fldb-phinf.pstatic.net%2F20240516_106%2F1715832148473jPFoP_JPEG%2F6C2D6BB3-E33C-4975-B457-9A80C02BD936.jpeg"", ""https://search.pstatic.net/common/?autoRotate=true&quality=95&type=f320_320&src=https%3A%2F%2Fldb-phinf.pstatic.net%2F20260127_104%2F1769519116785KFjvN_JPEG%2FBAF51925-6240-403C-9EA5-6A4BFBBACCB3.jpeg"", ""https://search.pstatic.net/common/?autoRotate=true&quality=95&type=f320_320&src=https%3A%2F%2Fldb-phinf.pstatic.net%2F20250725_100%2F1753427409013Musj0_JPEG%2FIMG_2355.jpeg"", ""https://search.pstatic.net/common/?autoRotate=true&quality=95&type=f320_320&src=https%3A%2F%2Fldb-phinf.pstatic.net%2F20250515_287%2F1747273148408XRqDq_JPEG%2FIMG_8031.jpeg""]",1
saltbread,daegu,대구 월배 소금빵,피카커피 진천점,대구광역시 달서구 진천로 38 제1동 1층 피카커피 진천점,대구광역시 달서구 진천동 490-37 제1동 1층 피카커피 진천점,,https://www.instagram.com/fikacoffee_jc,"음식점>카페,디저트",1285254962,358123671,128.5254955,35.8123626,,1735356928.0,SID_OK_AUTO_DETAIL,대구 피카커피 진천점,OK,070-8260-0703,OK,[],AI_BRIEFING_EMPTY,"found_section=place_section
bkeel_count=0",1.0,"[{""keyword"": ""커피가 맛있어요"", ""count"": 862}, {""keyword"": ""디저트가 맛있어요"", ""count"": 419}, {""keyword"": ""주차하기 편해요"", ""count"": 396}, {""keyword"": ""인테리어가 멋져요"", ""count"": 386}, {""keyword"": ""음료가 맛있어요"", ""count"": 357}]",OK,keyword_count=5 total=1,https://search.pstatic.net/common/?autoRotate=true&type=w560_sharpen&src=https%3A%2F%2Fldb-phinf.pstatic.net%2F20220124_194%2F1643001590260c7pXs_JPEG%2F%25BF%25DC%25BA%25CE-%25BD%25C9%25BA%25BC%25B7%25CE%25B0%25ED-1.jpeg,OK,"hit=a#_autoPlayable img
src_len=220",매일 10:00 - 23:00 22:00 라스트오더,OK,"hit=hours_toggle
aria_before=false
aria_after=true
w9QyJ_count=2
detail_lines=1",0,0,OK,"more_clicks=0
li_count=7
picked_img_count=5",7,"[{""idx"": 0, ""name"": ""아메리카노"", ""price"": ""4,700원"", ""img_url"": ""https://search.pstatic.net/common/?autoRotate=true&quality=95&type=f320_320&src=https%3A%2F%2Fldb-phinf.pstatic.net%2F20220126_146%2F1643173070866ehtRA_PNG%2F%25BE%25C6%25B8%25DE%25B8%25AE%25C4%25AB%25B3%25EB-3%25C1%25BE.png""}, {""idx"": 1, ""name"": ""[BEST]아몬드 코코넛 라떼"", ""price"": ""6,800원"", ""img_url"": ""https://search.pstatic.net/common/?autoRotate=true&quality=95&type=f320_320&src=https%3A%2F%2Fldb-phinf.pstatic.net%2F20220126_246%2F1643172493100jk06a_PNG%2F%25BE%25C6%25B8%25F3%25B5%25E5%25C4%25DA%25C4%25DA%25B3%25D3%25B6%25F3%25B6%25BC.png""}, {""idx"": 2, ""name"": ""리얼 복숭아 아이스티(피치 더 선셋)"", ""price"": ""7,000원"", ""img_url"": ""https://search.pstatic.net/common/?autoRotate=true&quality=95&type=f320_320&src=https%3A%2F%2Fldb-phinf.pstatic.net%2F20220126_180%2F1643172742148Y5jvH_PNG%2F%25C7%25C7%25C4%25A1%25B4%25F5%25BC%25B1%25BC%25C2.png""}, {""idx"": 3, ""name"": ""크로플"", ""price"": ""8,800원"", ""img_url"": ""https://search.pstatic.net/common/?autoRotate=true&quality=95&type=f320_320&src=https%3A%2F%2Fldb-phinf.pstatic.net%2F20220126_170%2F1643173392880GTePj_PNG%2F%25C5%25A9%25B7%25CE%25C7%25C3.png""}, {""idx"": 4, ""name"": ""아이스크림 크로플"", ""price"": ""8,800원"", ""img_url"": ""https://search.pstatic.net/common/?autoRotate=true&quality=95&type=f320_320&src=https%3A%2F%2Fldb-phinf.pstatic.net%2F20230302_267%2F1677731079193dqTeQ_JPEG%2F2303-%25BE%25C6%25C0%25CC%25BD%25BA%25C5%25A9%25B8%25B2%25C5%25A9%25B7%25CE%25C7%25C3.jpg""}, {""idx"": 5, ""name"": ""SET)미니크로플+아메리카노"", ""price"": ""8,500원"", ""img_url"": ""https://search.pstatic.net/common/?autoRotate=true&quality=95&type=f320_320&src=https%3A%2F%2Fldb-phinf.pstatic.net%2F20220126_50%2F1643173567994v9VLY_PNG%2F%25C5%25A9%25B7%25CE%25C7%25C3%25BC%25BC%25C6%25AE-%25BE%25C6%25B8%25DE%25B8%25AE%25C4%25AB%25B3%25EB.png""}, {""idx"": 6, ""name"": ""SET)미니크로플+카페라떼"", ""price"": ""9,000원"", ""img_url"": ""https://search.pstatic.net/common/?autoRotate=true&quality=95&type=f320_320&src=https%3A%2F%2Fldb-phinf.pstatic.net%2F20220126_184%2F1643173595693KTG7m_PNG%2F%25C5%25A9%25B7%25CE%25C7%25C3%25BC%25BC%25C6%25AE-%25C4%25AB%25C6%25E4%25B6%25F3%25B6%25BC.png""}]","[""https://search.pstatic.net/common/?autoRotate=true&quality=95&type=f320_320&src=https%3A%2F%2Fldb-phinf.pstatic.net%2F20220126_146%2F1643173070866ehtRA_PNG%2F%25BE%25C6%25B8%25DE%25B8%25AE%25C4%25AB%25B3%25EB-3%25C1%25BE.png"", ""https://search.pstatic.net/common/?autoRotate=true&quality=95&type=f320_320&src=https%3A%2F%2Fldb-phinf.pstatic.net%2F20220126_246%2F1643172493100jk06a_PNG%2F%25BE%25C6%25B8%25F3%25B5%25E5%25C4%25DA%25C4%25DA%25B3%25D3%25B6%25F3%25B6%25BC.png"", ""https://search.pstatic.net/common/?autoRotate=true&quality=95&type=f320_320&src=https%3A%2F%2Fldb-phinf.pstatic.net%2F20220126_180%2F1643172742148Y5jvH_PNG%2F%25C7%25C7%25C4%25A1%25B4%25F5%25BC%25B1%25BC%25C2.png"", ""https://search.pstatic.net/common/?autoRotate=true&quality=95&type=f320_320&src=https%3A%2F%2Fldb-phinf.pstatic.net%2F20220126_170%2F1643173392880GTePj_PNG%2F%25C5%25A9%25B7%25CE%25C7%25C3.png"", ""https://search.pstatic.net/common/?autoRotate=true&quality=95&type=f320_320&src=https%3A%2F%2Fldb-phinf.pstatic.net%2F20230302_267%2F1677731079193dqTeQ_JPEG%2F2303-%25BE%25C6%25C0%25CC%25BD%25BA%25C5%25A9%25B8%25B2%25C5%25A9%25B7%25CE%25C7%25C3.jpg""]",1
saltbread,daegu,대구 상인역 소금빵 베이커리,우노커피,대구광역시 달서구 월배로40길 120,대구광역시 달서구 상인동 1419,,https://www.instagram.com/uno_coffee_2024,"음식점>카페,디저트",1285392812,358140400,128.5392812,35.81404,,1082061824.0,SID_OK_AUTO_DETAIL,대구 우노커피,OK,0507-1478-5352,OK,[],AI_BRIEFING_EMPTY,"found_section=place_section
bkeel_count=0",269.0,"[{""keyword"": ""커피가 맛있어요"", ""count"": 251}, {""keyword"": ""디저트가 맛있어요"", ""count"": 233}, {""keyword"": ""인테리어가 멋져요"", ""count"": 139}, {""keyword"": ""음료가 맛있어요"", ""count"": 115}, {""keyword"": ""친절해요"", ""count"": 109}]",OK,keyword_count=5 total=269,https://search.pstatic.net/common/?autoRotate=true&type=w560_sharpen&src=https%3A%2F%2Fnaverbooking-phinf.pstatic.net%2F20241122_25%2F1732253304157eMWla_JPEG%2Fimage.jpg,OK,"hit=a#_autoPlayable img
src_len=169","월 09:00 - 23:00 22:00 라스트오더 | 화 09:00 - 23:00 22:00 라스트오더 | 수 09:00 - 23:00 22:00 라스트오더 | 목 09:00 - 23:00 22:00 라스트오더 | 금 09:00 - 23:00 22:00 라스트오더 | 토 10:00 - 22:00 21:00 라스트오더 | 일 10:00 - 22:00 21:00 라스트오더 | 매달 1, 3번째 월요일 정기 휴무 02/23 휴무",OK,"hit=hours_toggle
aria_before=false
aria_after=true
w9QyJ_count=9
detail_lines=8",0,0,OK,"more_clicks=1
li_count=28
picked_img_count=5",28,"[{""idx"": 0, ""name"": ""아메리카노"", ""price"": ""3,500원"", ""img_url"": ""https://search.pstatic.net/common/?autoRotate=true&quality=95&type=f320_320&src=https%3A%2F%2Fldb-phinf.pstatic.net%2F20240529_180%2F1716968541106HnSo9_JPEG%2FKakaoTalk_20240520_162106312_09.jpg""}, {""idx"": 1, ""name"": ""아이스크림 라떼"", ""price"": ""5,000원"", ""img_url"": ""https://search.pstatic.net/common/?autoRotate=true&quality=95&type=f320_320&src=https%3A%2F%2Fldb-phinf.pstatic.net%2F20240529_21%2F1716968598040FEeWx_JPEG%2FKakaoTalk_20240520_162106312_10.jpg""}, {""idx"": 2, ""name"": ""솔트라떼"", ""price"": ""4,500원"", ""img_url"": ""https://search.pstatic.net/common/?autoRotate=true&quality=95&type=f320_320&src=https%3A%2F%2Fldb-phinf.pstatic.net%2F20240529_273%2F1716968609063ndi8n_JPEG%2FKakaoTalk_20240520_162106312_08.jpg""}, {""idx"": 3, ""name"": ""소금빵"", ""price"": ""3,500원"", ""img_url"": ""https://search.pstatic.net/common/?autoRotate=true&quality=95&type=f320_320&src=https%3A%2F%2Fldb-phinf.pstatic.net%2F20241014_93%2F1728904181229xgmF6_JPEG%2FKakaoTalk_20241007_130952097.jpg""}, {""idx"": 4, ""name"": ""카페라떼"", ""price"": ""4,000원"", ""img_url"": ""https://search.pstatic.net/common/?autoRotate=true&quality=95&type=f320_320&src=https%3A%2F%2Fldb-phinf.pstatic.net%2F20240529_54%2F1716968565010oxUR6_JPEG%2FKakaoTalk_20240520_162106312_05.jpg""}, {""idx"": 5, ""name"": ""바닐라빈라떼"", ""price"": ""4,500원"", ""img_url"": ""https://search.pstatic.net/common/?autoRotate=true&quality=95&type=f320_320&src=https%3A%2F%2Fldb-phinf.pstatic.net%2F20240529_88%2F1716968582677txxEn_JPEG%2FKakaoTalk_20240520_162106312_05.jpg""}, {""idx"": 6, ""name"": ""카페모카"", ""price"": ""4,500원"", ""img_url"": ""https://search.pstatic.net/common/?autoRotate=true&quality=95&type=f320_320&src=https%3A%2F%2Fldb-phinf.pstatic.net%2F20240708_98%2F1720410508501k1PY5_JPEG%2FUNOCOFFEE_%25B7%25CE%25B0%25ED_F.jpg""}, {""idx"": 7, ""name"": ""아인슈페너"", ""price"": ""4,500원"", ""img_url"": ""https://search.pstatic.net/common/?autoRotate=true&quality=95&type=f320_320&src=https%3A%2F%2Fldb-phinf.pstatic.net%2F20240708_158%2F1720410549142L9Bv1_JPEG%2FUNOCOFFEE_%25B7%25CE%25B0%25ED_F.jpg""}, {""idx"": 8, ""name"": ""아포가토"", ""price"": ""4,500원"", ""img_url"": ""https://search.pstatic.net/common/?autoRotate=true&quality=95&type=f320_320&src=https%3A%2F%2Fldb-phinf.pstatic.net%2F20240512_40%2F17154817501422k5jl_JPEG%2FUNOCOFFEE_%25B7%25CE%25B0%25ED_F.jpg""}, {""idx"": 9, ""name"": ""플랫 화이트"", ""price"": ""4,000원"", ""img_url"": ""https://search.pstatic.net/common/?autoRotate=true&quality=95&type=f320_320&src=https%3A%2F%2Fldb-phinf.pstatic.net%2F20240529_155%2F1716968554979SacnY_JPEG%2FKakaoTalk_20240520_162106312_02.jpg""}, {""idx"": 10, ""name"": ""카푸치노"", ""price"": ""4,000원"", ""img_url"": ""https://search.pstatic.net/common/?autoRotate=true&quality=95&type=f320_320&src=https%3A%2F%2Fldb-phinf.pstatic.net%2F20240512_68%2F1715481687858YInXI_JPEG%2FUNOCOFFEE_%25B7%25CE%25B0%25ED_F.jpg""}, {""idx"": 11, ""name"": ""에스프레소"", ""price"": ""3,500원"", ""img_url"": ""https://search.pstatic.net/common/?autoRotate=true&quality=95&type=f320_320&src=https%3A%2F%2Fldb-phinf.pstatic.net%2F20240512_197%2F17154817814357hxC9_JPEG%2FUNOCOFFEE_%25B7%25CE%25B0%25ED_F.jpg""}, {""idx"": 12, ""name"": ""아이스크림"", ""price"": ""4,000원"", ""img_url"": ""https://search.pstatic.net/common/?autoRotate=true&quality=95&type=f320_320&src=https%3A%2F%2Fldb-phinf.pstatic.net%2F20240529_113%2F17169686548070FFao_JPEG%2FKakaoTalk_20240520_162106312_03.jpg""}, {""idx"": 13, ""name"": ""녹차라떼"", ""price"": ""4,000원"", ""img_url"": ""https://search.pstatic.net/common/?autoRotate=true&quality=95&type=f320_320&src=https%3A%2F%2Fldb-phinf.pstatic.net%2F20240529_180%2F1716968662837sUGuq_JPEG%2FKakaoTalk_20240520_162106312_04.jpg""}, {""idx"": 14, ""name"": ""딸기라떼"", ""price"": ""4,000원"", ""img_url"": ""https://search.pstatic.net/common/?autoRotate=true&quality=95&type=f320_320&src=https%3A%2F%2Fldb-phinf.pstatic.net%2F20240708_184%2F1720410605766GY2by_JPEG%2FUNOCOFFEE_%25B7%25CE%25B0%25ED_F.jpg""}, {""idx"": 15, ""name"": ""초코라떼"", ""price"": ""4,000원"", ""img_url"": ""https://search.pstatic.net/common/?autoRotate=true&quality=95&type=f320_320&src=https%3A%2F%2Fldb-phinf.pstatic.net%2F20240708_91%2F1720410898360ISvIj_JPEG%2FUNOCOFFEE_%25B7%25CE%25B0%25ED_F.jpg""}, {""idx"": 16, ""name"": ""오곡라떼"", ""price"": ""4,000원"", ""img_url"": ""https://search.pstatic.net/common/?autoRotate=true&quality=95&type=f320_320&src=https%3A%2F%2Fldb-phinf.pstatic.net%2F20240708_20%2F1720410630075gHreu_JPEG%2FUNOCOFFEE_%25B7%25CE%25B0%25ED_F.jpg""}, {""idx"": 17, ""name"": ""아이스티"", ""price"": ""3,500원"", ""img_url"": ""https://search.pstatic.net/common/?autoRotate=true&quality=95&type=f320_320&src=https%3A%2F%2Fldb-phinf.pstatic.net%2F20240529_106%2F1716968646310hkDdy_JPEG%2FKakaoTalk_20240520_162106312.jpg""}, {""idx"": 18, ""name"": ""스팀밀크"", ""price"": ""3,500원"", ""img_url"": ""https://search.pstatic.net/common/?autoRotate=true&quality=95&type=f320_320&src=https%3A%2F%2Fldb-phinf.pstatic.net%2F20240708_38%2F1720410890282QLOWj_JPEG%2FUNOCOFFEE_%25B7%25CE%25B0%25ED_F.jpg""}, {""idx"": 19, ""name"": ""캐모마일 애플스파이스"", ""price"": ""4,000원"", ""img_url"": ""https://search.pstatic.net/common/?autoRotate=true&quality=95&type=f320_320&src=https%3A%2F%2Fldb-phinf.pstatic.net%2F20240529_180%2F1716968674169ifQww_JPEG%2FKakaoTalk_20240520_162106312_01.jpg""}, {""idx"": 20, ""name"": ""파리스 포 허"", ""price"": ""4,000원"", ""img_url"": ""https://search.pstatic.net/common/?autoRotate=true&quality=95&type=f320_320&src=https%3A%2F%2Fldb-phinf.pstatic.net%2F20240529_175%2F1716968690939hFqqa_JPEG%2FKakaoTalk_20240520_162106312_01.jpg""}, {""idx"": 21, ""name"": ""블루 오브 런던"", ""price"": ""4,000원"", ""img_url"": ""https://search.pstatic.net/common/?autoRotate=true&quality=95&type=f320_320&src=https%3A%2F%2Fldb-phinf.pstatic.net%2F20240529_213%2F1716968682629oKKAr_JPEG%2FKakaoTalk_20240520_162106312_01.jpg""}, {""idx"": 22, ""name"": ""자몽티"", ""price"": ""4,000원"", ""img_url"": ""https://search.pstatic.net/common/?autoRotate=true&quality=95&type=f320_320&src=https%3A%2F%2Fldb-phinf.pstatic.net%2F20240708_126%2F1720410671170rHAX9_JPEG%2FUNOCOFFEE_%25B7%25CE%25B0%25ED_F.jpg""}, {""idx"": 23, ""name"": ""자몽에이드"", ""price"": ""4,500원"", ""img_url"": ""https://search.pstatic.net/common/?autoRotate=true&quality=95&type=f320_320&src=https%3A%2F%2Fldb-phinf.pstatic.net%2F20240708_196%2F17204105694105SpcP_JPEG%2FUNOCOFFEE_%25B7%25CE%25B0%25ED_F.jpg""}, {""idx"": 24, ""name"": ""오렌지에이드"", ""price"": ""4,500원"", ""img_url"": ""https://search.pstatic.net/common/?autoRotate=true&quality=95&type=f320_320&src=https%3A%2F%2Fldb-phinf.pstatic.net%2F20240708_46%2F1720410585003yEkKo_JPEG%2FUNOCOFFEE_%25B7%25CE%25B0%25ED_F.jpg""}, {""idx"": 25, ""name"": ""초코소금빵"", ""price"": ""4,000원"", ""img_url"": ""https://search.pstatic.net/common/?autoRotate=true&quality=95&type=f320_320&src=https%3A%2F%2Fldb-phinf.pstatic.net%2F20241014_152%2F1728904096569pxXds_JPEG%2FKakaoTalk_20241011_101340160_13.jpg""}, {""idx"": 26, ""name"": ""햄에그마요 소금빵"", ""price"": ""5,000원"", ""img_url"": ""https://search.pstatic.net/common/?autoRotate=true&quality=95&type=f320_320&src=https%3A%2F%2Fldb-phinf.pstatic.net%2F20241014_37%2F17289041146012xIaa_JPEG%2FKakaoTalk_20241011_101340160_10.jpg""}, {""idx"": 27, ""name"": ""디카페인 변경"", ""price"": ""500원"", ""img_url"": ""https://search.pstatic.net/common/?autoRotate=true&quality=95&type=f320_320&src=https%3A%2F%2Fldb-phinf.pstatic.net%2F20240708_161%2F1720410711079bz3Cj_JPEG%2FUNOCOFFEE_%25B7%25CE%25B0%25ED_F.jpg""}]","[""https://search.pstatic.net/common/?autoRotate=true&quality=95&type=f320_320&src=https%3A%2F%2Fldb-phinf.pstatic.net%2F20241014_93%2F1728904181229xgmF6_JPEG%2FKakaoTalk_20241007_130952097.jpg"", ""https://search.pstatic.net/common/?autoRotate=true&quality=95&type=f320_320&src=https%3A%2F%2Fldb-phinf.pstatic.net%2F20241014_152%2F1728904096569pxXds_JPEG%2FKakaoTalk_20241011_101340160_13.jpg"", ""https://search.pstatic.net/common/?autoRotate=true&quality=95&type=f320_320&src=https%3A%2F%2Fldb-phinf.pstatic.net%2F20241014_37%2F17289041146012xIaa_JPEG%2FKakaoTalk_20241011_101340160_10.jpg"", ""https://search.pstatic.net/common/?autoRotate=true&quality=95&type=f320_320&src=https%3A%2F%2Fldb-phinf.pstatic.net%2F20240529_273%2F1716968609063ndi8n_JPEG%2FKakaoTalk_20240520_162106312_08.jpg"", ""https://search.pstatic.net/common/?autoRotate=true&quality=95&type=f320_320&src=https%3A%2F%2Fldb-phinf.pstatic.net%2F20240529_180%2F1716968541106HnSo9_JPEG%2FKakaoTalk_20240520_162106312_09.jpg""]",1
saltbread,daegu,대구 월배 소금빵,온더온,대구광역시 달서구 월배로15길 8 1층 카페 온더온,대구광역시 달서구 진천동 595-28 1층 카페 온더온,,https://www.instagram.com/_ontheon,"음식점>카페,디저트",1285228406,358143184,128.5228726,35.8143559,,1186829888.0,SID_OK_AUTO_DETAIL,대구 온더온,OK,0507-1371-9435,OK,[],AI_BRIEFING_EMPTY,"found_section=place_section
bkeel_count=0",2.0,"[{""keyword"": ""커피가 맛있어요"", ""count"": 1751}, {""keyword"": ""디저트가 맛있어요"", ""count"": 1681}, {""keyword"": ""인테리어가 멋져요"", ""count"": 1497}, {""keyword"": ""음료가 맛있어요"", ""count"": 710}, {""keyword"": ""친절해요"", ""count"": 589}]",OK,keyword_count=5 total=2,https://search.pstatic.net/common/?autoRotate=true&type=w560_sharpen&src=https%3A%2F%2Fldb-phinf.pstatic.net%2F20260208_54%2F1770517049930yF9tU_JPEG%2FIMG_5032.jpeg,OK,"hit=a#_autoPlayable img
src_len=164",월 10:00 - 23:00 22:30 라스트오더 | 화 10:00 - 23:00 22:30 라스트오더 | 수 10:00 - 23:00 22:30 라스트오더 | 목 10:00 - 23:00 22:30 라스트오더 | 금 10:00 - 23:00 22:30 라스트오더 | 토 10:00 - 23:00 22:30 라스트오더 | 일 10:00 - 23:00 22:30 라스트오더,OK,"hit=hours_toggle
aria_before=false
aria_after=true
w9QyJ_count=8
detail_lines=7",0,0,OK,"more_clicks=3
li_count=47
picked_img_count=5",47,"[{""idx"": 0, ""name"": ""발로나 더블 초코 티그레"", ""price"": ""3,500원"", ""img_url"": ""https://search.pstatic.net/common/?autoRotate=true&quality=95&type=f320_320&src=https%3A%2F%2Fldb-phinf.pstatic.net%2F20250719_154%2F1752860995842hbXXV_JPEG%2F%25C3%25CA%25C4%25DA-%25C6%25BC%25B1%25D7%25B7%25B9.jpg""}, {""idx"": 1, ""name"": ""프레지에 딸기 케이크 1호"", ""price"": ""49,000원"", ""img_url"": ""https://search.pstatic.net/common/?autoRotate=true&quality=95&type=f320_320&src=https%3A%2F%2Fldb-phinf.pstatic.net%2F20251128_161%2F17642696052890Rire_JPEG%2FIMG_9181T-2.jpg""}, {""idx"": 2, ""name"": ""러프 딸기 케이크 1호"", ""price"": ""39,000원"", ""img_url"": ""https://search.pstatic.net/common/?autoRotate=true&quality=95&type=f320_320&src=https%3A%2F%2Fldb-phinf.pstatic.net%2F20251126_104%2F1764092815923gYDdy_JPEG%2FIMG_9077-2.jpg""}, {""idx"": 3, ""name"": ""생 딸기 빙수"", ""price"": ""25,000원"", ""img_url"": ""https://search.pstatic.net/common/?autoRotate=true&quality=95&type=f320_320&src=https%3A%2F%2Fldb-phinf.pstatic.net%2F20251126_299%2F1764092853492Qnn8c_JPEG%2FIMG_9134-2.jpg""}, {""idx"": 4, ""name"": ""황치즈 티그레"", ""price"": ""3,300원"", ""img_url"": ""https://search.pstatic.net/common/?autoRotate=true&quality=95&type=f320_320&src=https%3A%2F%2Fldb-phinf.pstatic.net%2F20250719_23%2F1752861772652MX98j_JPEG%2F%25C8%25B2%25C4%25A1%25C1%25EE-%25C6%25BC%25B1%25D7%25B7%25B9.jpg""}, {""idx"": 5, ""name"": ""레몬 티그레"", ""price"": ""3,300원"", ""img_url"": ""https://search.pstatic.net/common/?autoRotate=true&quality=95&type=f320_320&src=https%3A%2F%2Fldb-phinf.pstatic.net%2F20250719_215%2F1752861741264qmLYA_JPEG%2F%25B7%25B9%25B8%25F3-%25C6%25BC%25B1%25D7%25B7%25B9.jpg""}, {""idx"": 6, ""name"": ""얼그레이 티그레"", ""price"": ""3,300원"", ""img_url"": ""https://search.pstatic.net/common/?autoRotate=true&quality=95&type=f320_320&src=https%3A%2F%2Fldb-phinf.pstatic.net%2F20250719_274%2F1752861689294kBN1n_JPEG%2F%25BE%25F3%25B1%25D7%25B7%25B9%25C0%25CC-%25C6%25BC%25B1%25D7%25B7%25B9.jpg""}, {""idx"": 7, ""name"": ""흑임자 티그레"", ""price"": ""3,300원"", ""img_url"": ""https://search.pstatic.net/common/?autoRotate=true&quality=95&type=f320_320&src=https%3A%2F%2Fldb-phinf.pstatic.net%2F20250719_180%2F17528615959540a0wO_JPEG%2F%25C8%25E6%25C0%25D3%25C0%25DA-%25C6%25BC%25B1%25D7%25B7%25B9.jpg""}, {""idx"": 8, ""name"": ""말차 티그레"", ""price"": ""3,300원"", ""img_url"": ""https://search.pstatic.net/common/?autoRotate=true&quality=95&type=f320_320&src=https%3A%2F%2Fldb-phinf.pstatic.net%2F20250719_3%2F1752861536119s5no1_JPEG%2F%25B8%25BB%25C2%25F7-%25C6%25BC%25B1%25D7%25B7%25B9.jpg""}, {""idx"": 9, ""name"": ""피스타치오 티그레"", ""price"": ""3,500원"", ""img_url"": ""https://search.pstatic.net/common/?autoRotate=true&quality=95&type=f320_320&src=https%3A%2F%2Fldb-phinf.pstatic.net%2F20250719_100%2F1752861453855u1lS1_JPEG%2F%25C7%25C7%25BD%25BA%25C5%25B8%25C4%25A1%25B0%25ED-%25C6%25BC%25B1%25D7%25B7%25B9.jpg""}, {""idx"": 10, ""name"": ""딸기 초코 티그레"", ""price"": ""3,500원"", ""img_url"": ""https://search.pstatic.net/common/?autoRotate=true&quality=95&type=f320_320&src=https%3A%2F%2Fldb-phinf.pstatic.net%2F20250719_27%2F1752861392128hOiAP_JPEG%2F%25B5%25FE%25B1%25E2%25C3%25CA%25C4%25DA-%25C6%25BC%25B1%25D7%25B7%25B9.jpg""}, {""idx"": 11, ""name"": ""솔티 카라멜 티그레"", ""price"": ""3,500원"", ""img_url"": ""https://search.pstatic.net/common/?autoRotate=true&quality=95&type=f320_320&src=https%3A%2F%2Fldb-phinf.pstatic.net%2F20250719_230%2F1752861309041QHBFh_JPEG%2F%25BC%25D6%25C6%25BC%25C4%25AB%25B6%25F3%25B8%25E1-%25C6%25BC%25B1%25D7%25B7%25B9.jpg""}, {""idx"": 12, ""name"": ""앙버터 티그레"", ""price"": ""3,500원"", ""img_url"": ""https://search.pstatic.net/common/?autoRotate=true&quality=95&type=f320_320&src=https%3A%2F%2Fldb-phinf.pstatic.net%2F20250719_66%2F1752861217345F5ocs_JPEG%2F%25BE%25D3%25B9%25F6%25C5%25CD-%25C6%25BC%25B1%25D7%25B7%25B9.jpg""}, {""idx"": 13, ""name"": ""리얼망고빙수"", ""price"": ""26,000원"", ""img_url"": ""https://search.pstatic.net/common/?autoRotate=true&quality=95&type=f320_320&src=https%3A%2F%2Fldb-phinf.pstatic.net%2F20250517_27%2F1747420348678aOa9a_JPEG%2F%25B8%25C1%25B0%25ED%25BA%25F9%25BC%25F6.jpg""}, {""idx"": 14, ""name"": ""온더온팥빙수"", ""price"": ""17,000원"", ""img_url"": ""https://search.pstatic.net/common/?autoRotate=true&quality=95&type=f320_320&src=https%3A%2F%2Fldb-phinf.pstatic.net%2F20250517_189%2F1747419227419zQDdH_JPEG%2F%25C6%25CF%25BA%25F9%25BC%25F61212.jpg""}, {""idx"": 15, ""name"": ""에스프레소"", ""price"": ""3,800원"", ""img_url"": ""https://search.pstatic.net/common/?autoRotate=true&quality=95&type=f320_320&src=https%3A%2F%2Fldb-phinf.pstatic.net%2F20241022_129%2F1729566357570C6uzM_JPEG%2FKakaoTalk_20241010_010725840_15.jpg""}, {""idx"": 16, ""name"": ""아메리카노"", ""price"": ""4,800원"", ""img_url"": ""https://search.pstatic.net/common/?autoRotate=true&quality=95&type=f320_320&src=https%3A%2F%2Fldb-phinf.pstatic.net%2F20241022_37%2F17295656547603cEIR_JPEG%2FKakaoTalk_20241009_010121562.jpg""}, {""idx"": 17, ""name"": ""카페라떼"", ""price"": ""5,300원"", ""img_url"": ""https://search.pstatic.net/common/?autoRotate=true&quality=95&type=f320_320&src=https%3A%2F%2Fldb-phinf.pstatic.net%2F20241022_53%2F1729565987673FONJE_JPEG%2F%25B6%25F3%25B6%25BC.jpg""}, {""idx"": 18, ""name"": ""바닐라라떼"", ""price"": ""5,800원"", ""img_url"": ""https://search.pstatic.net/common/?autoRotate=true&quality=95&type=f320_320&src=https%3A%2F%2Fldb-phinf.pstatic.net%2F20241022_68%2F1729568905056Cn81M_JPEG%2FKakaoTalk_20241011_001929489_20.jpg""}, {""idx"": 19, ""name"": ""콜드브루"", ""price"": ""4,800원"", ""img_url"": ""https://search.pstatic.net/common/?autoRotate=true&quality=95&type=f320_320&src=https%3A%2F%2Fldb-phinf.pstatic.net%2F20241011_54%2F172857629700562wfr_JPEG%2FKakaoTalk_20241011_005537315_06.jpg""}, {""idx"": 20, ""name"": ""콜드브루라떼"", ""price"": ""5,300원"", ""img_url"": ""https://search.pstatic.net/common/?autoRotate=true&quality=95&type=f320_320&src=https%3A%2F%2Fldb-phinf.pstatic.net%2F20241011_142%2F1728576317899YNSFL_JPEG%2FKakaoTalk_20241011_005537315_07.jpg""}, {""idx"": 21, ""name"": ""아인슈페너"", ""price"": ""5,800원"", ""img_url"": ""https://search.pstatic.net/common/?autoRotate=true&quality=95&type=f320_320&src=https%3A%2F%2Fldb-phinf.pstatic.net%2F20241022_186%2F1729569456163bmcGQ_JPEG%2F%25BE%25C6%25C0%25CE%25BD%25B4.jpg""}, {""idx"": 22, ""name"": ""크림딸기라떼"", ""price"": ""5,800원"", ""img_url"": ""https://search.pstatic.net/common/?autoRotate=true&quality=95&type=f320_320&src=https%3A%2F%2Fldb-phinf.pstatic.net%2F20241022_294%2F1729569340947h5gcI_JPEG%2F%25C5%25A9%25B8%25B2%25B5%25FE%25B1%25E2%25B6%25F3%25B6%25BC.jpg""}, {""idx"": 23, ""name"": ""크림초코라떼"", ""price"": ""5,300원"", ""img_url"": ""https://search.pstatic.net/common/?autoRotate=true&quality=95&type=f320_320&src=https%3A%2F%2Fldb-phinf.pstatic.net%2F20241022_227%2F1729569259776FHCpW_JPEG%2F%25C3%25CA%25C4%25DA.jpg""}, {""idx"": 24, ""name"": ""복숭아아이스티"", ""price"": ""5,300원"", ""img_url"": ""https://search.pstatic.net/common/?autoRotate=true&quality=95&type=f320_320&src=https%3A%2F%2Fldb-phinf.pstatic.net%2F20241011_228%2F1728576020305OcSFU_JPEG%2FKakaoTalk_20241011_005537315_02.jpg""}, {""idx"": 25, ""name"": ""유자레몬티"", ""price"": ""5,300원"", ""img_url"": ""https://search.pstatic.net/common/?autoRotate=true&quality=95&type=f320_320&src=https%3A%2F%2Fldb-phinf.pstatic.net%2F20241011_84%2F1728576006126e2MGm_JPEG%2FKakaoTalk_20241011_005537315_03.jpg""}, {""idx"": 26, ""name"": ""레드자몽티"", ""price"": ""5,300원"", ""img_url"": ""https://search.pstatic.net/common/?autoRotate=true&quality=95&type=f320_320&src=https%3A%2F%2Fldb-phinf.pstatic.net%2F20241011_76%2F17285758054476Xano_JPEG%2FKakaoTalk_20241011_005537315.jpg""}, {""idx"": 27, ""name"": ""허브티 x 세레니티"", ""price"": ""4,800원"", ""img_url"": ""https://search.pstatic.net/common/?autoRotate=true&quality=95&type=f320_320&src=https%3A%2F%2Fldb-phinf.pstatic.net%2F20241022_103%2F1729565099413Vmz6n_JPEG%2F%25BC%25BC%25B7%25B9.jpg""}, {""idx"": 28, ""name"": ""허브티 x 후르츠드림"", ""price"": ""4,800원"", ""img_url"": ""https://search.pstatic.net/common/?autoRotate=true&quality=95&type=f320_320&src=https%3A%2F%2Fldb-phinf.pstatic.net%2F20241022_205%2F17295637894023vVKU_JPEG%2FKakaoTalk_20241021_234126788_13.jpg""}, {""idx"": 29, ""name"": ""허브티 x 로얄캐모마일"", ""price"": ""4,800원"", ""img_url"": ""https://search.pstatic.net/common/?autoRotate=true&quality=95&type=f320_320&src=https%3A%2F%2Fldb-phinf.pstatic.net%2F20241022_81%2F1729564329299LdYab_JPEG%2FKakaoTalk_20241021_234126788_14.jpg""}, {""idx"": 30, ""name"": ""허브티 x 겐모마일"", ""price"": ""4,800원"", ""img_url"": ""https://search.pstatic.net/common/?autoRotate=true&quality=95&type=f320_320&src=https%3A%2F%2Fldb-phinf.pstatic.net%2F20241022_64%2F1729564806326EuxEj_JPEG%2FKakaoTalk_20241021_234126788_12.jpg""}, {""idx"": 31, ""name"": ""자몽에이드"", ""price"": ""5,800원"", ""img_url"": ""https://search.pstatic.net/common/?autoRotate=true&quality=95&type=f320_320&src=https%3A%2F%2Fldb-phinf.pstatic.net%2F20241011_70%2F1728573846886GA8IK_JPEG%2FKakaoTalk_20241011_001149806_02.jpg""}, {""idx"": 32, ""name"": ""청귤에이드"", ""price"": ""5,800원"", ""img_url"": ""https://search.pstatic.net/common/?autoRotate=true&quality=95&type=f320_320&src=https%3A%2F%2Fldb-phinf.pstatic.net%2F20241011_138%2F1728574047814dBYer_JPEG%2FKakaoTalk_20241011_001149806_01.jpg""}, {""idx"": 33, ""name"": ""샤인머스켓에이드"", ""price"": ""5,800원"", ""img_url"": ""https://search.pstatic.net/common/?autoRotate=true&quality=95&type=f320_320&src=https%3A%2F%2Fldb-phinf.pstatic.net%2F20241011_257%2F1728574090807KWvjh_JPEG%2FKakaoTalk_20241011_001149806.jpg""}, {""idx"": 34, ""name"": ""블랙레몬에이드"", ""price"": ""5,800원"", ""img_url"": ""https://search.pstatic.net/common/?autoRotate=true&quality=95&type=f320_320&src=https%3A%2F%2Fldb-phinf.pstatic.net%2F20241011_268%2F1728574160989HFUwh_JPEG%2FKakaoTalk_20241011_001657218.jpg""}, {""idx"": 35, ""name"": ""플레인요거트스무디"", ""price"": ""6,000원"", ""img_url"": ""https://search.pstatic.net/common/?autoRotate=true&quality=95&type=f320_320&src=https%3A%2F%2Fldb-phinf.pstatic.net%2F20241011_242%2F1728578683984nkfx9_JPEG%2FKakaoTalk_20241011_011548882_02.jpg""}, {""idx"": 36, ""name"": ""블루베리요거트스무디"", ""price"": ""6,000원"", ""img_url"": ""https://search.pstatic.net/common/?autoRotate=true&quality=95&type=f320_320&src=https%3A%2F%2Fldb-phinf.pstatic.net%2F20241011_197%2F1728578667450uLg47_JPEG%2FKakaoTalk_20241011_011548882_03.jpg""}, {""idx"": 37, ""name"": ""망고스무디"", ""price"": ""6,000원"", ""img_url"": ""https://search.pstatic.net/common/?autoRotate=true&quality=95&type=f320_320&src=https%3A%2F%2Fldb-phinf.pstatic.net%2F20241011_220%2F1728576353283JzEX3_JPEG%2FKakaoTalk_20241011_005537315_01.jpg""}, {""idx"": 38, ""name"": ""그래놀라아포가토"", ""price"": ""7,000원"", ""img_url"": ""https://search.pstatic.net/common/?autoRotate=true&quality=95&type=f320_320&src=https%3A%2F%2Fldb-phinf.pstatic.net%2F20241022_234%2F17295629583647YFxh_JPEG%2FKakaoTalk_20241021_234126788_09.jpg""}, {""idx"": 39, ""name"": ""제주말차아이스크림"", ""price"": ""6,500원"", ""img_url"": ""https://search.pstatic.net/common/?autoRotate=true&quality=95&type=f320_320&src=https%3A%2F%2Fldb-phinf.pstatic.net%2F20241022_222%2F1729563157941XTf65_JPEG%2FKakaoTalk_20241021_234126788_10.jpg""}, {""idx"": 40, ""name"": ""청귤아이스크림"", ""price"": ""6,000원"", ""img_url"": ""https://search.pstatic.net/common/?autoRotate=true&quality=95&type=f320_320&src=https%3A%2F%2Fldb-phinf.pstatic.net%2F20241022_23%2F1729563341572Fmk0a_JPEG%2FKakaoTalk_20241021_234126788_11.jpg""}, {""idx"": 41, ""name"": ""갸또 쇼콜라"", ""price"": ""7,500원"", ""img_url"": ""https://search.pstatic.net/common/?autoRotate=true&quality=95&type=f320_320&src=https%3A%2F%2Fldb-phinf.pstatic.net%2F20241024_211%2F1729695674899Cy4dO_JPEG%2F%25C3%25CA%25C4%25DA%25B0%25BC%25B6%25C7.jpg""}, {""idx"": 42, ""name"": ""갸또 말차"", ""price"": ""7,500원"", ""img_url"": ""https://search.pstatic.net/common/?autoRotate=true&quality=95&type=f320_320&src=https%3A%2F%2Fldb-phinf.pstatic.net%2F20241023_292%2F1729695429057z2oPa_JPEG%2F%25B8%25BB%25C2%25F7.jpg""}, {""idx"": 43, ""name"": ""갸또 얼그레이"", ""price"": ""6,500원"", ""img_url"": ""https://search.pstatic.net/common/?autoRotate=true&quality=95&type=f320_320&src=https%3A%2F%2Fldb-phinf.pstatic.net%2F20241024_149%2F1729695605541Umk9B_JPEG%2F%25BE%25F3%25B1%25D7%25B7%25B9%25C0%25CC.jpg""}, {""idx"": 44, ""name"": ""갸또 쑥인절미"", ""price"": ""7,000원"", ""img_url"": ""https://search.pstatic.net/common/?autoRotate=true&quality=95&type=f320_320&src=https%3A%2F%2Fldb-phinf.pstatic.net%2F20241024_36%2F1729695927042uQVO5_JPEG%2F%25BC%25F7%25C0%25CE%25C0%25FD%25B9%25CC.jpg""}, {""idx"": 45, ""name"": ""갸또 황치즈"", ""price"": ""6,500원"", ""img_url"": ""https://search.pstatic.net/common/?autoRotate=true&quality=95&type=f320_320&src=https%3A%2F%2Fldb-phinf.pstatic.net%2F20241024_108%2F1729695837356ISrkE_JPEG%2F%25C8%25B2%25C4%25A1%25C1%25EE.jpg""}, {""idx"": 46, ""name"": ""고구마 바스크 치즈 케익"", ""price"": ""8,000원"", ""img_url"": ""https://search.pstatic.net/common/?autoRotate=true&quality=95&type=f320_320&src=https%3A%2F%2Fldb-phinf.pstatic.net%2F20250103_206%2F1735874854841gQt4O_JPEG%2FKakaoTalk_20241226_010755377_23.jpg""}]","[""https://search.pstatic.net/common/?autoRotate=true&quality=95&type=f320_320&src=https%3A%2F%2Fldb-phinf.pstatic.net%2F20250719_154%2F1752860995842hbXXV_JPEG%2F%25C3%25CA%25C4%25DA-%25C6%25BC%25B1%25D7%25B7%25B9.jpg"", ""https://search.pstatic.net/common/?autoRotate=true&quality=95&type=f320_320&src=https%3A%2F%2Fldb-phinf.pstatic.net%2F20251128_161%2F17642696052890Rire_JPEG%2FIMG_9181T-2.jpg"", ""https://search.pstatic.net/common/?autoRotate=true&quality=95&type=f320_320&src=https%3A%2F%2Fldb-phinf.pstatic.net%2F20251126_104%2F1764092815923gYDdy_JPEG%2FIMG_9077-2.jpg"", ""https://search.pstatic.net/common/?autoRotate=true&quality=95&type=f320_320&src=https%3A%2F%2Fldb-phinf.pstatic.net%2F20251126_299%2F1764092853492Qnn8c_JPEG%2FIMG_9134-2.jpg"", ""https://search.pstatic.net/common/?autoRotate=true&quality=95&type=f320_320&src=https%3A%2F%2Fldb-phinf.pstatic.net%2F20250719_23%2F1752861772652MX98j_JPEG%2F%25C8%25B2%25C4%25A1%25C1%25EE-%25C6%25BC%25B1%25D7%25B7%25B9.jpg""]",1
saltbread,daegu,대구 진천역 소금빵,포라운드커피&베이커리,대구광역시 달서구 월배로 120 서호메디컬타워 1층 106호 포라운드커피&베이커리,대구광역시 달서구 진천동 244-5 서호메디컬타워 1층 106호 포라운드커피&베이커리,,https://100원커피이벤트-선착순주문하기.com,"음식점>카페,디저트",1285275034,358146428,128.5274069,35.8145194,,1256799308.0,SID_OK_AUTO_DETAIL,대구 포라운드커피&베이커리,OK,0503-5260-6780,OK,[],AI_BRIEFING_NOT_FOUND,,18.0,"[{""keyword"": ""디저트가 맛있어요"", ""count"": 14}, {""keyword"": ""커피가 맛있어요"", ""count"": 12}, {""keyword"": ""친절해요"", ""count"": 9}, {""keyword"": ""음료가 맛있어요"", ""count"": 8}, {""keyword"": ""매장이 청결해요"", ""count"": 3}]",OK,keyword_count=5 total=18,https://search.pstatic.net/common/?autoRotate=true&type=w560_sharpen&src=https%3A%2F%2Fldb-phinf.pstatic.net%2F20241022_110%2F1729579529242E8m6x_JPEG%2FKakaoTalk_20241014_115051922.jpg,OK,"hit=a#_autoPlayable img
src_len=184",월 10:00 - 19:00 | 화 10:00 - 19:00 | 수 10:00 - 19:00 | 목 10:00 - 19:00 | 금 10:00 - 19:00 | 토 10:00 - 19:00 | 일 정기휴무 (매주 일요일),OK,"hit=hours_toggle
aria_before=false
aria_after=true
w9QyJ_count=8
detail_lines=7",0,0,OK,"more_clicks=2
li_count=33
picked_img_count=5",33,"[{""idx"": 0, ""name"": ""[패스오더전용] 100원 아메리카노"", ""price"": ""100원"", ""img_url"": ""https://search.pstatic.net/common/?autoRotate=true&quality=95&type=f320_320&src=https%3A%2F%2Fldb-phinf.pstatic.net%2F20241029_298%2F1730155483996QgzDY_PNG%2F%25B8%25DE%25B4%25BA%25C0%25CC%25B9%25CC%25C1%25F6.png""}, {""idx"": 1, ""name"": ""아메리카노"", ""price"": ""2,500원"", ""img_url"": ""https://search.pstatic.net/common/?autoRotate=true&quality=95&type=f320_320&src=https%3A%2F%2Fldb-phinf.pstatic.net%2F20241024_131%2F1729760028949rKfLs_JPEG%2F%25BE%25C6%25B8%25DE%25B8%25AE%25C4%25AB%25B3%25EB.jpg""}, {""idx"": 2, ""name"": ""소금빵"", ""price"": ""2,500원"", ""img_url"": ""https://search.pstatic.net/common/?autoRotate=true&quality=95&type=f320_320&src=https%3A%2F%2Fldb-phinf.pstatic.net%2F20241022_154%2F17295792312317AhyN_JPEG%2FKakaoTalk_20241014_115051922.jpg""}, {""idx"": 3, ""name"": ""멜론소다"", ""price"": ""4,000원"", ""img_url"": ""https://search.pstatic.net/common/?autoRotate=true&quality=95&type=f320_320&src=https%3A%2F%2Fldb-phinf.pstatic.net%2F20241024_126%2F1729759628873kSeRe_JPEG%2F%25B8%25E1%25B7%25D0%25BC%25D2%25B4%25D9.jpg""}, {""idx"": 4, ""name"": ""체리콕"", ""price"": ""3,800원"", ""img_url"": ""https://search.pstatic.net/common/?autoRotate=true&quality=95&type=f320_320&src=https%3A%2F%2Fldb-phinf.pstatic.net%2F20241024_242%2F1729759639611BIjS6_JPEG%2F%25C3%25BC%25B8%25AE%25C4%25DB.jpg""}, {""idx"": 5, ""name"": ""수제청귤에이드"", ""price"": ""3,600원"", ""img_url"": ""https://search.pstatic.net/common/?autoRotate=true&quality=95&type=f320_320&src=https%3A%2F%2Fldb-phinf.pstatic.net%2F20241024_268%2F1729759652680dVfEn_JPEG%2F%25BC%25F6%25C1%25A6%25C3%25BB%25B1%25D6%25BF%25A1%25C0%25CC%25B5%25E5.jpg""}, {""idx"": 6, ""name"": ""수제매실에이드"", ""price"": ""3,600원"", ""img_url"": ""https://search.pstatic.net/common/?autoRotate=true&quality=95&type=f320_320&src=https%3A%2F%2Fldb-phinf.pstatic.net%2F20241024_39%2F1729759661177SY1qe_JPEG%2F%25BC%25F6%25C1%25A6%25B8%25C5%25BD%25C7%25BF%25A1%25C0%25CC%25B5%25E5.jpg""}, {""idx"": 7, ""name"": ""수제자몽에이드"", ""price"": ""3,600원"", ""img_url"": ""https://search.pstatic.net/common/?autoRotate=true&quality=95&type=f320_320&src=https%3A%2F%2Fldb-phinf.pstatic.net%2F20241024_87%2F1729759708440FNkiS_JPEG%2F%25BC%25F6%25C1%25A6%25C0%25DA%25B8%25F9%25BF%25A1%25C0%25CC%25B5%25E5.jpg""}, {""idx"": 8, ""name"": ""수제레몬에이드"", ""price"": ""3,600원"", ""img_url"": ""https://search.pstatic.net/common/?autoRotate=true&quality=95&type=f320_320&src=https%3A%2F%2Fldb-phinf.pstatic.net%2F20241024_200%2F1729759716250b5GGu_JPEG%2F%25BC%25F6%25C1%25A6%25B7%25B9%25B8%25F3%25BF%25A1%25C0%25CC%25B5%25E5.jpg""}, {""idx"": 9, ""name"": ""흑임자라떼"", ""price"": ""4,000원"", ""img_url"": ""https://search.pstatic.net/common/?autoRotate=true&quality=95&type=f320_320&src=https%3A%2F%2Fldb-phinf.pstatic.net%2F20241024_72%2F1729759724047scxNp_JPEG%2F%25C8%25E6%25C0%25D3%25C0%25DA%25B6%25F3%25B6%25BC.jpg""}, {""idx"": 10, ""name"": ""녹차라떼"", ""price"": ""4,000원"", ""img_url"": ""https://search.pstatic.net/common/?autoRotate=true&quality=95&type=f320_320&src=https%3A%2F%2Fldb-phinf.pstatic.net%2F20241024_76%2F17297597504505GsH4_JPEG%2F%25B3%25EC%25C2%25F7%25B6%25F3%25B6%25BC.jpg""}, {""idx"": 11, ""name"": ""고구마라떼"", ""price"": ""4,000원"", ""img_url"": ""https://search.pstatic.net/common/?autoRotate=true&quality=95&type=f320_320&src=https%3A%2F%2Fldb-phinf.pstatic.net%2F20241024_171%2F1729759758179M0lHj_JPEG%2F%25B0%25ED%25B1%25B8%25B8%25B6%25B6%25F3%25B6%25BC.jpg""}, {""idx"": 12, ""name"": ""쑥미숫가루라떼"", ""price"": ""4,000원"", ""img_url"": ""https://search.pstatic.net/common/?autoRotate=true&quality=95&type=f320_320&src=https%3A%2F%2Fldb-phinf.pstatic.net%2F20241024_289%2F1729759766318QSMEw_JPEG%2F%25BE%25A6%25B9%25CC%25BC%25FD%25B0%25A1%25B7%25E7%25B6%25F3%25B6%25BC.jpg""}, {""idx"": 13, ""name"": ""수제곡물라떼"", ""price"": ""4,000원"", ""img_url"": ""https://search.pstatic.net/common/?autoRotate=true&quality=95&type=f320_320&src=https%3A%2F%2Fldb-phinf.pstatic.net%2F20241024_70%2F1729759773452jOMaV_JPEG%2F%25BC%25F6%25C1%25A6%25B0%25EE%25B9%25B0%25B6%25F3%25B6%25BC.jpg""}, {""idx"": 14, ""name"": ""딸기연유라떼"", ""price"": ""4,000원"", ""img_url"": ""https://search.pstatic.net/common/?autoRotate=true&quality=95&type=f320_320&src=https%3A%2F%2Fldb-phinf.pstatic.net%2F20241024_68%2F1729759780442b7bNd_JPEG%2F%25B5%25FE%25B1%25E2%25BF%25AC%25C0%25AF%25B6%25F3%25B6%25BC.jpg""}, {""idx"": 15, ""name"": ""초코라떼"", ""price"": ""3,800원"", ""img_url"": ""https://search.pstatic.net/common/?autoRotate=true&quality=95&type=f320_320&src=https%3A%2F%2Fldb-phinf.pstatic.net%2F20241024_129%2F1729759788555W4bvJ_JPEG%2F%25C3%25CA%25C4%25DA%25B6%25F3%25B6%25BC.jpg""}, {""idx"": 16, ""name"": ""수제자몽차"", ""price"": ""3,400원"", ""img_url"": ""https://search.pstatic.net/common/?autoRotate=true&quality=95&type=f320_320&src=https%3A%2F%2Fldb-phinf.pstatic.net%2F20241024_183%2F1729759795787HayXd_JPEG%2F%25BC%25F6%25C1%25A6%25C0%25DA%25B8%25F9%25C2%25F7.jpg""}, {""idx"": 17, ""name"": ""수제오미자차"", ""price"": ""3,200원"", ""img_url"": ""https://search.pstatic.net/common/?autoRotate=true&quality=95&type=f320_320&src=https%3A%2F%2Fldb-phinf.pstatic.net%2F20241024_191%2F1729759872589QTayF_JPEG%2F%25BC%25F6%25C1%25A6%25BF%25C0%25B9%25CC%25C0%25DA%25C2%25F7.jpg""}, {""idx"": 18, ""name"": ""수제유자생강차"", ""price"": ""3,200원"", ""img_url"": ""https://search.pstatic.net/common/?autoRotate=true&quality=95&type=f320_320&src=https%3A%2F%2Fldb-phinf.pstatic.net%2F20241024_87%2F1729759884197OEeJM_JPEG%2F%25BC%25F6%25C1%25A6%25C0%25AF%25C0%25DA%25BB%25FD%25B0%25AD%25C2%25F7.jpg""}, {""idx"": 19, ""name"": ""수제생강차"", ""price"": ""3,000원"", ""img_url"": ""https://search.pstatic.net/common/?autoRotate=true&quality=95&type=f320_320&src=https%3A%2F%2Fldb-phinf.pstatic.net%2F20241024_204%2F1729759892732aQatJ_JPEG%2F%25BC%25F6%25C1%25A6%25BB%25FD%25B0%25AD%25C2%25F7.jpg""}, {""idx"": 20, ""name"": ""수제청귤차"", ""price"": ""3,000원"", ""img_url"": ""https://search.pstatic.net/common/?autoRotate=true&quality=95&type=f320_320&src=https%3A%2F%2Fldb-phinf.pstatic.net%2F20241024_2%2F1729759901427eB2zk_JPEG%2F%25BC%25F6%25C1%25A6%25C3%25BB%25B1%25D6%25C2%25F7.jpg""}, {""idx"": 21, ""name"": ""수제매실차"", ""price"": ""3,000원"", ""img_url"": ""https://search.pstatic.net/common/?autoRotate=true&quality=95&type=f320_320&src=https%3A%2F%2Fldb-phinf.pstatic.net%2F20241024_121%2F1729759911319XfBVV_JPEG%2F%25BC%25F6%25C1%25A6%25B8%25C5%25BD%25C7%25C2%25F7.jpg""}, {""idx"": 22, ""name"": ""수제레몬차"", ""price"": ""3,000원"", ""img_url"": ""https://search.pstatic.net/common/?autoRotate=true&quality=95&type=f320_320&src=https%3A%2F%2Fldb-phinf.pstatic.net%2F20241024_108%2F1729759919197eGX4q_JPEG%2F%25BC%25F6%25C1%25A6%25B7%25B9%25B8%25F3%25C2%25F7.jpg""}, {""idx"": 23, ""name"": ""꿀유자차"", ""price"": ""3,000원"", ""img_url"": ""https://search.pstatic.net/common/?autoRotate=true&quality=95&type=f320_320&src=https%3A%2F%2Fldb-phinf.pstatic.net%2F20241024_11%2F1729759929400I59nX_JPEG%2F%25C0%25AF%25C0%25DA%25C2%25F7.jpg""}, {""idx"": 24, ""name"": ""아샷추 (아이스티+샷)"", ""price"": ""3,000원"", ""img_url"": ""https://search.pstatic.net/common/?autoRotate=true&quality=95&type=f320_320&src=https%3A%2F%2Fldb-phinf.pstatic.net%2F20241024_32%2F1729759940095RsnGe_JPEG%2F%25BE%25C6%25BC%25A6%25C3%25DF.jpg""}, {""idx"": 25, ""name"": ""복숭아아이스티"", ""price"": ""2,500원"", ""img_url"": ""https://search.pstatic.net/common/?autoRotate=true&quality=95&type=f320_320&src=https%3A%2F%2Fldb-phinf.pstatic.net%2F20241024_152%2F1729759957804bLBDu_JPEG%2F%25BA%25B9%25BC%25FE%25BE%25C6%25BE%25C6%25C0%25CC%25BD%25BA%25C6%25BC.jpg""}, {""idx"": 26, ""name"": ""레몬아이스티"", ""price"": ""2,500원"", ""img_url"": ""https://search.pstatic.net/common/?autoRotate=true&quality=95&type=f320_320&src=https%3A%2F%2Fldb-phinf.pstatic.net%2F20241024_109%2F1729759965932Uba30_JPEG%2F%25B7%25B9%25B8%25F3%25BE%25C6%25C0%25CC%25BD%25BA%25C6%25BC.jpg""}, {""idx"": 27, ""name"": ""헤이즐넛라떼"", ""price"": ""3,800원"", ""img_url"": ""https://search.pstatic.net/common/?autoRotate=true&quality=95&type=f320_320&src=https%3A%2F%2Fldb-phinf.pstatic.net%2F20241024_89%2F1729759973997TIpsA_JPEG%2F%25C7%25EC%25C0%25CC%25C1%25F1%25B3%25D3%25B6%25F3%25B6%25BC.jpg""}, {""idx"": 28, ""name"": ""바닐라라떼"", ""price"": ""3,600원"", ""img_url"": ""https://search.pstatic.net/common/?autoRotate=true&quality=95&type=f320_320&src=https%3A%2F%2Fldb-phinf.pstatic.net%2F20241024_198%2F1729759981053tftPu_JPEG%2F%25B9%25D9%25B4%25D2%25B6%25F3%25B6%25F3%25B6%25BC.jpg""}, {""idx"": 29, ""name"": ""연유라떼"", ""price"": ""3,400원"", ""img_url"": ""https://search.pstatic.net/common/?autoRotate=true&quality=95&type=f320_320&src=https%3A%2F%2Fldb-phinf.pstatic.net%2F20241024_132%2F1729759992213xJzYM_JPEG%2F%25BF%25AC%25C0%25AF%25B6%25F3%25B6%25BC.jpg""}, {""idx"": 30, ""name"": ""카푸치노"", ""price"": ""3,000원"", ""img_url"": ""https://search.pstatic.net/common/?autoRotate=true&quality=95&type=f320_320&src=https%3A%2F%2Fldb-phinf.pstatic.net%2F20241024_171%2F1729759999345rj2nX_JPEG%2F%25C4%25AB%25C7%25AA%25C4%25A1%25B3%25EB.jpg""}, {""idx"": 31, ""name"": ""카페라떼"", ""price"": ""3,000원"", ""img_url"": ""https://search.pstatic.net/common/?autoRotate=true&quality=95&type=f320_320&src=https%3A%2F%2Fldb-phinf.pstatic.net%2F20241024_97%2F17297600072521csXa_JPEG%2F%25C4%25AB%25C6%25E4%25B6%25F3%25B6%25BC.jpg""}, {""idx"": 32, ""name"": ""1L 아메리카노"", ""price"": ""3,800원"", ""img_url"": ""https://search.pstatic.net/common/?autoRotate=true&quality=95&type=f320_320&src=https%3A%2F%2Fldb-phinf.pstatic.net%2F20241024_253%2F1729760018257fyejl_JPEG%2F1%25B8%25AE%25C5%25CD_%25BE%25C6%25B8%25DE%25B8%25AE%25C4%25AB%25B3%25EB.jpg""}]","[""https://search.pstatic.net/common/?autoRotate=true&quality=95&type=f320_320&src=https%3A%2F%2Fldb-phinf.pstatic.net%2F20241022_154%2F17295792312317AhyN_JPEG%2FKakaoTalk_20241014_115051922.jpg"", ""https://search.pstatic.net/common/?autoRotate=true&quality=95&type=f320_320&src=https%3A%2F%2Fldb-phinf.pstatic.net%2F20241029_298%2F1730155483996QgzDY_PNG%2F%25B8%25DE%25B4%25BA%25C0%25CC%25B9%25CC%25C1%25F6.png"", ""https://search.pstatic.net/common/?autoRotate=true&quality=95&type=f320_320&src=https%3A%2F%2Fldb-phinf.pstatic.net%2F20241024_131%2F1729760028949rKfLs_JPEG%2F%25BE%25C6%25B8%25DE%25B8%25AE%25C4%25AB%25B3%25EB.jpg"", ""https://search.pstatic.net/common/?autoRotate=true&quality=95&type=f320_320&src=https%3A%2F%2Fldb-phinf.pstatic.net%2F20241024_126%2F1729759628873kSeRe_JPEG%2F%25B8%25E1%25B7%25D0%25BC%25D2%25B4%25D9.jpg"", ""https://search.pstatic.net/common/?autoRotate=true&quality=95&type=f320_320&src=https%3A%2F%2Fldb-phinf.pstatic.net%2F20241024_242%2F1729759639611BIjS6_JPEG%2F%25C3%25BC%25B8%25AE%25C4%25DB.jpg""]",1
saltbread,daegu,대구 월배 소금빵 베이커리,씨티씨커피 진천점,"대구광역시 달서구 진천로 75-7 1층 101, 102호","대구광역시 달서구 진천동 595-54 1층 101, 102호",,https://forms.gle/rmTXqBLwcVEfChwz5,"음식점>카페,디저트",1285225589,358148385,128.5227347,35.8148582,,1538541565.0,SID_OK_AUTO_DETAIL,대구 씨티씨커피 진천점,OK,0507-1337-7741,OK,[],AI_BRIEFING_EMPTY,"found_section=place_section
bkeel_count=0",,[],VISITOR_REVIEW_SECTION_NOT_FOUND,,,HERO_IMG_NOT_FOUND,,,HOURS_NOT_FOUND,,0,0,OK,"more_clicks=3
li_count=61
picked_img_count=5",61,"[{""idx"": 0, ""name"": ""소금빵"", ""price"": ""3,300원"", ""img_url"": ""https://search.pstatic.net/common/?autoRotate=true&quality=95&type=f320_320&src=http%3A%2F%2Fimagefarm.baemin.com%2Fsmartmenuimage%2Fupload%2Fimage%2F2025%2F2%2F13%2F5Sv2vbXnGkSIUvy8tIJy9oQ0_8a-H50CKbHXyxpyfS3ClW50Fo-KTOeNfffXZ4HMsCqg3VUQCq7negzS3EJhmA%3D%3D.jpg""}, {""idx"": 1, ""name"": ""우유생크림 소금빵"", ""price"": ""4,600원"", ""img_url"": ""https://search.pstatic.net/common/?autoRotate=true&quality=95&type=f320_320&src=http%3A%2F%2Fimagefarm.baemin.com%2Fsmartmenuimage%2Fupload%2Fimage%2F2025%2F2%2F13%2FJFIEj3B2yoicGShopQ-3THeJt7OXck30anaYYp4hmCM1FHtYfFufuEY5S2rcm5cFsLF7IbarhffjYQJ3PwFOAw%3D%3D.jpg""}, {""idx"": 2, ""name"": ""에그포테이토소금 샌드위치"", ""price"": ""5,400원"", ""img_url"": ""https://search.pstatic.net/common/?autoRotate=true&quality=95&type=f320_320&src=http%3A%2F%2Fimagefarm.baemin.com%2Fsmartmenuimage%2Fupload%2Fimage%2F2025%2F2%2F13%2FZJ8SmnGD9d3Wogpw5oyw1o52TmDZ7vDjBBxHywQwVk5d5sUo98k0I4tD9rKaBIltByU45V7GTkJGknWQDTsWYg%3D%3D.jpg""}, {""idx"": 3, ""name"": ""카페라떼"", ""price"": ""5,000원"", ""img_url"": ""https://search.pstatic.net/common/?autoRotate=true&quality=95&type=f320_320&src=http%3A%2F%2Fimagefarm.baemin.com%2Fsmartmenuimage%2Fupload%2Fimage%2F2025%2F2%2F13%2F9yDPgUqCxQVK_ChK2mgorLHfuQBsBXmzC0KbnkkiMlPIadq_s9C0CJKNLry_I1bfqhBdHSimvcW5av5z97_5vQ%3D%3D.jpg""}, {""idx"": 4, ""name"": ""초당옥수수커피(Only ice)"", ""price"": ""7,000원"", ""img_url"": ""https://search.pstatic.net/common/?autoRotate=true&quality=95&type=f320_320&src=http%3A%2F%2Fimagefarm.baemin.com%2Fsmartmenuimage%2Fupload%2Fimage%2F2025%2F2%2F13%2FNBjWELjOd98rL99UuVySPPgtLFh_0WDvH4hOzp7nhYcqa26LQGckUDsloXrA2J4dvzhSrl_ELCg5vT5Z3Jhh0w%3D%3D.jpg""}, {""idx"": 5, ""name"": ""[5구] 소금빵 선물세트"", ""price"": ""17,300원"", ""img_url"": ""https://search.pstatic.net/common/?autoRotate=true&quality=95&type=f320_320&src=http%3A%2F%2Fimagefarm.baemin.com%2Fsmartmenuimage%2Fupload%2Fimage%2F2025%2F9%2F8%2Fa5PSmkiZstc6GSwaNLhy4MAN7HoTVKtYTOsbaL84XSBa4siNM0M7V2XgRRB4Rtb1sUOFi0T05OW0sYXpy6hybw%3D%3D.jpg""}, {""idx"": 6, ""name"": ""[10구] 소금빵 선물세트"", ""price"": ""34,100원"", ""img_url"": ""https://search.pstatic.net/common/?autoRotate=true&quality=95&type=f320_320&src=http%3A%2F%2Fimagefarm.baemin.com%2Fsmartmenuimage%2Fupload%2Fimage%2F2025%2F9%2F8%2FTRSfuaedw928uEwZqCABUBQV8swSqFlMIlJn07NeCvi2V3ibYwrZnEX0cxUVuzRv86CyV6OiyWxsYNPYT4UNdw%3D%3D.jpg""}, {""idx"": 7, ""name"": ""양송이스프"", ""price"": ""9,000원"", ""img_url"": ""https://search.pstatic.net/common/?autoRotate=true&quality=95&type=f320_320&src=http%3A%2F%2Fimagefarm.baemin.com%2Fsmartmenuimage%2Fupload%2Fimage%2F2025%2F2%2F13%2FE2zEA2s51di55N5oNyzqVSp44NeI_lg-D4ajdgF3-CJsy6X5WbybzoN10iz0yx2_8TE8kcIBW3JJtFmpj2Y_OA%3D%3D.jpg""}, {""idx"": 8, ""name"": ""스프 소금빵 세트 2인(2인분)"", ""price"": ""14,800원"", ""img_url"": ""https://search.pstatic.net/common/?autoRotate=true&quality=95&type=f320_320&src=http%3A%2F%2Fimagefarm.baemin.com%2Fsmartmenuimage%2Fupload%2Fimage%2F2025%2F2%2F13%2F7g_yqcq83i--TH7qSNhvFa6bhClnGrK0FJOpcyerUOFgQ9Jigm0R7nlQ3S4G_UMXkxiitHWTU1ccDxTWCLQ3bQ%3D%3D.jpg""}, {""idx"": 9, ""name"": ""스프 소금빵 세트 1인(1인분)"", ""price"": ""11,900원"", ""img_url"": ""https://search.pstatic.net/common/?autoRotate=true&quality=95&type=f320_320&src=http%3A%2F%2Fimagefarm.baemin.com%2Fsmartmenuimage%2Fupload%2Fimage%2F2025%2F2%2F13%2Fg7agQBPpfV0PRwQEILzP4f5EpCFRgatWsQ6AmqVnHgc8qsrTaFgCQDeG03Ad8bePxSmKIUoBcGyZrjDrZez1VA%3D%3D.jpg""}, {""idx"": 10, ""name"": ""(리유저블컵) 1리터 아메리카노 (Only Ice)"", ""price"": ""7,100원"", ""img_url"": ""https://search.pstatic.net/common/?autoRotate=true&quality=95&type=f320_320&src=http%3A%2F%2Fimagefarm.baemin.com%2Fsmartmenuimage%2Fupload%2Fimage%2F2025%2F2%2F13%2FyCfvqn3z-nP7ymCXL1dcB191htkprwChTRP1BVknCOL-EI2KpCdBp_84-PraEUXoflAiBsjML1f_2Kvs6PTDvA%3D%3D.jpg""}, {""idx"": 11, ""name"": ""아메리카노"", ""price"": ""4,600원"", ""img_url"": ""https://search.pstatic.net/common/?autoRotate=true&quality=95&type=f320_320&src=http%3A%2F%2Fimagefarm.baemin.com%2Fsmartmenuimage%2Fupload%2Fimage%2F2025%2F2%2F13%2FbgROjDjUzUCcYiUq8SJ4mK-LOnAAJHe8KonYcKN3uaMVgHBJQ3BRxS8Jafg9l_5Selm8JiYP2Eb9zX-GMe_kog%3D%3D.jpg""}, {""idx"": 12, ""name"": ""더치커피"", ""price"": ""5,000원"", ""img_url"": ""https://search.pstatic.net/common/?autoRotate=true&quality=95&type=f320_320&src=http%3A%2F%2Fimagefarm.baemin.com%2Fsmartmenuimage%2Fupload%2Fimage%2F2025%2F2%2F13%2FjM9YtcZ2GRgQtbioiRwCGH4hm86RI8uYc6nh5Yu_t-iUmluUbRhYqzLouARnL4ZKNKitvgwVH_tSoQrwvnGKQg%3D%3D.jpg""}, {""idx"": 13, ""name"": ""카페라떼"", ""price"": ""5,000원"", ""img_url"": ""https://search.pstatic.net/common/?autoRotate=true&quality=95&type=f320_320&src=http%3A%2F%2Fimagefarm.baemin.com%2Fsmartmenuimage%2Fupload%2Fimage%2F2025%2F2%2F13%2F9yDPgUqCxQVK_ChK2mgorLHfuQBsBXmzC0KbnkkiMlPIadq_s9C0CJKNLry_I1bfqhBdHSimvcW5av5z97_5vQ%3D%3D.jpg""}, {""idx"": 14, ""name"": ""바닐라라떼"", ""price"": ""5,000원"", ""img_url"": ""https://search.pstatic.net/common/?autoRotate=true&quality=95&type=f320_320&src=http%3A%2F%2Fimagefarm.baemin.com%2Fsmartmenuimage%2Fupload%2Fimage%2F2025%2F2%2F13%2FAJSFKWJCv_slZEKRoEx8_BqFbZ-eZgHhlQVMmKZnaMz5NXInwBhFN5x-uTFNUzS_bu-cugGaAdsarea-dDJ90A%3D%3D.jpg""}, {""idx"": 15, ""name"": ""아인슈패너(Only Ice)"", ""price"": ""6,500원"", ""img_url"": ""https://search.pstatic.net/common/?autoRotate=true&quality=95&type=f320_320&src=http%3A%2F%2Fimagefarm.baemin.com%2Fsmartmenuimage%2Fupload%2Fimage%2F2025%2F2%2F13%2FNKJUVokdgoP0I0YBZ9LFWHbsIo3PPanfbEr5U9SPERB9I0bUrJ6mzPJ0fOmzX72bqrNAfyW93ilO8R8yF3Li5Q%3D%3D.jpg""}, {""idx"": 16, ""name"": ""초당옥수수커피(Only ice)"", ""price"": ""7,000원"", ""img_url"": ""https://search.pstatic.net/common/?autoRotate=true&quality=95&type=f320_320&src=http%3A%2F%2Fimagefarm.baemin.com%2Fsmartmenuimage%2Fupload%2Fimage%2F2025%2F2%2F13%2FNBjWELjOd98rL99UuVySPPgtLFh_0WDvH4hOzp7nhYcqa26LQGckUDsloXrA2J4dvzhSrl_ELCg5vT5Z3Jhh0w%3D%3D.jpg""}, {""idx"": 17, ""name"": ""딸기라떼(Only Ice)"", ""price"": ""6,500원"", ""img_url"": ""https://search.pstatic.net/common/?autoRotate=true&quality=95&type=f320_320&src=http%3A%2F%2Fimagefarm.baemin.com%2Fsmartmenuimage%2Fupload%2Fimage%2F2025%2F2%2F13%2FFkd-UaKgUj2w5V6TkARFv-6CNhGRGCEkUZsdzHg-O4GWeS4lNBBUX_gkC-b-WmZJSyspxVaGPoxOIRMVN0Eiag%3D%3D.jpg""}, {""idx"": 18, ""name"": ""더치커피원액 500ml(500ml)"", ""price"": ""15,000원"", ""img_url"": ""https://search.pstatic.net/common/?autoRotate=true&quality=95&type=f320_320&src=http%3A%2F%2Fimagefarm.baemin.com%2Fsmartmenuimage%2Fupload%2Fimage%2F2025%2F3%2F5%2FBOLulrPG3XlqeagNfF1yTBrLNRELiA2vb7MLtG8fGfg6k2LWErz1VLlZLsrrbYYER5XthhqSZJ7S_HmQalBc7Q%3D%3D.jpg""}, {""idx"": 19, ""name"": ""라떼 4잔 세트"", ""price"": ""19,200원"", ""img_url"": ""https://search.pstatic.net/common/?autoRotate=true&quality=95&type=f320_320&src=http%3A%2F%2Fimagefarm.baemin.com%2Fsmartmenuimage%2Fupload%2Fimage%2F2024%2F10%2F23%2FCF_1_xplGfcBSdpZ8A4HPvjsgy01TePsSl4zOfs4wmJgmMbzy8DjGpOqDPpTZJDM-k4Sx45Ud8bohY_QRGVKFg%3D%3D.jpg""}, {""idx"": 20, ""name"": ""아메+라떼 4잔세트"", ""price"": ""18,300원"", ""img_url"": ""https://search.pstatic.net/common/?autoRotate=true&quality=95&type=f320_320&src=http%3A%2F%2Fimagefarm.baemin.com%2Fsmartmenuimage%2Fupload%2Fimage%2F2024%2F10%2F24%2Fd0EdjWcunJD9RlWiv-IuUn7EIXxpBbEynk0RNyUb-5tI27wyZQkiOVwWMT6QXTe-.jpg""}, {""idx"": 21, ""name"": ""아메 4잔 세트(아메리카노 4잔)"", ""price"": ""17,400원"", ""img_url"": ""https://search.pstatic.net/common/?autoRotate=true&quality=95&type=f320_320&src=http%3A%2F%2Fimagefarm.baemin.com%2Fsmartmenuimage%2Fupload%2Fimage%2F2024%2F10%2F24%2Fd0EdjWcunJD9RlWiv-IuUsQ485mrrzg_k4C0gQ61fva8ETJK2q0LcU3S7K_JSxZP.jpg""}, {""idx"": 22, ""name"": ""소금빵"", ""price"": ""3,300원"", ""img_url"": ""https://search.pstatic.net/common/?autoRotate=true&quality=95&type=f320_320&src=http%3A%2F%2Fimagefarm.baemin.com%2Fsmartmenuimage%2Fupload%2Fimage%2F2025%2F2%2F13%2F5Sv2vbXnGkSIUvy8tIJy9oQ0_8a-H50CKbHXyxpyfS3ClW50Fo-KTOeNfffXZ4HMsCqg3VUQCq7negzS3EJhmA%3D%3D.jpg""}, {""idx"": 23, ""name"": ""우유생크림 소금빵"", ""price"": ""4,600원"", ""img_url"": ""https://search.pstatic.net/common/?autoRotate=true&quality=95&type=f320_320&src=http%3A%2F%2Fimagefarm.baemin.com%2Fsmartmenuimage%2Fupload%2Fimage%2F2025%2F2%2F13%2FJFIEj3B2yoicGShopQ-3THeJt7OXck30anaYYp4hmCM1FHtYfFufuEY5S2rcm5cFsLF7IbarhffjYQJ3PwFOAw%3D%3D.jpg""}, {""idx"": 24, ""name"": ""땅콩크림 소금빵"", ""price"": ""4,600원"", ""img_url"": ""https://search.pstatic.net/common/?autoRotate=true&quality=95&type=f320_320&src=http%3A%2F%2Fimagefarm.baemin.com%2Fsmartmenuimage%2Fupload%2Fimage%2F2025%2F2%2F13%2FDkLdcvtiCMH-0Pl9uk-6vUr_SEQzHnHvznsET4fjuK6vRXp91L2NpXorItNNib9jY4gvsmyJQrQA61rIRG2hnw%3D%3D.jpg""}, {""idx"": 25, ""name"": ""초코생크림 소금빵"", ""price"": ""4,600원"", ""img_url"": ""https://search.pstatic.net/common/?autoRotate=true&quality=95&type=f320_320&src=http%3A%2F%2Fimagefarm.baemin.com%2Fsmartmenuimage%2Fupload%2Fimage%2F2025%2F2%2F13%2FNJ0TxoW9j2qcIizi6-5LSAZ-9hBgdwNd33XQ1yEKqN5ntBX-YIEjjhclAEpokJga0IkDkHKnGLih9J5YBz9emw%3D%3D.jpg""}, {""idx"": 26, ""name"": ""모카번 소금빵"", ""price"": ""4,600원"", ""img_url"": ""https://search.pstatic.net/common/?autoRotate=true&quality=95&type=f320_320&src=http%3A%2F%2Fimagefarm.baemin.com%2Fsmartmenuimage%2Fupload%2Fimage%2F2025%2F2%2F13%2FOxRx5qUbPUtXM6OnkWJ0FY8nEOmOH5Bg2QwxriWn74kVmKRLJmM9Verf3VvMhF1yZuQDI1LEhYoW5v9J1uELyw%3D%3D.jpg""}, {""idx"": 27, ""name"": ""슈크림 소금빵"", ""price"": ""4,600원"", ""img_url"": ""https://search.pstatic.net/common/?autoRotate=true&quality=95&type=f320_320&src=http%3A%2F%2Fimagefarm.baemin.com%2Fsmartmenuimage%2Fupload%2Fimage%2F2025%2F7%2F17%2F_V_Cpl3xX11KaNs5X-EY6YaqbeYb2HgJjKhtuq8DV8Aef1dzbD76SsXhsiRiOFKPSH8hZzxF0rYVLC5EqpmTgQ%3D%3D.jpg""}, {""idx"": 28, ""name"": ""팥앙금 소금빵"", ""price"": ""4,600원"", ""img_url"": ""https://search.pstatic.net/common/?autoRotate=true&quality=95&type=f320_320&src=http%3A%2F%2Fimagefarm.baemin.com%2Fsmartmenuimage%2Fupload%2Fimage%2F2025%2F7%2F17%2FV_fZDB_bnnwjUTZleJ_XU198f4pXxP8-GTJ248MM88RE8YgSGb3KASKuKpDUqepaQykKFjtQp6fhSW2QGVQhiA%3D%3D.jpg""}, {""idx"": 29, ""name"": ""앙버터 소금빵"", ""price"": ""5,200원"", ""img_url"": ""https://search.pstatic.net/common/?autoRotate=true&quality=95&type=f320_320&src=http%3A%2F%2Fimagefarm.baemin.com%2Fsmartmenuimage%2Fupload%2Fimage%2F2025%2F7%2F17%2F5d4PBKAdP318cQkgkpnoT7GfSfKlG1HDqIraTuhGE1IYGMAGlTTbZbVmFA4IMn54gTDR5zg8aIHlx2PDeHFRrQ%3D%3D.jpg""}, {""idx"": 30, ""name"": ""[신메뉴]초코에 빠진 소금빵"", ""price"": ""5,100원"", ""img_url"": ""https://search.pstatic.net/common/?autoRotate=true&quality=95&type=f320_320&src=http%3A%2F%2Fimagefarm.baemin.com%2Fsmartmenuimage%2Fupload%2Fimage%2F2025%2F12%2F22%2FIGJYR6v9bYZqbPkFKfL90Tav1P3JZXR0P541hGVVDhUt5vTRUbRX8NEeAQXfxPJoKKEcqprd63Y-t96Hlzt1CQ%3D%3D.jpg""}, {""idx"": 31, ""name"": ""[신메뉴]명란마요 소금빵"", ""price"": ""5,600원"", ""img_url"": ""https://search.pstatic.net/common/?autoRotate=true&quality=95&type=f320_320&src=http%3A%2F%2Fimagefarm.baemin.com%2Fsmartmenuimage%2Fupload%2Fimage%2F2025%2F12%2F22%2FkMvMHuTasRj3etCTf9lwmolg1x5XdyaYTo1a2-HYo0gh7c_P5U_V_UQkYvklcfdml65QaDY0bEwH-zgEaC1Mbg%3D%3D.jpg""}, {""idx"": 32, ""name"": ""에그포테이토소금 샌드위치"", ""price"": ""5,400원"", ""img_url"": ""https://search.pstatic.net/common/?autoRotate=true&quality=95&type=f320_320&src=http%3A%2F%2Fimagefarm.baemin.com%2Fsmartmenuimage%2Fupload%2Fimage%2F2025%2F2%2F13%2FZJ8SmnGD9d3Wogpw5oyw1o52TmDZ7vDjBBxHywQwVk5d5sUo98k0I4tD9rKaBIltByU45V7GTkJGknWQDTsWYg%3D%3D.jpg""}, {""idx"": 33, ""name"": ""소금잠봉 샌드위치"", ""price"": ""6,100원"", ""img_url"": ""https://search.pstatic.net/common/?autoRotate=true&quality=95&type=f320_320&src=http%3A%2F%2Fimagefarm.baemin.com%2Fsmartmenuimage%2Fupload%2Fimage%2F2025%2F3%2F5%2Fb4ubiAk0pqH-xlLZjcY5YalV-rKITKEjuET-RD3FfLkmacI7dbNhbze-EZWD2s5xrSy0UWdmxlVODL3akd9ObQ%3D%3D.jpg""}, {""idx"": 34, ""name"": ""소금초코휘낭시에"", ""price"": ""3,200원"", ""img_url"": ""https://search.pstatic.net/common/?autoRotate=true&quality=95&type=f320_320&src=http%3A%2F%2Fimagefarm.baemin.com%2Fsmartmenuimage%2Fupload%2Fimage%2F2025%2F2%2F13%2FCaiDFCZZo7Lt1RMTO7wIJdflb6HjHEbw276RaHHvGp95NcRURufia6rVjojB6eoNJ_2PriOXmSQYA6FF2R8Q7A%3D%3D.jpg""}, {""idx"": 35, ""name"": ""마카다미아 휘낭시에"", ""price"": ""3,200원"", ""img_url"": ""https://search.pstatic.net/common/?autoRotate=true&quality=95&type=f320_320&src=http%3A%2F%2Fimagefarm.baemin.com%2Fsmartmenuimage%2Fupload%2Fimage%2F2025%2F2%2F13%2FbDeaLqm30UxrbSHMrw3ZF0jnVgQ2L4FdJeMB_MfCd3mr32iZCdcUJ1WlT53fYitWy9DFL9oIm3v8iV_gX8bu7Q%3D%3D.jpg""}, {""idx"": 36, ""name"": ""츄러스휘낭시에"", ""price"": ""3,200원"", ""img_url"": ""https://search.pstatic.net/common/?autoRotate=true&quality=95&type=f320_320&src=http%3A%2F%2Fimagefarm.baemin.com%2Fsmartmenuimage%2Fupload%2Fimage%2F2025%2F2%2F13%2FkzVd1wXCBY8t8G1Q1s98h-C8pwTf-_aJ3FBhj49C5wQpd7Ko9IIFh4d2X7DrhYlM72WYjEgS-831550JKOJY7A%3D%3D.jpg""}, {""idx"": 37, ""name"": ""카라멜피칸휘낭시에"", ""price"": ""3,200원"", ""img_url"": ""https://search.pstatic.net/common/?autoRotate=true&quality=95&type=f320_320&src=http%3A%2F%2Fimagefarm.baemin.com%2Fsmartmenuimage%2Fupload%2Fimage%2F2025%2F2%2F13%2FtF8VQl5KA2JHXpAv7R-Jfgtb_ulCcqjGbIHswNIPp1l0SG48dzEpCBEoCbqgOSDyYaWdb6l1aqImpyepVWHDdw%3D%3D.jpg""}, {""idx"": 38, ""name"": ""에그타르트"", ""price"": ""3,200원"", ""img_url"": ""https://search.pstatic.net/common/?autoRotate=true&quality=95&type=f320_320&src=http%3A%2F%2Fimagefarm.baemin.com%2Fsmartmenuimage%2Fupload%2Fimage%2F2025%2F2%2F13%2FmnXkSgtdjkNM3nCmSOFU_vx18xPmEajE9KGDzWNq28tN063fTh33Tio4HWCwoqtcVOkc9Wc6mpCFxNuJCDyjXw%3D%3D.jpg""}, {""idx"": 39, ""name"": ""대파베이컨 크림치즈"", ""price"": ""3,800원"", ""img_url"": ""https://search.pstatic.net/common/?autoRotate=true&quality=95&type=f320_320&src=http%3A%2F%2Fimagefarm.baemin.com%2Fsmartmenuimage%2Fupload%2Fimage%2F2025%2F2%2F13%2FhNHPnIZpJu4oiuNgpy4ZtEqwSayQCuWcSZefE38XKrGH8U3Bz1gv2QMMCSBJ64N16rE0kiDQgK0ZZd-CglgTEw%3D%3D.jpg""}, {""idx"": 40, ""name"": ""무화과월넛 크림치즈"", ""price"": ""3,800원"", ""img_url"": ""https://search.pstatic.net/common/?autoRotate=true&quality=95&type=f320_320&src=http%3A%2F%2Fimagefarm.baemin.com%2Fsmartmenuimage%2Fupload%2Fimage%2F2025%2F2%2F13%2FnZYr9S_MJANhylKZEvUtCzhTg0W-vi7QoBPIMiHRopI7uaDEqO5csEjkIJrahcvpDWLjsNfZ4Pp-c1uXgsRsxg%3D%3D.jpg""}, {""idx"": 41, ""name"": ""[간식]소금빵러스크"", ""price"": ""7,000원"", ""img_url"": ""https://search.pstatic.net/common/?autoRotate=true&quality=95&type=f320_320&src=http%3A%2F%2Fimagefarm.baemin.com%2Fsmartmenuimage%2Fupload%2Fimage%2F2025%2F3%2F6%2FqnDXyQPgjP81LtgwbJf4kawY3vIJjtJLu3as1IqTa3GTGpLmJVDrd32WfKY8_wiM.jpg""}, {""idx"": 42, ""name"": ""상하 아이스크림"", ""price"": ""4,900원"", ""img_url"": ""https://search.pstatic.net/common/?autoRotate=true&quality=95&type=f320_320&src=http%3A%2F%2Fimagefarm.baemin.com%2Fsmartmenuimage%2Fupload%2Fimage%2F2025%2F7%2F17%2FjlXQQkb84sItDFp-qfjX4TdtwonbSIdCSi9nxDixO8hwQ4adPHhGX87EaVi8NmnWDfKvBxo-c3jkRfQQ9xoiRw%3D%3D.jpg""}, {""idx"": 43, ""name"": ""딸기잼 아이스크림"", ""price"": ""5,300원"", ""img_url"": ""https://search.pstatic.net/common/?autoRotate=true&quality=95&type=f320_320&src=http%3A%2F%2Fimagefarm.baemin.com%2Fsmartmenuimage%2Fupload%2Fimage%2F2025%2F7%2F17%2FiVf24x4TkMMT7kNW7clnmuhxkptGF8kiAP-NYDQseBpIJxnPMFC85jAp3y_7NY9E0gHHWxKm3x3qLQ22VtnG4g%3D%3D.jpg""}, {""idx"": 44, ""name"": ""블루베리잼 아이스크림"", ""price"": ""5,300원"", ""img_url"": ""https://search.pstatic.net/common/?autoRotate=true&quality=95&type=f320_320&src=http%3A%2F%2Fimagefarm.baemin.com%2Fsmartmenuimage%2Fupload%2Fimage%2F2025%2F7%2F17%2FdItBBPSPYsNuJYz94B1N3nR1rP4IzWs3KtihE8XbDTOx10X3OLhdELrPU2IGLzRd3JXK_MoWQ7rVeVzaiJHRbA%3D%3D.jpg""}, {""idx"": 45, ""name"": ""망고잼 아이스크림"", ""price"": ""5,300원"", ""img_url"": ""https://search.pstatic.net/common/?autoRotate=true&quality=95&type=f320_320&src=http%3A%2F%2Fimagefarm.baemin.com%2Fsmartmenuimage%2Fupload%2Fimage%2F2025%2F7%2F17%2FGA6x-j0n0rGdKMaBxs178cwfcPNXXwMnLrfXMmkp-I6De92WmcYteODxbN4FxFWaiBRXBf_AT__wb0VaB3cWpA%3D%3D.jpg""}, {""idx"": 46, ""name"": ""아포가토"", ""price"": ""5,600원"", ""img_url"": ""https://search.pstatic.net/common/?autoRotate=true&quality=95&type=f320_320&src=http%3A%2F%2Fimagefarm.baemin.com%2Fsmartmenuimage%2Fupload%2Fimage%2F2025%2F7%2F17%2FoJ69tO41P2FGYCMU4cvBA8SuYzm5IfWyOF3lOiNXM_NGotJpMEpLStlODxhnlrTsKT4ppbfUxZsuEHcfukxvaQ%3D%3D.jpg""}, {""idx"": 47, ""name"": ""아이스크림 라떼"", ""price"": ""6,200원"", ""img_url"": ""https://search.pstatic.net/common/?autoRotate=true&quality=95&type=f320_320&src=http%3A%2F%2Fimagefarm.baemin.com%2Fsmartmenuimage%2Fupload%2Fimage%2F2025%2F7%2F17%2F9Szh74ZuscU5Ur_DKtTgdIlY7GkAKyVveu1WO5NUrEc1qreg6P0GbssAIEzPDSs7RGZ_Njfi9V0t7agcobu3pQ%3D%3D.jpg""}, {""idx"": 48, ""name"": ""플레인요거트스무디"", ""price"": ""6,300원"", ""img_url"": ""https://search.pstatic.net/common/?autoRotate=true&quality=95&type=f320_320&src=http%3A%2F%2Fimagefarm.baemin.com%2Fsmartmenuimage%2Fupload%2Fimage%2F2025%2F7%2F17%2F_WpYgZEw7TpVud_PMdE7WWiF13yYC4jfG6oAszAQ2AzesofcocfsSF3O_saD6skR_c-AojrNCEHAYXUYSsik4Q%3D%3D.jpg""}, {""idx"": 49, ""name"": ""딸기 요거트스무디"", ""price"": ""6,600원"", ""img_url"": ""https://search.pstatic.net/common/?autoRotate=true&quality=95&type=f320_320&src=http%3A%2F%2Fimagefarm.baemin.com%2Fsmartmenuimage%2Fupload%2Fimage%2F2025%2F7%2F17%2FjEH-pSavYSBZ86pJWFzlkbEwZNQyLgVH7l9xrmVzwtFEBqIwHbDlPFHSRLwMQbpkZFUAcYNNCN29eBmyB5n1tg%3D%3D.jpg""}, {""idx"": 50, ""name"": ""블루베리 요거트스무디"", ""price"": ""6,600원"", ""img_url"": ""https://search.pstatic.net/common/?autoRotate=true&quality=95&type=f320_320&src=http%3A%2F%2Fimagefarm.baemin.com%2Fsmartmenuimage%2Fupload%2Fimage%2F2025%2F7%2F17%2FVgst7agPkat2gFi0MVxbb3HzMXqOr1wjyrh1-C1SfIlcUN5oqGgAyftUZF0S6D-mnDtaH6fElLNWuSD-IP1neA%3D%3D.jpg""}, {""idx"": 51, ""name"": ""망고 요거트스무디"", ""price"": ""6,600원"", ""img_url"": ""https://search.pstatic.net/common/?autoRotate=true&quality=95&type=f320_320&src=http%3A%2F%2Fimagefarm.baemin.com%2Fsmartmenuimage%2Fupload%2Fimage%2F2025%2F7%2F17%2FKPBBvOiEpA_UV5k7GqE_Wi2vSL0UejYJGZziA8GtUAOBPWm2NJK43-hRh8L_aU3IM38VXTItfCAlKfEgvXq9sA%3D%3D.jpg""}, {""idx"": 52, ""name"": ""자유에이드"", ""price"": ""6,500원"", ""img_url"": ""https://search.pstatic.net/common/?autoRotate=true&quality=95&type=f320_320&src=http%3A%2F%2Fimagefarm.baemin.com%2Fsmartmenuimage%2Fupload%2Fimage%2F2025%2F2%2F13%2FwAa2vkPDc0jUU-qZoWaMI7nw4izQIrp76nTDYlR3Ah7DrRJWJRNLsDhx5ixNWz3DYN5BFvKzcFdLEco6YYW6wA%3D%3D.jpg""}, {""idx"": 53, ""name"": ""자두에이드"", ""price"": ""6,500원"", ""img_url"": ""https://search.pstatic.net/common/?autoRotate=true&quality=95&type=f320_320&src=http%3A%2F%2Fimagefarm.baemin.com%2Fsmartmenuimage%2Fupload%2Fimage%2F2025%2F2%2F13%2FNXh9LOS5h72CMhjthgZWM6D78CU8d5e_WzUkfZ42-_QXoaNGOO3L3mhphO3_FZhPDy2mikbbiHIED8zX9cFUVg%3D%3D.jpg""}, {""idx"": 54, ""name"": ""샤인머스켓에이드"", ""price"": ""6,500원"", ""img_url"": ""https://search.pstatic.net/common/?autoRotate=true&quality=95&type=f320_320&src=http%3A%2F%2Fimagefarm.baemin.com%2Fsmartmenuimage%2Fupload%2Fimage%2F2025%2F2%2F13%2FXfPBm4Nn0TNqCv4dg3XzJVNvzm5SvxzShiNs-w7s_uqpvG3Bj4l0YPZa6TAPUtna4wUVC0fKC2yHG4xXkOpUqw%3D%3D.jpg""}, {""idx"": 55, ""name"": ""복숭아에이드"", ""price"": ""6,500원"", ""img_url"": ""https://search.pstatic.net/common/?autoRotate=true&quality=95&type=f320_320&src=http%3A%2F%2Fimagefarm.baemin.com%2Fsmartmenuimage%2Fupload%2Fimage%2F2025%2F2%2F13%2FV1QymF8OcHFnnCWTJTNH7ahWvlEA3-dSsxFvMpVvPvBZ85fzf2cTVyMDD_nfiKEtdaWG5E31k0cMGEbolPkcOw%3D%3D.jpg""}, {""idx"": 56, ""name"": ""복숭아 아이스티"", ""price"": ""4,100원"", ""img_url"": ""https://search.pstatic.net/common/?autoRotate=true&quality=95&type=f320_320&src=http%3A%2F%2Fimagefarm.baemin.com%2Fsmartmenuimage%2Fupload%2Fimage%2F2025%2F2%2F13%2FaDvy3jWkp8dsqoRXyoP_zJaZCI542J7CGbVz73tgSy4OTPt93plJnb1EHLM1puFPsIbf0qTY3knxq7Bfgfja2g%3D%3D.jpg""}, {""idx"": 57, ""name"": ""자두얼그레이"", ""price"": ""6,000원"", ""img_url"": ""https://search.pstatic.net/common/?autoRotate=true&quality=95&type=f320_320&src=http%3A%2F%2Fimagefarm.baemin.com%2Fsmartmenuimage%2Fupload%2Fimage%2F2025%2F2%2F13%2FjlODD9fhFU85OBsy6rtpbxkeA9eUemIGPrqX0mOqKgmNETCMnyHSXxFl0lsuYO9huCegI7PIkDYxoX_67ftF-w%3D%3D.jpg""}, {""idx"": 58, ""name"": ""피치얼그레이"", ""price"": ""6,000원"", ""img_url"": ""https://search.pstatic.net/common/?autoRotate=true&quality=95&type=f320_320&src=http%3A%2F%2Fimagefarm.baemin.com%2Fsmartmenuimage%2Fupload%2Fimage%2F2025%2F2%2F13%2FmlaSbkPd85pmHnAMbIsaNUsX1hg-2EX_ZVWOQI-XlrLldEfB8zdqe6UKRHPLWRMXvG_VMg2qxrWsTioGNQDabg%3D%3D.jpg""}, {""idx"": 59, ""name"": ""캐모애플마일"", ""price"": ""6,000원"", ""img_url"": ""https://search.pstatic.net/common/?autoRotate=true&quality=95&type=f320_320&src=http%3A%2F%2Fimagefarm.baemin.com%2Fsmartmenuimage%2Fupload%2Fimage%2F2025%2F2%2F13%2FDYj08PPNDqAI3N4rEA010JosIhk8TNM3DmX8tRz-HKPkGVf8sPIUzwlG0IfkhW0qhgpwsDsz7GDsD0TVZg0P0g%3D%3D.jpg""}, {""idx"": 60, ""name"": ""유자차"", ""price"": ""5,000원"", ""img_url"": ""https://search.pstatic.net/common/?autoRotate=true&quality=95&type=f320_320&src=http%3A%2F%2Fimagefarm.baemin.com%2Fsmartmenuimage%2Fimage_library%2F20220630%2Fr_20220630_1066.jpg""}]","[""https://search.pstatic.net/common/?autoRotate=true&quality=95&type=f320_320&src=http%3A%2F%2Fimagefarm.baemin.com%2Fsmartmenuimage%2Fupload%2Fimage%2F2025%2F2%2F13%2F5Sv2vbXnGkSIUvy8tIJy9oQ0_8a-H50CKbHXyxpyfS3ClW50Fo-KTOeNfffXZ4HMsCqg3VUQCq7negzS3EJhmA%3D%3D.jpg"", ""https://search.pstatic.net/common/?autoRotate=true&quality=95&type=f320_320&src=http%3A%2F%2Fimagefarm.baemin.com%2Fsmartmenuimage%2Fupload%2Fimage%2F2025%2F2%2F13%2FJFIEj3B2yoicGShopQ-3THeJt7OXck30anaYYp4hmCM1FHtYfFufuEY5S2rcm5cFsLF7IbarhffjYQJ3PwFOAw%3D%3D.jpg"", ""https://search.pstatic.net/common/?autoRotate=true&quality=95&type=f320_320&src=http%3A%2F%2Fimagefarm.baemin.com%2Fsmartmenuimage%2Fupload%2Fimage%2F2025%2F9%2F8%2Fa5PSmkiZstc6GSwaNLhy4MAN7HoTVKtYTOsbaL84XSBa4siNM0M7V2XgRRB4Rtb1sUOFi0T05OW0sYXpy6hybw%3D%3D.jpg"", ""https://search.pstatic.net/common/?autoRotate=true&quality=95&type=f320_320&src=http%3A%2F%2Fimagefarm.baemin.com%2Fsmartmenuimage%2Fupload%2Fimage%2F2025%2F9%2F8%2FTRSfuaedw928uEwZqCABUBQV8swSqFlMIlJn07NeCvi2V3ibYwrZnEX0cxUVuzRv86CyV6OiyWxsYNPYT4UNdw%3D%3D.jpg"", ""https://search.pstatic.net/common/?autoRotate=true&quality=95&type=f320_320&src=http%3A%2F%2Fimagefarm.baemin.com%2Fsmartmenuimage%2Fupload%2Fimage%2F2025%2F2%2F13%2F7g_yqcq83i--TH7qSNhvFa6bhClnGrK0FJOpcyerUOFgQ9Jigm0R7nlQ3S4G_UMXkxiitHWTU1ccDxTWCLQ3bQ%3D%3D.jpg""]",1
saltbread,daegu,대구 상인역 소금빵 카페,카페어뉴,대구광역시 달서구 월배로40길 76,대구광역시 달서구 상인동 276-9,,https://smartstore.naver.com/cafe-anew,"음식점>카페,디저트",1285376082,358154575,128.5375689,35.8154545,,1319448985.0,SID_OK_AUTO_DETAIL,대구 카페어뉴,OK,0507-1379-8052,OK,[],AI_BRIEFING_EMPTY,"found_section=place_section
bkeel_count=0",190.0,"[{""keyword"": ""디저트가 맛있어요"", ""count"": 155}, {""keyword"": ""커피가 맛있어요"", ""count"": 108}, {""keyword"": ""음료가 맛있어요"", ""count"": 82}, {""keyword"": ""친절해요"", ""count"": 73}, {""keyword"": ""인테리어가 멋져요"", ""count"": 60}]",OK,keyword_count=5 total=190,https://search.pstatic.net/common/?autoRotate=true&type=w560_sharpen&src=https%3A%2F%2Fldb-phinf.pstatic.net%2F20230409_21%2F16810273685047LKdy_JPEG%2F4315A091-CD56-4421-BD4F-59639A5B96BE.jpeg,OK,"hit=a#_autoPlayable img
src_len=192",월(2/9) 휴무 | 화(2/10) 10:00 - 22:00 | 수(2/11) 10:00 - 22:00 | 목 12:00 - 21:00 | 금 12:00 - 21:00 | 토 12:00 - 21:00 | 일 12:00 - 20:00 | 02/26 휴무,OK,"hit=hours_toggle
aria_before=false
aria_after=true
w9QyJ_count=9
detail_lines=8",0,0,OK,"more_clicks=0
li_count=14
picked_img_count=5",14,"[{""idx"": 0, ""name"": ""딸기케이크 1호"", ""price"": ""38,000원"", ""img_url"": ""https://search.pstatic.net/common/?autoRotate=true&quality=95&type=f320_320&src=https%3A%2F%2Fldb-phinf.pstatic.net%2F20260104_5%2F1767513700088PVXyU_JPEG%2F1000125647.jpg""}, {""idx"": 1, ""name"": ""조각모음"", ""price"": ""변동"", ""img_url"": ""https://search.pstatic.net/common/?autoRotate=true&quality=95&type=f320_320&src=https%3A%2F%2Fldb-phinf.pstatic.net%2F20230701_291%2F1688202752906lExfe_JPEG%2F20477C72-706D-47DD-B58A-ED9BF49D8377.jpeg""}, {""idx"": 2, ""name"": ""구움과자 포장"", ""price"": ""변동"", ""img_url"": ""https://search.pstatic.net/common/?autoRotate=true&quality=95&type=f320_320&src=https%3A%2F%2Fldb-phinf.pstatic.net%2F20211220_39%2F16399765034756kb1n_JPEG%2F1.jpg""}, {""idx"": 3, ""name"": ""딸기미니케이크"", ""price"": ""16,000원"", ""img_url"": ""https://search.pstatic.net/common/?autoRotate=true&quality=95&type=f320_320&src=https%3A%2F%2Fldb-phinf.pstatic.net%2F20260104_195%2F1767513770186peMcP_JPEG%2F1000126524.jpg""}, {""idx"": 4, ""name"": ""딸기생크림케이크 2호"", ""price"": ""52,000원"", ""img_url"": ""https://search.pstatic.net/common/?autoRotate=true&quality=95&type=f320_320&src=https%3A%2F%2Fldb-phinf.pstatic.net%2F20260104_149%2F1767513736882PELDE_JPEG%2F1000125640.jpg""}, {""idx"": 5, ""name"": ""메론 요거트 케이크"", ""price"": ""7,500원"", ""img_url"": ""https://search.pstatic.net/common/?autoRotate=true&quality=95&type=f320_320&src=https%3A%2F%2Fldb-phinf.pstatic.net%2F20250803_55%2F1754191464463bh8XJ_JPEG%2F1000076642.jpg""}, {""idx"": 6, ""name"": ""소금빵"", ""price"": ""2,800원"", ""img_url"": ""https://search.pstatic.net/common/?autoRotate=true&quality=95&type=f320_320&src=https%3A%2F%2Fldb-phinf.pstatic.net%2F20240602_55%2F1717293373674q1JFS_JPEG%2F1000040704.jpg""}, {""idx"": 7, ""name"": ""바스크치즈케이크"", ""price"": ""6,500원"", ""img_url"": ""https://search.pstatic.net/common/?autoRotate=true&quality=95&type=f320_320&src=https%3A%2F%2Fldb-phinf.pstatic.net%2F20240524_139%2F1716531281846s1JeA_JPEG%2F1000037964.jpg""}, {""idx"": 8, ""name"": ""에그스콘"", ""price"": ""2,500원"", ""img_url"": ""https://search.pstatic.net/common/?autoRotate=true&quality=95&type=f320_320&src=https%3A%2F%2Fldb-phinf.pstatic.net%2F20240524_188%2F1716531252744EXe9O_JPEG%2F1000039258.jpg""}, {""idx"": 9, ""name"": ""노밀가루 레몬 마들렌"", ""price"": ""2,500원"", ""img_url"": ""https://search.pstatic.net/common/?autoRotate=true&quality=95&type=f320_320&src=https%3A%2F%2Fldb-phinf.pstatic.net%2F20240524_136%2F1716531232829uz0Y7_JPEG%2F1000038077.jpg""}, {""idx"": 10, ""name"": ""노밀가루 레몬 파운드"", ""price"": ""2,700원"", ""img_url"": ""https://search.pstatic.net/common/?autoRotate=true&quality=95&type=f320_320&src=https%3A%2F%2Fldb-phinf.pstatic.net%2F20240524_142%2F1716531212823dIYTR_JPEG%2F1000038183.jpg""}, {""idx"": 11, ""name"": ""모카소금빵"", ""price"": ""3,000원"", ""img_url"": ""https://search.pstatic.net/common/?autoRotate=true&quality=95&type=f320_320&src=https%3A%2F%2Fldb-phinf.pstatic.net%2F20240524_210%2F1716531190097ImX3M_JPEG%2F1000039580.jpg""}, {""idx"": 12, ""name"": ""생과일주스"", ""price"": ""6,000원"", ""img_url"": ""https://search.pstatic.net/common/?autoRotate=true&quality=95&type=f320_320&src=https%3A%2F%2Fldb-phinf.pstatic.net%2F20240524_163%2F1716531147204tWd2M_JPEG%2F1000039739.jpg""}, {""idx"": 13, ""name"": ""샤인머스켓 요거트 케이크"", ""price"": ""7,500원"", ""img_url"": ""https://search.pstatic.net/common/?autoRotate=true&quality=95&type=f320_320&src=https%3A%2F%2Fldb-phinf.pstatic.net%2F20230901_105%2F1693552090511RUHJ1_JPEG%2F5F60DCB9-3DA2-4157-8349-A1D62085F70E.jpeg""}]","[""https://search.pstatic.net/common/?autoRotate=true&quality=95&type=f320_320&src=https%3A%2F%2Fldb-phinf.pstatic.net%2F20240602_55%2F1717293373674q1JFS_JPEG%2F1000040704.jpg"", ""https://search.pstatic.net/common/?autoRotate=true&quality=95&type=f320_320&src=https%3A%2F%2Fldb-phinf.pstatic.net%2F20240524_210%2F1716531190097ImX3M_JPEG%2F1000039580.jpg"", ""https://search.pstatic.net/common/?autoRotate=true&quality=95&type=f320_320&src=https%3A%2F%2Fldb-phinf.pstatic.net%2F20260104_5%2F1767513700088PVXyU_JPEG%2F1000125647.jpg"", ""https://search.pstatic.net/common/?autoRotate=true&quality=95&type=f320_320&src=https%3A%2F%2Fldb-phinf.pstatic.net%2F20230701_291%2F1688202752906lExfe_JPEG%2F20477C72-706D-47DD-B58A-ED9BF49D8377.jpeg"", ""https://search.pstatic.net/common/?autoRotate=true&quality=95&type=f320_320&src=https%3A%2F%2Fldb-phinf.pstatic.net%2F20211220_39%2F16399765034756kb1n_JPEG%2F1.jpg""]",1
saltbread,daegu,대구 범물 소금빵,빠네비앙PaneBien,대구광역시 수성구 지범로46길 18 빠네비앙 Pane Bien,대구광역시 수성구 범물동 1380-10 빠네비앙 Pane Bien,,https://www.instagram.com/PaneBien,"카페,디저트>베이커리",1286435301,358163367,128.6435301,35.8163367,,1071875154.0,SID_OK_AUTO_DETAIL,대구 빠네비앙PaneBien,OK,0507-1330-7964,OK,[],AI_BRIEFING_EMPTY,"found_section=place_section
bkeel_count=0",140.0,"[{""keyword"": ""빵이 맛있어요"", ""count"": 89}, {""keyword"": ""커피가 맛있어요"", ""count"": 86}, {""keyword"": ""친절해요"", ""count"": 63}, {""keyword"": ""음료가 맛있어요"", ""count"": 49}, {""keyword"": ""대화하기 좋아요"", ""count"": 29}]",OK,keyword_count=5 total=140,https://search.pstatic.net/common/?autoRotate=true&type=w560_sharpen&src=https%3A%2F%2Fldb-phinf.pstatic.net%2F20250811_222%2F17549033752411q3GN_JPEG%2F1000000220.jpg,OK,"hit=a#_autoPlayable img
src_len=166",월 08:00 - 22:00 | 화 08:00 - 22:00 | 수 08:00 - 22:00 | 목 08:00 - 22:00 | 금 08:00 - 22:00 | 토 08:00 - 22:00 | 일 08:00 - 22:00,OK,"hit=hours_toggle
aria_before=false
aria_after=true
w9QyJ_count=8
detail_lines=7",0,0,OK,"more_clicks=1
li_count=28
picked_img_count=1",28,"[{""idx"": 0, ""name"": ""아메리카노"", ""price"": ""3,500원"", ""img_url"": ""https://search.pstatic.net/common/?autoRotate=true&quality=95&type=f320_320&src=https%3A%2F%2Fldb-phinf.pstatic.net%2F20250219_12%2F1739961086262UVWrR_JPEG%2F1000001382.jpg""}, {""idx"": 1, ""name"": ""카페라떼"", ""price"": ""4,000원"", ""img_url"": """"}, {""idx"": 2, ""name"": ""달달라떼"", ""price"": ""4,300원"", ""img_url"": """"}, {""idx"": 3, ""name"": ""카페모카"", ""price"": ""5,000원"", ""img_url"": """"}, {""idx"": 4, ""name"": ""카라멜마끼아또"", ""price"": ""5,000원"", ""img_url"": """"}, {""idx"": 5, ""name"": ""카푸치노"", ""price"": ""4,300원"", ""img_url"": """"}, {""idx"": 6, ""name"": ""말차라떼"", ""price"": ""4,300원"", ""img_url"": """"}, {""idx"": 7, ""name"": ""고구마라떼"", ""price"": ""4,500원"", ""img_url"": """"}, {""idx"": 8, ""name"": ""오곡라떼"", ""price"": ""4,300원"", ""img_url"": """"}, {""idx"": 9, ""name"": ""로얄밀크티"", ""price"": ""4,300원"", ""img_url"": """"}, {""idx"": 10, ""name"": ""초코라떼"", ""price"": ""4,800원"", ""img_url"": """"}, {""idx"": 11, ""name"": ""복숭아아이스티"", ""price"": ""3,000원"", ""img_url"": """"}, {""idx"": 12, ""name"": ""캐모마일"", ""price"": ""3,800원"", ""img_url"": """"}, {""idx"": 13, ""name"": ""페퍼민트"", ""price"": ""3,800원"", ""img_url"": """"}, {""idx"": 14, ""name"": ""생강차"", ""price"": ""4,300원"", ""img_url"": """"}, {""idx"": 15, ""name"": ""유자차"", ""price"": ""4,300원"", ""img_url"": """"}, {""idx"": 16, ""name"": ""자몽차"", ""price"": ""4,800원"", ""img_url"": """"}, {""idx"": 17, ""name"": ""에이드"", ""price"": ""5,500원"", ""img_url"": """"}, {""idx"": 18, ""name"": ""요거트"", ""price"": ""5,000원"", ""img_url"": """"}, {""idx"": 19, ""name"": ""스무디"", ""price"": ""5,500원"", ""img_url"": """"}, {""idx"": 20, ""name"": ""시럽추가"", ""price"": ""500원"", ""img_url"": """"}, {""idx"": 21, ""name"": ""소금빵"", ""price"": ""3,500원"", ""img_url"": """"}, {""idx"": 22, ""name"": ""고구마식빵"", ""price"": ""4,000원"", ""img_url"": """"}, {""idx"": 23, ""name"": ""롱치즈소세지"", ""price"": ""4,000원"", ""img_url"": """"}, {""idx"": 24, ""name"": ""밤식빵"", ""price"": ""4,200원"", ""img_url"": """"}, {""idx"": 25, ""name"": ""크림치즈허니빵"", ""price"": ""4,300원"", ""img_url"": """"}, {""idx"": 26, ""name"": ""호두 단팥빵"", ""price"": ""3,000원"", ""img_url"": """"}, {""idx"": 27, ""name"": ""수제에그타르트"", ""price"": ""3,500원"", ""img_url"": """"}]","[""https://search.pstatic.net/common/?autoRotate=true&quality=95&type=f320_320&src=https%3A%2F%2Fldb-phinf.pstatic.net%2F20250219_12%2F1739961086262UVWrR_JPEG%2F1000001382.jpg""]",1
saltbread,daegu,대구 범물 소금빵,플라네,"대구광역시 수성구 진밭길 54 플라네 Flaner 카페 1층, 2층","대구광역시 수성구 범물동 930-4 플라네 Flaner 카페 1층, 2층",,,"음식점>카페,디저트",1286544191,358164041,128.6544191,35.8164041,,1032932858.0,SID_OK_AUTO_DETAIL,대구 플라네,OK,0507-1332-9314,OK,[],AI_BRIEFING_EMPTY,"found_section=place_section
bkeel_count=0",80.0,"[{""keyword"": ""커피가 맛있어요"", ""count"": 47}, {""keyword"": ""뷰가 좋아요"", ""count"": 41}, {""keyword"": ""디저트가 맛있어요"", ""count"": 27}, {""keyword"": ""사진이 잘 나와요"", ""count"": 23}, {""keyword"": ""음료가 맛있어요"", ""count"": 22}]",OK,keyword_count=5 total=80,https://search.pstatic.net/common/?autoRotate=true&type=w560_sharpen&src=https%3A%2F%2Fldb-phinf.pstatic.net%2F20250105_240%2F1736044899517Kae4c_JPEG%2FKakaoTalk_20250105_113850351_06.jpg,OK,"hit=a#_autoPlayable img
src_len=187",월 10:30 - 19:00 | 화 10:30 - 19:00 | 수 10:30 - 19:00 | 목 10:30 - 19:00 | 금 10:30 - 19:00 | 토 10:30 - 19:00 | 일 10:30 - 19:00,OK,"hit=hours_toggle
aria_before=false
aria_after=true
w9QyJ_count=8
detail_lines=7",0,0,OK,"more_clicks=2
li_count=38
picked_img_count=5",38,"[{""idx"": 0, ""name"": ""아인슈페너"", ""price"": ""5,500원"", ""img_url"": ""https://search.pstatic.net/common/?autoRotate=true&quality=95&type=f320_320&src=https%3A%2F%2Fldb-phinf.pstatic.net%2F20250111_22%2F1736582856744NqeiI_JPEG%2F1736582638646.jpg""}, {""idx"": 1, ""name"": ""콜드브루"", ""price"": ""5,000원"", ""img_url"": ""https://search.pstatic.net/common/?autoRotate=true&quality=95&type=f320_320&src=https%3A%2F%2Fldb-phinf.pstatic.net%2F20250111_196%2F1736582837752abVw6_JPEG%2F1736582624045.jpg""}, {""idx"": 2, ""name"": ""아이스아메리카노"", ""price"": ""4,500원"", ""img_url"": ""https://search.pstatic.net/common/?autoRotate=true&quality=95&type=f320_320&src=https%3A%2F%2Fldb-phinf.pstatic.net%2F20250111_215%2F1736582867932fcjxz_JPEG%2F1736582630757.jpg""}, {""idx"": 3, ""name"": ""미숫가루크림라떼"", ""price"": ""5,500원"", ""img_url"": ""https://search.pstatic.net/common/?autoRotate=true&quality=95&type=f320_320&src=https%3A%2F%2Fldb-phinf.pstatic.net%2F20250117_67%2F1737101030665Xqtn7_PNG%2F%25B9%25CC%25BC%25FD%25B0%25A1%25B7%25E7_%25C5%25A9%25B8%25B2%25B6%25F3%25B6%25BC_%25C6%25F7%25BD%25BA%25C5%25CD.png""}, {""idx"": 4, ""name"": ""차로 내린 복숭아아이스티"", ""price"": ""6,500원"", ""img_url"": ""https://search.pstatic.net/common/?autoRotate=true&quality=95&type=f320_320&src=https%3A%2F%2Fldb-phinf.pstatic.net%2F20250110_218%2F1736484371635PMKuO_JPEG%2F1000087395.jpg""}, {""idx"": 5, ""name"": ""자몽허니블랙티"", ""price"": ""6,000원"", ""img_url"": """"}, {""idx"": 6, ""name"": ""복숭아에이드"", ""price"": ""6,500원"", ""img_url"": """"}, {""idx"": 7, ""name"": ""휘낭시에"", ""price"": ""3,000원"", ""img_url"": ""https://search.pstatic.net/common/?autoRotate=true&quality=95&type=f320_320&src=https%3A%2F%2Fldb-phinf.pstatic.net%2F20250119_44%2F1737256294070UxDwj_JPEG%2F%25C7%25C3%25B6%25F3%25B3%25D7_%25C8%25D6%25B3%25B6%25BD%25C3%25BF%25A12.jpg""}, {""idx"": 8, ""name"": ""단팥빵"", ""price"": ""3,500원"", ""img_url"": """"}, {""idx"": 9, ""name"": ""티슈브레드"", ""price"": ""6,500원"", ""img_url"": """"}, {""idx"": 10, ""name"": ""크루와상"", ""price"": ""4,500원"", ""img_url"": """"}, {""idx"": 11, ""name"": ""소금빵"", ""price"": ""3,500원"", ""img_url"": """"}, {""idx"": 12, ""name"": ""생강라떼"", ""price"": ""6,000원"", ""img_url"": ""https://search.pstatic.net/common/?autoRotate=true&quality=95&type=f320_320&src=https%3A%2F%2Fldb-phinf.pstatic.net%2F20250116_64%2F1737008051391MPbho_JPEG%2F%25BB%25FD%25B0%25AD.jpg""}, {""idx"": 13, ""name"": ""말차라떼"", ""price"": ""5,500원"", ""img_url"": ""https://search.pstatic.net/common/?autoRotate=true&quality=95&type=f320_320&src=https%3A%2F%2Fldb-phinf.pstatic.net%2F20250116_258%2F1737008078943HVTXV_JPEG%2F%25B8%25BB%25C2%25F7.jpg""}, {""idx"": 14, ""name"": ""카페라떼"", ""price"": ""5,000원"", ""img_url"": ""https://search.pstatic.net/common/?autoRotate=true&quality=95&type=f320_320&src=https%3A%2F%2Fldb-phinf.pstatic.net%2F20250111_95%2F1736582879612WXNLr_JPEG%2F1736582654756.jpg""}, {""idx"": 15, ""name"": ""바닐라라떼"", ""price"": ""5,500원"", ""img_url"": ""https://search.pstatic.net/common/?autoRotate=true&quality=95&type=f320_320&src=https%3A%2F%2Fldb-phinf.pstatic.net%2F20250111_29%2F1736582889498YmMIX_JPEG%2F1736582693343.jpg""}, {""idx"": 16, ""name"": ""카라멜마끼아또"", ""price"": ""5,500원"", ""img_url"": ""https://search.pstatic.net/common/?autoRotate=true&quality=95&type=f320_320&src=https%3A%2F%2Fldb-phinf.pstatic.net%2F20250116_123%2F1737008022819aWkpP_JPEG%2F%25C4%25AB%25B6%25F3%25B8%25E1.jpg""}, {""idx"": 17, ""name"": ""돌체라떼"", ""price"": ""5,500원"", ""img_url"": ""https://search.pstatic.net/common/?autoRotate=true&quality=95&type=f320_320&src=https%3A%2F%2Fldb-phinf.pstatic.net%2F20250116_230%2F1737008030443DhJze_JPEG%2F%25B5%25B9%25C3%25BC.jpg""}, {""idx"": 18, ""name"": ""토피넛라떼"", ""price"": ""5,500원"", ""img_url"": ""https://search.pstatic.net/common/?autoRotate=true&quality=95&type=f320_320&src=https%3A%2F%2Fldb-phinf.pstatic.net%2F20250116_150%2F1737008037009cLM77_JPEG%2F%25C5%25E4%25C7%25C7%25B3%25D3.jpg""}, {""idx"": 19, ""name"": ""딸기라떼"", ""price"": ""6,000원"", ""img_url"": ""https://search.pstatic.net/common/?autoRotate=true&quality=95&type=f320_320&src=https%3A%2F%2Fldb-phinf.pstatic.net%2F20250116_204%2F1737008062987urSzl_JPEG%2F%25B5%25FE%25B1%25E2.jpg""}, {""idx"": 20, ""name"": ""딸기말차라떼"", ""price"": ""6,500원"", ""img_url"": ""https://search.pstatic.net/common/?autoRotate=true&quality=95&type=f320_320&src=https%3A%2F%2Fldb-phinf.pstatic.net%2F20250116_126%2F1737008069885cBtQP_JPEG%2F%25B5%25FE%25B1%25E2%25B8%25BB%25C2%25F7.jpg""}, {""idx"": 21, ""name"": ""고구마라떼"", ""price"": ""5,500원"", ""img_url"": ""https://search.pstatic.net/common/?autoRotate=true&quality=95&type=f320_320&src=https%3A%2F%2Fldb-phinf.pstatic.net%2F20250116_112%2F1737008085914i6qe7_JPEG%2F%25B0%25ED%25B1%25B8%25B8%25B6.jpg""}, {""idx"": 22, ""name"": ""자몽차(수제)"", ""price"": ""5,500원"", ""img_url"": ""https://search.pstatic.net/common/?autoRotate=true&quality=95&type=f320_320&src=https%3A%2F%2Fldb-phinf.pstatic.net%2F20250110_27%2F1736484626015xOXa1_JPEG%2F1000087401.jpg""}, {""idx"": 23, ""name"": ""레몬차(수제)"", ""price"": ""5,500원"", ""img_url"": ""https://search.pstatic.net/common/?autoRotate=true&quality=95&type=f320_320&src=https%3A%2F%2Fldb-phinf.pstatic.net%2F20250110_102%2F17364845827884uRL3_JPEG%2F1000087424.jpg""}, {""idx"": 24, ""name"": ""체리히비스커스"", ""price"": ""5,000원"", ""img_url"": ""https://search.pstatic.net/common/?autoRotate=true&quality=95&type=f320_320&src=https%3A%2F%2Fldb-phinf.pstatic.net%2F20250110_48%2F1736484541001vzhOV_JPEG%2F1000087420.jpg""}, {""idx"": 25, ""name"": ""라임 페퍼민트"", ""price"": ""5,000원"", ""img_url"": ""https://search.pstatic.net/common/?autoRotate=true&quality=95&type=f320_320&src=https%3A%2F%2Fldb-phinf.pstatic.net%2F20250110_210%2F1736484421706M8vRy_JPEG%2F1000087415.jpg""}, {""idx"": 26, ""name"": ""매실차(수제)"", ""price"": ""5,500원"", ""img_url"": """"}, {""idx"": 27, ""name"": ""뱅쇼"", ""price"": ""6,000원"", ""img_url"": """"}, {""idx"": 28, ""name"": ""캐모마일"", ""price"": ""4,500원"", ""img_url"": """"}, {""idx"": 29, ""name"": ""잉글리쉬 블랙버스트"", ""price"": ""4,500원"", ""img_url"": """"}, {""idx"": 30, ""name"": ""블루베리스무디(수제)"", ""price"": ""6,000원"", ""img_url"": """"}, {""idx"": 31, ""name"": ""딸기스무디"", ""price"": ""6,000원"", ""img_url"": """"}, {""idx"": 32, ""name"": ""말차스무디"", ""price"": ""6,000원"", ""img_url"": """"}, {""idx"": 33, ""name"": ""유자스무디"", ""price"": ""6,000원"", ""img_url"": """"}, {""idx"": 34, ""name"": ""레몬에이드(수제)"", ""price"": ""6,000원"", ""img_url"": """"}, {""idx"": 35, ""name"": ""자몽에이드(수제)"", ""price"": ""6,000원"", ""img_url"": """"}, {""idx"": 36, ""name"": ""매실에이드(수제)"", ""price"": ""6,000원"", ""img_url"": """"}, {""idx"": 37, ""name"": ""딸기에이드"", ""price"": ""6,000원"", ""img_url"": """"}]","[""https://search.pstatic.net/common/?autoRotate=true&quality=95&type=f320_320&src=https%3A%2F%2Fldb-phinf.pstatic.net%2F20250111_22%2F1736582856744NqeiI_JPEG%2F1736582638646.jpg"", ""https://search.pstatic.net/common/?autoRotate=true&quality=95&type=f320_320&src=https%3A%2F%2Fldb-phinf.pstatic.net%2F20250111_196%2F1736582837752abVw6_JPEG%2F1736582624045.jpg"", ""https://search.pstatic.net/common/?autoRotate=true&quality=95&type=f320_320&src=https%3A%2F%2Fldb-phinf.pstatic.net%2F20250111_215%2F1736582867932fcjxz_JPEG%2F1736582630757.jpg"", ""https://search.pstatic.net/common/?autoRotate=true&quality=95&type=f320_320&src=https%3A%2F%2Fldb-phinf.pstatic.net%2F20250117_67%2F1737101030665Xqtn7_PNG%2F%25B9%25CC%25BC%25FD%25B0%25A1%25B7%25E7_%25C5%25A9%25B8%25B2%25B6%25F3%25B6%25BC_%25C6%25F7%25BD%25BA%25C5%25CD.png"", ""https://search.pstatic.net/common/?autoRotate=true&quality=95&type=f320_320&src=https%3A%2F%2Fldb-phinf.pstatic.net%2F20250110_218%2F1736484371635PMKuO_JPEG%2F1000087395.jpg""]",1
saltbread,daegu,대구 소금빵,라부아뜨엘,대구광역시 수성구 지범로 248-6 1층,대구광역시 수성구 범물동 1374-14 1층,,http://pf.kakao.com/_xoxjmyG,"음식점>카페,디저트",1286442412,358175084,128.6442376,35.8175122,,1543801447.0,SID_OK_AUTO_DETAIL,대구 라부아뜨엘,OK,0507-1484-0458,OK,[],AI_BRIEFING_EMPTY,"found_section=place_section
bkeel_count=0",8.0,"[{""keyword"": ""디저트가 맛있어요"", ""count"": 6298}, {""keyword"": ""커피가 맛있어요"", ""count"": 3589}, {""keyword"": ""특별한 메뉴가 있어요"", ""count"": 3312}, {""keyword"": ""음료가 맛있어요"", ""count"": 2280}, {""keyword"": ""친절해요"", ""count"": 2198}]",OK,keyword_count=5 total=8,https://search.pstatic.net/common/?autoRotate=true&type=w560_sharpen&src=https%3A%2F%2Fldb-phinf.pstatic.net%2F20250224_72%2F1740371353451DE2jk_JPEG%2FKakaoTalk_20250224_132843934.jpg,OK,"hit=a#_autoPlayable img
src_len=183",매일 08:00 - 22:00 | - 설날 전체 정상 영업 / 매장이용 : 21시30분,OK,"hit=hours_toggle
aria_before=false
aria_after=true
w9QyJ_count=3
detail_lines=2",0,0,OK,"more_clicks=3
li_count=51
picked_img_count=5",51,"[{""idx"": 0, ""name"": ""명장 딸기케이크 :예약주문"", ""price"": ""65,000원"", ""img_url"": ""https://search.pstatic.net/common/?autoRotate=true&quality=95&type=f320_320&src=https%3A%2F%2Fldb-phinf.pstatic.net%2F20230131_237%2F1675146725177zu2Fa_JPEG%2F55823CC2-AEDD-4BBA-A45C-038031223F3E.jpeg""}, {""idx"": 1, ""name"": ""명장 조각케이크"", ""price"": ""15,000원"", ""img_url"": ""https://search.pstatic.net/common/?autoRotate=true&quality=95&type=f320_320&src=https%3A%2F%2Fldb-phinf.pstatic.net%2F20230131_153%2F1675155474787Rdznm_JPEG%2FD64E1D3E-5EF3-492A-9E26-04452EA814E4.jpeg""}, {""idx"": 2, ""name"": ""기본 딸기케이크"", ""price"": ""49,000원"", ""img_url"": ""https://search.pstatic.net/common/?autoRotate=true&quality=95&type=f320_320&src=https%3A%2F%2Fldb-phinf.pstatic.net%2F20250701_250%2F17513399432359f5iP_PNG%2FKakaoTalk_20250701_102328862.png""}, {""idx"": 3, ""name"": ""기본 딸기초코케이크"", ""price"": ""49,000원"", ""img_url"": ""https://search.pstatic.net/common/?autoRotate=true&quality=95&type=f320_320&src=https%3A%2F%2Fldb-phinf.pstatic.net%2F20250701_113%2F1751340150618YNA2O_PNG%2FKakaoTalk_20250630_151108557_09.png""}, {""idx"": 4, ""name"": ""망고 딸기명장 케이크"", ""price"": ""69,000원"", ""img_url"": ""https://search.pstatic.net/common/?autoRotate=true&quality=95&type=f320_320&src=https%3A%2F%2Fldb-phinf.pstatic.net%2F20251118_10%2F1763466070903N9qAJ_PNG%2FIMG_6613.png""}, {""idx"": 5, ""name"": ""망고 와르르 케이크"", ""price"": ""69,000원"", ""img_url"": ""https://search.pstatic.net/common/?autoRotate=true&quality=95&type=f320_320&src=https%3A%2F%2Fldb-phinf.pstatic.net%2F20250630_246%2F1751264944768ldBoL_PNG%2FKakaoTalk_20250630_151108557.png""}, {""idx"": 6, ""name"": ""망고 샌드 케이크"", ""price"": ""69,000원"", ""img_url"": ""https://search.pstatic.net/common/?autoRotate=true&quality=95&type=f320_320&src=https%3A%2F%2Fldb-phinf.pstatic.net%2F20250630_261%2F1751264959101O8kAc_PNG%2FKakaoTalk_20250630_151108557_01.png""}, {""idx"": 7, ""name"": ""망고반 멜론반 케이크"", ""price"": ""69,000원"", ""img_url"": ""https://search.pstatic.net/common/?autoRotate=true&quality=95&type=f320_320&src=https%3A%2F%2Fldb-phinf.pstatic.net%2F20250630_170%2F1751264973346yapb1_PNG%2FKakaoTalk_20250630_151108557_10.png""}, {""idx"": 8, ""name"": ""멜론 명장케이크"", ""price"": ""59,000원"", ""img_url"": ""https://search.pstatic.net/common/?autoRotate=true&quality=95&type=f320_320&src=https%3A%2F%2Fldb-phinf.pstatic.net%2F20250630_101%2F1751264997147xKeG6_PNG%2FKakaoTalk_20250630_151108557_02.png""}, {""idx"": 9, ""name"": ""과일폭탄 케이크"", ""price"": ""49,000원"", ""img_url"": ""https://search.pstatic.net/common/?autoRotate=true&quality=95&type=f320_320&src=https%3A%2F%2Fldb-phinf.pstatic.net%2F20250630_292%2F1751265037646lNvdi_PNG%2FKakaoTalk_20250630_151108557_03.png""}, {""idx"": 10, ""name"": ""블루베리 케이크"", ""price"": ""45,000원"", ""img_url"": ""https://search.pstatic.net/common/?autoRotate=true&quality=95&type=f320_320&src=https%3A%2F%2Fldb-phinf.pstatic.net%2F20250630_184%2F1751265045458LGfgi_PNG%2FKakaoTalk_20250630_151108557_05.png""}, {""idx"": 11, ""name"": ""샤인머스켓 케이크"", ""price"": ""45,000원"", ""img_url"": ""https://search.pstatic.net/common/?autoRotate=true&quality=95&type=f320_320&src=https%3A%2F%2Fldb-phinf.pstatic.net%2F20250630_251%2F1751265053105LX4oD_PNG%2FKakaoTalk_20250630_151108557_06.png""}, {""idx"": 12, ""name"": ""기본 소금빵"", ""price"": ""3,200원"", ""img_url"": ""https://search.pstatic.net/common/?autoRotate=true&quality=95&type=f320_320&src=https%3A%2F%2Fldb-phinf.pstatic.net%2F20251018_205%2F1760776584428srXE3_PNG%2FIMG_6076.png""}, {""idx"": 13, ""name"": ""올리브 소금빵"", ""price"": ""3,800원"", ""img_url"": ""https://search.pstatic.net/common/?autoRotate=true&quality=95&type=f320_320&src=https%3A%2F%2Fldb-phinf.pstatic.net%2F20251018_213%2F1760776968704PzivA_PNG%2FIMG_6060.png""}, {""idx"": 14, ""name"": ""후추 소금빵"", ""price"": ""3,800원"", ""img_url"": ""https://search.pstatic.net/common/?autoRotate=true&quality=95&type=f320_320&src=https%3A%2F%2Fldb-phinf.pstatic.net%2F20251018_112%2F1760776941576kQBGN_PNG%2FIMG_6061.png""}, {""idx"": 15, ""name"": ""잠봉뵈르 소금빵"", ""price"": ""4,200원"", ""img_url"": ""https://search.pstatic.net/common/?autoRotate=true&quality=95&type=f320_320&src=https%3A%2F%2Fldb-phinf.pstatic.net%2F20251018_14%2F1760776768858rRKHx_PNG%2FIMG_6068.png""}, {""idx"": 16, ""name"": ""앙버터 소금빵"", ""price"": ""4,200원"", ""img_url"": ""https://search.pstatic.net/common/?autoRotate=true&quality=95&type=f320_320&src=https%3A%2F%2Fldb-phinf.pstatic.net%2F20251018_220%2F17607768052836tcxz_PNG%2FIMG_6066.png""}, {""idx"": 17, ""name"": ""샌드위치 소금빵"", ""price"": ""4,200원"", ""img_url"": ""https://search.pstatic.net/common/?autoRotate=true&quality=95&type=f320_320&src=https%3A%2F%2Fldb-phinf.pstatic.net%2F20251018_195%2F1760776787468OYt5C_PNG%2FIMG_6067.png""}, {""idx"": 18, ""name"": ""갈릭버터 소금빵"", ""price"": ""4,200원"", ""img_url"": ""https://search.pstatic.net/common/?autoRotate=true&quality=95&type=f320_320&src=https%3A%2F%2Fldb-phinf.pstatic.net%2F20251018_117%2F1760776720425a764S_PNG%2FIMG_6070.png""}, {""idx"": 19, ""name"": ""명란마요 소금빵"", ""price"": ""4,900원"", ""img_url"": ""https://search.pstatic.net/common/?autoRotate=true&quality=95&type=f320_320&src=https%3A%2F%2Fldb-phinf.pstatic.net%2F20251018_295%2F1760776609445UVc6B_PNG%2FIMG_6075.png""}, {""idx"": 20, ""name"": ""크림브륄레 소금빵"", ""price"": ""4,900원"", ""img_url"": ""https://search.pstatic.net/common/?autoRotate=true&quality=95&type=f320_320&src=https%3A%2F%2Fldb-phinf.pstatic.net%2F20251018_191%2F1760776702585vu0kL_PNG%2FIMG_6071.png""}, {""idx"": 21, ""name"": ""에그마요 소금빵"", ""price"": ""4,900원"", ""img_url"": ""https://search.pstatic.net/common/?autoRotate=true&quality=95&type=f320_320&src=https%3A%2F%2Fldb-phinf.pstatic.net%2F20251018_208%2F1760776830848hlViX_PNG%2FIMG_6065.png""}, {""idx"": 22, ""name"": ""고추바사삭 소금빵"", ""price"": ""4,900원"", ""img_url"": ""https://search.pstatic.net/common/?autoRotate=true&quality=95&type=f320_320&src=https%3A%2F%2Fldb-phinf.pstatic.net%2F20251018_186%2F1760776882505m4Nig_PNG%2FIMG_6063.png""}, {""idx"": 23, ""name"": ""단호박 소금빵"", ""price"": ""4,900원"", ""img_url"": ""https://search.pstatic.net/common/?autoRotate=true&quality=95&type=f320_320&src=https%3A%2F%2Fldb-phinf.pstatic.net%2F20251018_152%2F1760776912457FFzz0_PNG%2FIMG_6062.png""}, {""idx"": 24, ""name"": ""밤 소금빵"", ""price"": ""4,900원"", ""img_url"": ""https://search.pstatic.net/common/?autoRotate=true&quality=95&type=f320_320&src=https%3A%2F%2Fldb-phinf.pstatic.net%2F20251018_43%2F1760776868644Jk3Kx_PNG%2FIMG_6064.png""}, {""idx"": 25, ""name"": ""치즈인 소금빵"", ""price"": ""4,900원"", ""img_url"": ""https://search.pstatic.net/common/?autoRotate=true&quality=95&type=f320_320&src=https%3A%2F%2Fldb-phinf.pstatic.net%2F20251018_219%2F1760776752395KU4Lk_PNG%2FIMG_6069.png""}, {""idx"": 26, ""name"": ""모카번 소금빵"", ""price"": ""4,900원"", ""img_url"": ""https://search.pstatic.net/common/?autoRotate=true&quality=95&type=f320_320&src=https%3A%2F%2Fldb-phinf.pstatic.net%2F20251018_59%2F176077667562014jnx_PNG%2FIMG_6072.png""}, {""idx"": 27, ""name"": ""두바이 소금빵"", ""price"": ""6,500원"", ""img_url"": ""https://search.pstatic.net/common/?autoRotate=true&quality=95&type=f320_320&src=https%3A%2F%2Fldb-phinf.pstatic.net%2F20251018_105%2F1760776626004NgVED_PNG%2FIMG_6074.png""}, {""idx"": 28, ""name"": ""말차두바이 소금빵"", ""price"": ""6,500원"", ""img_url"": ""https://search.pstatic.net/common/?autoRotate=true&quality=95&type=f320_320&src=https%3A%2F%2Fldb-phinf.pstatic.net%2F20251018_157%2F1760776648820Cf72o_PNG%2FIMG_6073.png""}, {""idx"": 29, ""name"": ""망고 조각케이크"", ""price"": ""14,000원"", ""img_url"": ""https://search.pstatic.net/common/?autoRotate=true&quality=95&type=f320_320&src=https%3A%2F%2Fldb-phinf.pstatic.net%2F20250915_210%2F1757909698175U8VJS_PNG%2FKakaoTalk_20250915_130237191.png""}, {""idx"": 30, ""name"": ""딸기 조각케이크"", ""price"": ""12,000원"", ""img_url"": ""https://search.pstatic.net/common/?autoRotate=true&quality=95&type=f320_320&src=https%3A%2F%2Fldb-phinf.pstatic.net%2F20250704_137%2F1751593670361SBjL2_PNG%2FKakaoTalk_20250704_104001246_03.png""}, {""idx"": 31, ""name"": ""딸기초코 조각케이크"", ""price"": ""12,000원"", ""img_url"": ""https://search.pstatic.net/common/?autoRotate=true&quality=95&type=f320_320&src=https%3A%2F%2Fldb-phinf.pstatic.net%2F20250704_244%2F1751593634672t6zQz_PNG%2FKakaoTalk_20250704_104001246.png""}, {""idx"": 32, ""name"": ""멜론망고 조각케이크"", ""price"": ""14,000원"", ""img_url"": ""https://search.pstatic.net/common/?autoRotate=true&quality=95&type=f320_320&src=https%3A%2F%2Fldb-phinf.pstatic.net%2F20250704_196%2F1751593702895oOXup_PNG%2FKakaoTalk_20250704_104001246_05.png""}, {""idx"": 33, ""name"": ""멜론 명장 조각케이크"", ""price"": ""14,000원"", ""img_url"": ""https://search.pstatic.net/common/?autoRotate=true&quality=95&type=f320_320&src=https%3A%2F%2Fldb-phinf.pstatic.net%2F20250704_185%2F1751593721894sIreP_PNG%2FKakaoTalk_20250704_104001246_06.png""}, {""idx"": 34, ""name"": ""블루베리 조각케이크"", ""price"": ""12,000원"", ""img_url"": ""https://search.pstatic.net/common/?autoRotate=true&quality=95&type=f320_320&src=https%3A%2F%2Fldb-phinf.pstatic.net%2F20250701_134%2F1751344272792gnHoh_PNG%2FKakaoTalk_20250701_121735190_01.png""}, {""idx"": 35, ""name"": ""샤인머스켓 조각케이크"", ""price"": ""12,000원"", ""img_url"": ""https://search.pstatic.net/common/?autoRotate=true&quality=95&type=f320_320&src=https%3A%2F%2Fldb-phinf.pstatic.net%2F20250704_300%2F1751593544784XLTtN_PNG%2FKakaoTalk_20250704_104001246_04.png""}, {""idx"": 36, ""name"": ""양송이스프"", ""price"": ""8,500원"", ""img_url"": ""https://search.pstatic.net/common/?autoRotate=true&quality=95&type=f320_320&src=https%3A%2F%2Fldb-phinf.pstatic.net%2F20250505_214%2F1746411685962SQOn6_PNG%2FKakaoTalk_20250505_111826339_01.png""}, {""idx"": 37, ""name"": ""옥수수크림스프"", ""price"": ""8,500원"", ""img_url"": ""https://search.pstatic.net/common/?autoRotate=true&quality=95&type=f320_320&src=https%3A%2F%2Fldb-phinf.pstatic.net%2F20250505_279%2F1746411718570ADFw5_PNG%2FKakaoTalk_20250505_111826339_04.png""}, {""idx"": 38, ""name"": ""통단호박스프"", ""price"": ""18,000원"", ""img_url"": ""https://search.pstatic.net/common/?autoRotate=true&quality=95&type=f320_320&src=https%3A%2F%2Fldb-phinf.pstatic.net%2F20250505_21%2F17464117492752yJOS_PNG%2FKakaoTalk_20250505_111826339_05.png""}, {""idx"": 39, ""name"": ""감바스+포카치아"", ""price"": ""15,900원"", ""img_url"": ""https://search.pstatic.net/common/?autoRotate=true&quality=95&type=f320_320&src=https%3A%2F%2Fldb-phinf.pstatic.net%2F20250505_52%2F1746412481745cm7Pl_PNG%2FKakaoTalk_20250505_113218795_01.png""}, {""idx"": 40, ""name"": ""샐러드"", ""price"": ""13,000원"", ""img_url"": ""https://search.pstatic.net/common/?autoRotate=true&quality=95&type=f320_320&src=https%3A%2F%2Fldb-phinf.pstatic.net%2F20250505_246%2F1746412492857Ue0O5_PNG%2FKakaoTalk_20250505_113218795.png""}, {""idx"": 41, ""name"": ""크로와상 애플 샌드위치"", ""price"": ""13,900원"", ""img_url"": ""https://search.pstatic.net/common/?autoRotate=true&quality=95&type=f320_320&src=https%3A%2F%2Fldb-phinf.pstatic.net%2F20250505_53%2F1746411828153ctFbI_PNG%2FKakaoTalk_20250505_111826339_07.png""}, {""idx"": 42, ""name"": ""파니니 샌드위치"", ""price"": ""11,000원"", ""img_url"": ""https://search.pstatic.net/common/?autoRotate=true&quality=95&type=f320_320&src=https%3A%2F%2Fldb-phinf.pstatic.net%2F20250505_7%2F1746412518669jGRgE_PNG%2F111111111KakaoTalk_20250505_113307994.png""}, {""idx"": 43, ""name"": ""그릭요거트볼"", ""price"": ""8,900원"", ""img_url"": ""https://search.pstatic.net/common/?autoRotate=true&quality=95&type=f320_320&src=https%3A%2F%2Fldb-phinf.pstatic.net%2F20250505_36%2F1746411909489htQuV_PNG%2FKakaoTalk_20250505_111826339_03.png""}, {""idx"": 44, ""name"": ""파블로바 케이크 (단종)"", ""price"": ""59,000원"", ""img_url"": ""https://search.pstatic.net/common/?autoRotate=true&quality=95&type=f320_320&src=https%3A%2F%2Fldb-phinf.pstatic.net%2F20250707_255%2F1751878257265SqqGj_PNG%2FKakaoTalk_20250707_154249629.png""}, {""idx"": 45, ""name"": ""(단종)무화과 케이크"", ""price"": ""55,000원"", ""img_url"": ""https://search.pstatic.net/common/?autoRotate=true&quality=95&type=f320_320&src=https%3A%2F%2Fldb-phinf.pstatic.net%2F20250808_235%2F1754619987160DBvXI_PNG%2FKakaoTalk_20250808_112532734.png""}, {""idx"": 46, ""name"": ""프리미엄 골든망고 빙수 (단종)"", ""price"": ""39,000원"", ""img_url"": ""https://search.pstatic.net/common/?autoRotate=true&quality=95&type=f320_320&src=https%3A%2F%2Fldb-phinf.pstatic.net%2F20250505_32%2F1746411563205hHsaK_PNG%2FKakaoTalk_20250505_111826339.png""}, {""idx"": 47, ""name"": ""망고멜론빙수 (단종)"", ""price"": ""32,000원"", ""img_url"": ""https://search.pstatic.net/common/?autoRotate=true&quality=95&type=f320_320&src=https%3A%2F%2Fldb-phinf.pstatic.net%2F20250915_40%2F1757924082540hpfPQ_PNG%2FIMG_5126.png""}, {""idx"": 48, ""name"": ""프리미엄 멜론 빙수 (단종)"", ""price"": ""24,000원"", ""img_url"": ""https://search.pstatic.net/common/?autoRotate=true&quality=95&type=f320_320&src=https%3A%2F%2Fldb-phinf.pstatic.net%2F20250704_127%2F1751596496094gyfb6_PNG%2FKakaoTalk_20250704_112343461.png""}, {""idx"": 49, ""name"": ""고당도 수박 빙수 (단종)"", ""price"": ""22,000원"", ""img_url"": ""https://search.pstatic.net/common/?autoRotate=true&quality=95&type=f320_320&src=https%3A%2F%2Fldb-phinf.pstatic.net%2F20250704_224%2F1751596515617cDMzg_PNG%2FKakaoTalk_20250704_112345274.png""}, {""idx"": 50, ""name"": ""팥 인절미 빙수 (단종)"", ""price"": ""18,000원"", ""img_url"": ""https://search.pstatic.net/common/?autoRotate=true&quality=95&type=f320_320&src=https%3A%2F%2Fldb-phinf.pstatic.net%2F20250505_178%2F1746411663616kgCpg_PNG%2FKakaoTalk_20250505_111826339_02.png""}]","[""https://search.pstatic.net/common/?autoRotate=true&quality=95&type=f320_320&src=https%3A%2F%2Fldb-phinf.pstatic.net%2F20251018_205%2F1760776584428srXE3_PNG%2FIMG_6076.png"", ""https://search.pstatic.net/common/?autoRotate=true&quality=95&type=f320_320&src=https%3A%2F%2Fldb-phinf.pstatic.net%2F20251018_213%2F1760776968704PzivA_PNG%2FIMG_6060.png"", ""https://search.pstatic.net/common/?autoRotate=true&quality=95&type=f320_320&src=https%3A%2F%2Fldb-phinf.pstatic.net%2F20251018_112%2F1760776941576kQBGN_PNG%2FIMG_6061.png"", ""https://search.pstatic.net/common/?autoRotate=true&quality=95&type=f320_320&src=https%3A%2F%2Fldb-phinf.pstatic.net%2F20251018_14%2F1760776768858rRKHx_PNG%2FIMG_6068.png"", ""https://search.pstatic.net/common/?autoRotate=true&quality=95&type=f320_320&src=https%3A%2F%2Fldb-phinf.pstatic.net%2F20251018_220%2F17607768052836tcxz_PNG%2FIMG_6066.png""]",1
saltbread,daegu,대구 성서산업단지역 소금빵,아눅 월성,대구광역시 달서구 조암남로32길 16 1층,대구광역시 달서구 대천동 945 1층,,https://smartstore.naver.com/a-nook,"카페,디저트>베이커리",1285167741,358178015,128.5172691,35.8183059,,1324458118.0,SID_OK_AUTO_DETAIL,대구 아눅 월성,OK,0507-1485-0604,OK,[],AI_BRIEFING_EMPTY,"found_section=place_section
bkeel_count=0",2.0,"[{""keyword"": ""커피가 맛있어요"", ""count"": 1662}, {""keyword"": ""디저트가 맛있어요"", ""count"": 1081}, {""keyword"": ""인테리어가 멋져요"", ""count"": 965}, {""keyword"": ""빵이 맛있어요"", ""count"": 655}, {""keyword"": ""음료가 맛있어요"", ""count"": 625}]",OK,keyword_count=5 total=2,https://search.pstatic.net/common/?autoRotate=true&type=w560_sharpen&src=https%3A%2F%2Fldb-phinf.pstatic.net%2F20240911_230%2F1726027589274Khxoo_JPEG%2F%25BF%25F9%25BC%25BA_%25C0%25FC%25B8%25E9_%25BB%25E7%25C1%25F8.jpg,OK,"hit=a#_autoPlayable img
src_len=218",월 08:00 - 22:00 | 화 08:00 - 22:00 | 수 08:00 - 22:00 | 목 08:00 - 22:00 | 금 08:00 - 22:00 | 토 08:00 - 22:00 | 일 08:00 - 22:00 | 02/17 설날 휴무 | - 설날과 추석 명절 당일만 휴무입니다.,OK,"hit=hours_toggle
aria_before=false
aria_after=true
w9QyJ_count=10
detail_lines=9",0,0,OK,"more_clicks=6
li_count=96
picked_img_count=5",96,"[{""idx"": 0, ""name"": ""BELT 크루아상 샌드위치"", ""price"": ""13,000원"", ""img_url"": ""https://search.pstatic.net/common/?autoRotate=true&quality=95&type=f320_320&src=http%3A%2F%2Fimagefarm.baemin.com%2Fsmartmenuimage%2Fupload%2Fimage%2F2025%2F12%2F17%2FPLrX7URlprcu01d5VuB9Pq7s0Wm5FqpLY8rxkIVBK6ycZvQJu4fq0txzrpsCJAIwBYxG1bk6VeWI1H2dzoxvag%3D%3D.jpg""}, {""idx"": 1, ""name"": ""양송이 수프"", ""price"": ""13,000원"", ""img_url"": ""https://search.pstatic.net/common/?autoRotate=true&quality=95&type=f320_320&src=http%3A%2F%2Fimagefarm.baemin.com%2Fsmartmenuimage%2Fupload%2Fimage%2F2025%2F12%2F17%2FOO6HGTTxxLevJUmxO1nny7Yz--R8n20qIhaPFIRxMBAt2ekGnz_QVtUx82NJFeA5QsAQ2tOzBARI0i86-WIEUw%3D%3D.jpg""}, {""idx"": 2, ""name"": ""프렌치 토스트"", ""price"": ""16,000원"", ""img_url"": ""https://search.pstatic.net/common/?autoRotate=true&quality=95&type=f320_320&src=http%3A%2F%2Fimagefarm.baemin.com%2Fsmartmenuimage%2Fupload%2Fimage%2F2025%2F12%2F17%2FLV91krs3VLXDH3_44OG27-oBfXahH7AmnIwJ1HlSGV1lHfom6l-qLWN50VF7GoQkASgD-nbyDt6-hCFQYs3Pgw%3D%3D.jpg""}, {""idx"": 3, ""name"": ""크루아상"", ""price"": ""4,500원"", ""img_url"": ""https://search.pstatic.net/common/?autoRotate=true&quality=95&type=f320_320&src=http%3A%2F%2Fimagefarm.baemin.com%2Fsmartmenuimage%2Fupload%2Fimage%2F2025%2F12%2F17%2FBfIygzllo1yKPG6n_xE1FWntNaVr0I-dycdT8XGGlbsb_Vdmi5eD_5GqzUPP7vfEML4zgGALoKfy0caeSEhQqA%3D%3D.jpg""}, {""idx"": 4, ""name"": ""새우 아보카도 샐러드"", ""price"": ""18,000원"", ""img_url"": ""https://search.pstatic.net/common/?autoRotate=true&quality=95&type=f320_320&src=http%3A%2F%2Fimagefarm.baemin.com%2Fsmartmenuimage%2Fupload%2Fimage%2F2025%2F12%2F17%2Fa1wDpkpZQA4_YKP7EXRdCyLnbhHej651K7fqSrPsxm-YQ5iUuIDtUS4KyV-2US0ZI2aD_jDK0H7sr3uAu05OBA%3D%3D.jpg""}, {""idx"": 5, ""name"": ""부라타치즈 샐러드"", ""price"": ""20,000원"", ""img_url"": ""https://search.pstatic.net/common/?autoRotate=true&quality=95&type=f320_320&src=http%3A%2F%2Fimagefarm.baemin.com%2Fsmartmenuimage%2Fupload%2Fimage%2F2025%2F12%2F17%2FIX2ObaCtySiwL1xSUxvBR62usmW33CeJ9L2zil8nCoLlCRv6q35_vH9e4lQBE479MAOdn3pbp50pn4q2mZoPug%3D%3D.jpg""}, {""idx"": 6, ""name"": ""아눅 쿠키 박스(2~3인분)"", ""price"": ""33,000원"", ""img_url"": ""https://search.pstatic.net/common/?autoRotate=true&quality=95&type=f320_320&src=http%3A%2F%2Fimagefarm.baemin.com%2Fsmartmenuimage%2Fupload%2Fimage%2F2026%2F1%2F27%2FWELw-127wmYtUy5cAdVt-IsqvmvVF3GUlkzUppu3Z5WseF7xHeIhzu4sZsQYttgNXZ7coFsnkd9nIrOm6ZfWIA%3D%3D.jpg""}, {""idx"": 7, ""name"": ""치즈 그릴드 샌드위치"", ""price"": ""15,000원"", ""img_url"": ""https://search.pstatic.net/common/?autoRotate=true&quality=95&type=f320_320&src=http%3A%2F%2Fimagefarm.baemin.com%2Fsmartmenuimage%2Fupload%2Fimage%2F2025%2F12%2F17%2FpZJ6x2cqrLNwNWrzuUaDtH_a1bxRzGnmZiEQHUphdR7uDw-z1RLl0tVTlRlQ3eQMZZgtG7dcZli7z48pxjASUg%3D%3D.jpg""}, {""idx"": 8, ""name"": ""BELT 크루아상 샌드위치"", ""price"": ""13,000원"", ""img_url"": ""https://search.pstatic.net/common/?autoRotate=true&quality=95&type=f320_320&src=http%3A%2F%2Fimagefarm.baemin.com%2Fsmartmenuimage%2Fupload%2Fimage%2F2025%2F12%2F17%2FPLrX7URlprcu01d5VuB9Pq7s0Wm5FqpLY8rxkIVBK6ycZvQJu4fq0txzrpsCJAIwBYxG1bk6VeWI1H2dzoxvag%3D%3D.jpg""}, {""idx"": 9, ""name"": ""애플 루꼴라 샌드위치"", ""price"": ""13,500원"", ""img_url"": ""https://search.pstatic.net/common/?autoRotate=true&quality=95&type=f320_320&src=http%3A%2F%2Fimagefarm.baemin.com%2Fsmartmenuimage%2Fupload%2Fimage%2F2025%2F12%2F17%2FUB2BI-fsZB0tSxrDNvvdjc2Vmz0WCWzIxtX4NrvXiXzATnFFF_E6wHN-a4YR1fGV3mpf4i-9XHkDRPC46Z3Zag%3D%3D.jpg""}, {""idx"": 10, ""name"": ""치아바타 샌드위치"", ""price"": ""13,000원"", ""img_url"": ""https://search.pstatic.net/common/?autoRotate=true&quality=95&type=f320_320&src=http%3A%2F%2Fimagefarm.baemin.com%2Fsmartmenuimage%2Fupload%2Fimage%2F2026%2F1%2F12%2FjwE9q5RAQ4WfYQulFSNjpXxW6u8dIsjHAy3UzHQEe_jTE2zbu47nt56UeIuNLKtB1lQmIipUKWEdo7it2kdXdA%3D%3D.jpg""}, {""idx"": 11, ""name"": ""치즈 프렌치 토스트"", ""price"": ""18,000원"", ""img_url"": ""https://search.pstatic.net/common/?autoRotate=true&quality=95&type=f320_320&src=http%3A%2F%2Fimagefarm.baemin.com%2Fsmartmenuimage%2Fupload%2Fimage%2F2025%2F12%2F17%2F9KolIFAuuKfSG16rre5Z5-eGFy2QdxcQjFzelQ3PWVlQsFPDrL1kFPnJFmI-1dU-Q3SP0zmiJFTB7b0irYy0XQ%3D%3D.jpg""}, {""idx"": 12, ""name"": ""프렌치 토스트"", ""price"": ""16,000원"", ""img_url"": ""https://search.pstatic.net/common/?autoRotate=true&quality=95&type=f320_320&src=http%3A%2F%2Fimagefarm.baemin.com%2Fsmartmenuimage%2Fupload%2Fimage%2F2025%2F12%2F17%2FLV91krs3VLXDH3_44OG27-oBfXahH7AmnIwJ1HlSGV1lHfom6l-qLWN50VF7GoQkASgD-nbyDt6-hCFQYs3Pgw%3D%3D.jpg""}, {""idx"": 13, ""name"": ""치킨 아보카도 샐러드"", ""price"": ""18,000원"", ""img_url"": ""https://search.pstatic.net/common/?autoRotate=true&quality=95&type=f320_320&src=http%3A%2F%2Fimagefarm.baemin.com%2Fsmartmenuimage%2Fupload%2Fimage%2F2025%2F12%2F17%2F3uXH1HhR-DMGE1oAKVj4_PP0qxFv1GM2PdwNQCDlHl0tevytny4rijm-JKqBN43AGKBec5hG8Bs2guLokN1jTg%3D%3D.jpg""}, {""idx"": 14, ""name"": ""부라타치즈 샐러드"", ""price"": ""20,000원"", ""img_url"": ""https://search.pstatic.net/common/?autoRotate=true&quality=95&type=f320_320&src=http%3A%2F%2Fimagefarm.baemin.com%2Fsmartmenuimage%2Fupload%2Fimage%2F2025%2F12%2F17%2FIX2ObaCtySiwL1xSUxvBR62usmW33CeJ9L2zil8nCoLlCRv6q35_vH9e4lQBE479MAOdn3pbp50pn4q2mZoPug%3D%3D.jpg""}, {""idx"": 15, ""name"": ""새우 아보카도 샐러드"", ""price"": ""18,000원"", ""img_url"": ""https://search.pstatic.net/common/?autoRotate=true&quality=95&type=f320_320&src=http%3A%2F%2Fimagefarm.baemin.com%2Fsmartmenuimage%2Fupload%2Fimage%2F2025%2F12%2F17%2Fa1wDpkpZQA4_YKP7EXRdCyLnbhHej651K7fqSrPsxm-YQ5iUuIDtUS4KyV-2US0ZI2aD_jDK0H7sr3uAu05OBA%3D%3D.jpg""}, {""idx"": 16, ""name"": ""그릭요거트볼 (유기농 오트밀 그래놀라)"", ""price"": ""12,000원"", ""img_url"": ""https://search.pstatic.net/common/?autoRotate=true&quality=95&type=f320_320&src=http%3A%2F%2Fimagefarm.baemin.com%2Fsmartmenuimage%2Fupload%2Fimage%2F2025%2F12%2F17%2FQ37xm5yZoG6flnmS9_1WcFabDG4VIRqlTCcfCTRu8-WklNy86WR23EZeir4ggHYRK7ZljA8nzQrJQQXkupoFgQ%3D%3D.jpg""}, {""idx"": 17, ""name"": ""양송이 수프"", ""price"": ""13,000원"", ""img_url"": ""https://search.pstatic.net/common/?autoRotate=true&quality=95&type=f320_320&src=http%3A%2F%2Fimagefarm.baemin.com%2Fsmartmenuimage%2Fupload%2Fimage%2F2025%2F12%2F17%2FOO6HGTTxxLevJUmxO1nny7Yz--R8n20qIhaPFIRxMBAt2ekGnz_QVtUx82NJFeA5QsAQ2tOzBARI0i86-WIEUw%3D%3D.jpg""}, {""idx"": 18, ""name"": ""토마토 비프 스튜"", ""price"": ""16,000원"", ""img_url"": ""https://search.pstatic.net/common/?autoRotate=true&quality=95&type=f320_320&src=http%3A%2F%2Fimagefarm.baemin.com%2Fsmartmenuimage%2Fupload%2Fimage%2F2025%2F12%2F17%2FdQG2IO5z0Yi6H4yUfXGTEqFTsvYSe9Y7ZCNVzzRtX-V99av3JOJQ5KykgnRLuKCBE8PAiGrkS8jx2yTwmez2Ow%3D%3D.jpg""}, {""idx"": 19, ""name"": ""크루아상"", ""price"": ""4,500원"", ""img_url"": ""https://search.pstatic.net/common/?autoRotate=true&quality=95&type=f320_320&src=http%3A%2F%2Fimagefarm.baemin.com%2Fsmartmenuimage%2Fupload%2Fimage%2F2025%2F12%2F17%2FBfIygzllo1yKPG6n_xE1FWntNaVr0I-dycdT8XGGlbsb_Vdmi5eD_5GqzUPP7vfEML4zgGALoKfy0caeSEhQqA%3D%3D.jpg""}, {""idx"": 20, ""name"": ""아몬드 크루아상"", ""price"": ""6,000원"", ""img_url"": ""https://search.pstatic.net/common/?autoRotate=true&quality=95&type=f320_320&src=http%3A%2F%2Fimagefarm.baemin.com%2Fsmartmenuimage%2Fupload%2Fimage%2F2025%2F12%2F17%2FU433DL7arOYGCFbmpEcCFjbd_QwhwxviijGa-ORSpoH1RZQSLFJsBECJ86MfK3VIMY9H6JTjdUTu9fViu4gCag%3D%3D.jpg""}, {""idx"": 21, ""name"": ""쇼콜라 크루아상 (초코 크루아상)"", ""price"": ""6,000원"", ""img_url"": ""https://search.pstatic.net/common/?autoRotate=true&quality=95&type=f320_320&src=http%3A%2F%2Fimagefarm.baemin.com%2Fsmartmenuimage%2Fupload%2Fimage%2F2025%2F12%2F17%2FLXqAbwVqRyXUr-tuMLeo_Hxtfwjq0cyacoxqT7KmFYxcg9mKoRWPIV1vULFJe9Zd_mET2Bjsr21wwA_n0gcJYA%3D%3D.jpg""}, {""idx"": 22, ""name"": ""크림 크루아상"", ""price"": ""6,000원"", ""img_url"": ""https://search.pstatic.net/common/?autoRotate=true&quality=95&type=f320_320&src=http%3A%2F%2Fimagefarm.baemin.com%2Fsmartmenuimage%2Fupload%2Fimage%2F2025%2F12%2F17%2FS5N99Tsa7vasywxEWkzhjuE90vlaUzKt20nuxvYb_GPWOl7Kti3Y0xckRhniIgK9Hga7-6KmxJpZQWwz8NHKCw%3D%3D.jpg""}, {""idx"": 23, ""name"": ""뺑 오 쇼콜라"", ""price"": ""5,800원"", ""img_url"": ""https://search.pstatic.net/common/?autoRotate=true&quality=95&type=f320_320&src=http%3A%2F%2Fimagefarm.baemin.com%2Fsmartmenuimage%2Fupload%2Fimage%2F2025%2F12%2F17%2F25ha9JmTP6dpkSv2qpzJD26d47HJe5w17UVwXjSyl3sKOSQ5g1aHnj-RtCegVL2L2m9cCc7ZWfUxAMnN3IvABQ%3D%3D.jpg""}, {""idx"": 24, ""name"": ""더블 쇼콜라"", ""price"": ""6,000원"", ""img_url"": ""https://search.pstatic.net/common/?autoRotate=true&quality=95&type=f320_320&src=http%3A%2F%2Fimagefarm.baemin.com%2Fsmartmenuimage%2Fupload%2Fimage%2F2025%2F12%2F22%2FmY8IPYTRZx5lmdooLRUSucP1zCrZ-oSpxnrjlV3OVcmDJhRGi5YfJIybLZe3WYTOxWbxY_ZEJIAEe3g9J8116w%3D%3D.jpg""}, {""idx"": 25, ""name"": ""브리오슈 푀유테 (초코칩 페스츄리)"", ""price"": ""6,000원"", ""img_url"": ""https://search.pstatic.net/common/?autoRotate=true&quality=95&type=f320_320&src=http%3A%2F%2Fimagefarm.baemin.com%2Fsmartmenuimage%2Fupload%2Fimage%2F2025%2F12%2F17%2FnPD4k7GmJUz2JWLhg6AvtEe750ajglKxp2PqM-INIo9-p4S1swPftRPG3--s08zr_b2mHYvAzPwJPJwd5aXdGg%3D%3D.jpg""}, {""idx"": 26, ""name"": ""소시지 페스츄리"", ""price"": ""5,800원"", ""img_url"": ""https://search.pstatic.net/common/?autoRotate=true&quality=95&type=f320_320&src=http%3A%2F%2Fimagefarm.baemin.com%2Fsmartmenuimage%2Fupload%2Fimage%2F2025%2F12%2F17%2F_6TciEQ3o4LlTzeiCuhQ_ucNGuSj562STOtJIDVOiT9_8bLH5q5LoqSbIyifdpkJa3MuUe5tzi18MzGrOtXl1A%3D%3D.jpg""}, {""idx"": 27, ""name"": ""시나몬롤"", ""price"": ""6,500원"", ""img_url"": ""https://search.pstatic.net/common/?autoRotate=true&quality=95&type=f320_320&src=http%3A%2F%2Fimagefarm.baemin.com%2Fsmartmenuimage%2Fupload%2Fimage%2F2025%2F12%2F17%2FdibvbbqXU10Ul8FBTJnEGBe84dFbAGatKmsbxEn8T-r0HuN0fougkQ-ngf5bTK3Aqfp6PQlgCV3yZNt6VukUUg%3D%3D.jpg""}, {""idx"": 28, ""name"": ""사워도우"", ""price"": ""10,000원"", ""img_url"": ""https://search.pstatic.net/common/?autoRotate=true&quality=95&type=f320_320&src=http%3A%2F%2Fimagefarm.baemin.com%2Fsmartmenuimage%2Fupload%2Fimage%2F2025%2F12%2F17%2FUIpDgh29t5mt75gtChj93vxbSBniBgQCFL7OOd2N2XwPpixNqJUxNY5rSkBjGHI1xcljv_MUarvdbxUcejezFA%3D%3D.jpg""}, {""idx"": 29, ""name"": ""사워도우 (하프 사이즈)"", ""price"": ""6,000원"", ""img_url"": ""https://search.pstatic.net/common/?autoRotate=true&quality=95&type=f320_320&src=http%3A%2F%2Fimagefarm.baemin.com%2Fsmartmenuimage%2Fupload%2Fimage%2F2025%2F12%2F17%2FC3ZuOupwpzk40nDUydqrxDMblmmYJ5C96DCZGJyyQnkcWTtsePUyQY-LD9b8WCdkj7UoCuS58xWldkfPJtYTPA%3D%3D.jpg""}, {""idx"": 30, ""name"": ""바게트"", ""price"": ""4,500원"", ""img_url"": ""https://search.pstatic.net/common/?autoRotate=true&quality=95&type=f320_320&src=http%3A%2F%2Fimagefarm.baemin.com%2Fsmartmenuimage%2Fupload%2Fimage%2F2025%2F12%2F17%2FKGWf_Q2g0c_eff8iQ9G-wGUQhiSk2XCc_kYFzsbVprarl53sLW-bPprD5AdncmGJgC4QK_hU1QHtVOAVZlLjZA%3D%3D.jpg""}, {""idx"": 31, ""name"": ""롱 소시지 바게트"", ""price"": ""5,300원"", ""img_url"": ""https://search.pstatic.net/common/?autoRotate=true&quality=95&type=f320_320&src=http%3A%2F%2Fimagefarm.baemin.com%2Fsmartmenuimage%2Fupload%2Fimage%2F2025%2F12%2F18%2F_edxk0xLXtguIRCydVLpXVHw92d9TZqFukbVA97TYpI1M94eaqcApI7kDRRJHFPK.jpg""}, {""idx"": 32, ""name"": ""플레인 치아바타"", ""price"": ""4,200원"", ""img_url"": ""https://search.pstatic.net/common/?autoRotate=true&quality=95&type=f320_320&src=http%3A%2F%2Fimagefarm.baemin.com%2Fsmartmenuimage%2Fupload%2Fimage%2F2025%2F12%2F17%2FOZOjNvC8UmoBXJqzwUFFodwpRcQ7DS0vgUdFvNYRJkEFMh_6Fmis-RWfnQHRFWVOmaLNZ5EDAJEiPPsLPRgtCw%3D%3D.jpg""}, {""idx"": 33, ""name"": ""치즈 치아바타"", ""price"": ""5,500원"", ""img_url"": ""https://search.pstatic.net/common/?autoRotate=true&quality=95&type=f320_320&src=http%3A%2F%2Fimagefarm.baemin.com%2Fsmartmenuimage%2Fupload%2Fimage%2F2025%2F12%2F17%2FIr_e7fM1K6WepBu0TuCkp-PzrSehJH8mQPwztfX30hjUiAuGv5KJx0hGRS31Pa7UnM6L9suoLgw9jOwADY0nXg%3D%3D.jpg""}, {""idx"": 34, ""name"": ""올리브 치아바타"", ""price"": ""5,500원"", ""img_url"": ""https://search.pstatic.net/common/?autoRotate=true&quality=95&type=f320_320&src=http%3A%2F%2Fimagefarm.baemin.com%2Fsmartmenuimage%2Fupload%2Fimage%2F2025%2F12%2F17%2FLnChaVByZeKoeEuXf_JfWs1LAbkaFN4QOPDw8-_sHSayziLZrv95pF1ie8Jtk0ORC6m6-zROqveOqYYobgzfdA%3D%3D.jpg""}, {""idx"": 35, ""name"": ""스피니치 치아바타"", ""price"": ""6,000원"", ""img_url"": ""https://search.pstatic.net/common/?autoRotate=true&quality=95&type=f320_320&src=http%3A%2F%2Fimagefarm.baemin.com%2Fsmartmenuimage%2Fupload%2Fimage%2F2025%2F12%2F17%2FkYahpcdMbfGHo0wocC6dCCYIQi9_ZCoqLPoInh99bOiqguWGZ0_ViNOXQ9Wf4qLl0Kv65wd8L7hN-9hPPdcGQw%3D%3D.jpg""}, {""idx"": 36, ""name"": ""앙버터 치아바타"", ""price"": ""6,900원"", ""img_url"": ""https://search.pstatic.net/common/?autoRotate=true&quality=95&type=f320_320&src=http%3A%2F%2Fimagefarm.baemin.com%2Fsmartmenuimage%2Fupload%2Fimage%2F2025%2F12%2F17%2Foi93hqrBwgEcExGa-xTvzZQjZLgARnEwE06S5sVKFYbhn442zHZCugEfxVzUugYNhAbhFV_nQ15bNK8zl35ytw%3D%3D.jpg""}, {""idx"": 37, ""name"": ""고구마 깜빠뉴"", ""price"": ""7,500원"", ""img_url"": ""https://search.pstatic.net/common/?autoRotate=true&quality=95&type=f320_320&src=http%3A%2F%2Fimagefarm.baemin.com%2Fsmartmenuimage%2Fupload%2Fimage%2F2025%2F9%2F8%2FRQG_8Xpm3CmuEfDTUCHFYKWfK-8T_fHp8FPOrFINJ7A_h47HTWU3-qgwaab5J6wNyNnj4gR8R5TvoLrKRDCt_Q%3D%3D.jpg""}, {""idx"": 38, ""name"": ""무화과 깜빠뉴"", ""price"": ""7,500원"", ""img_url"": ""https://search.pstatic.net/common/?autoRotate=true&quality=95&type=f320_320&src=http%3A%2F%2Fimagefarm.baemin.com%2Fsmartmenuimage%2Fupload%2Fimage%2F2025%2F12%2F17%2FLFDXsWABiInLB9BfdW73gC6pvnX0dVZ5iP5wntmiZmF-RxMHOK1G4XERNIBu_h5pIzGvie1dL3inV4QfSyDZ6w%3D%3D.jpg""}, {""idx"": 39, ""name"": ""단호박 크림치즈 깜빠뉴"", ""price"": ""7,500원"", ""img_url"": ""https://search.pstatic.net/common/?autoRotate=true&quality=95&type=f320_320&src=http%3A%2F%2Fimagefarm.baemin.com%2Fsmartmenuimage%2Fupload%2Fimage%2F2025%2F12%2F17%2FIRTlYVt7fWMcElbOoCcIrL8ucSn5EHV7NSiXtjcoDSmcUIqzYWVArAgxgel6lADSh8BnExcGmX4RPiSPucfEEA%3D%3D.jpg""}, {""idx"": 40, ""name"": ""쇼콜라 깜빠뉴"", ""price"": ""6,900원"", ""img_url"": ""https://search.pstatic.net/common/?autoRotate=true&quality=95&type=f320_320&src=http%3A%2F%2Fimagefarm.baemin.com%2Fsmartmenuimage%2Fupload%2Fimage%2F2025%2F12%2F18%2FfAlQTtBOmQh_AwmErlzdiL6Hs4Xenj4zO2-ZUPADZ7DJlxDBHYWcEwp_cY7ftpE89g6e9DIm5FcXvIwaYe07aA%3D%3D.jpg""}, {""idx"": 41, ""name"": ""아눅식빵"", ""price"": ""7,000원"", ""img_url"": ""https://search.pstatic.net/common/?autoRotate=true&quality=95&type=f320_320&src=http%3A%2F%2Fimagefarm.baemin.com%2Fsmartmenuimage%2Fupload%2Fimage%2F2025%2F12%2F17%2F75efuqcK-giIXvKFdzfN1-M3vTqF8Y3i4CBDpoCBpaL0LyXfZV0Yi5_DONP1xwAb8m6rl_P-rvKxSFfcNr8TjA%3D%3D.jpg""}, {""idx"": 42, ""name"": ""통밀식빵"", ""price"": ""8,500원"", ""img_url"": ""https://search.pstatic.net/common/?autoRotate=true&quality=95&type=f320_320&src=http%3A%2F%2Fimagefarm.baemin.com%2Fsmartmenuimage%2Fupload%2Fimage%2F2025%2F12%2F17%2Fe2T2HA7x-_ZF8x771qRr-rCaZFXKeeSXOqem_ab2BiGILHS_u4eBsZO9hhEdLOeF9xVquUQ5i91NoSkSyg8PmQ%3D%3D.jpg""}, {""idx"": 43, ""name"": ""밤식빵"", ""price"": ""6,500원"", ""img_url"": ""https://search.pstatic.net/common/?autoRotate=true&quality=95&type=f320_320&src=http%3A%2F%2Fimagefarm.baemin.com%2Fsmartmenuimage%2Fupload%2Fimage%2F2025%2F12%2F18%2F2DsQDs7wPAQGL-coVFmdIUpDBtA7LgzmS0G9xxusfQ0sDoLpn6NIzJAqyfThvxl95SI39-jGzABgKluVH6NV5Q%3D%3D.jpg""}, {""idx"": 44, ""name"": ""브리오슈 낭테르"", ""price"": ""10,000원"", ""img_url"": ""https://search.pstatic.net/common/?autoRotate=true&quality=95&type=f320_320&src=http%3A%2F%2Fimagefarm.baemin.com%2Fsmartmenuimage%2Fupload%2Fimage%2F2025%2F12%2F17%2FTi-J-x6CiPRpZnqcgtZ6Rj9VXT9W_Zfa5VwldKWvQPmtaVFO1oYFNGEIYAlVGGFrZYrU0gkCfI6EoUqg32C09g%3D%3D.jpg""}, {""idx"": 45, ""name"": ""플레인 베이글"", ""price"": ""2,900원"", ""img_url"": ""https://search.pstatic.net/common/?autoRotate=true&quality=95&type=f320_320&src=http%3A%2F%2Fimagefarm.baemin.com%2Fsmartmenuimage%2Fupload%2Fimage%2F2025%2F12%2F17%2FQPgIBYAC5RAVH8BKBG2ITZ_iJvtLupr9ERlKzpBcnbkZLrZFjArDrlWHRYc8wdKrlonoX63PB3TncUajq4I23w%3D%3D.jpg""}, {""idx"": 46, ""name"": ""세서미 베이글"", ""price"": ""3,300원"", ""img_url"": ""https://search.pstatic.net/common/?autoRotate=true&quality=95&type=f320_320&src=http%3A%2F%2Fimagefarm.baemin.com%2Fsmartmenuimage%2Fupload%2Fimage%2F2026%2F1%2F2%2FH27dYNjj-R5b60z-PaT0Dk1-bGNN8bFmPaYN49_grEVdQpZOi3aymn-O0dZ1riLM8JwyztNFNnaPpkRDoEgpwQ%3D%3D.jpg""}, {""idx"": 47, ""name"": ""소금빵"", ""price"": ""3,800원"", ""img_url"": ""https://search.pstatic.net/common/?autoRotate=true&quality=95&type=f320_320&src=http%3A%2F%2Fimagefarm.baemin.com%2Fsmartmenuimage%2Fupload%2Fimage%2F2025%2F12%2F17%2FuYqoCL_xY2pg3HHQRluoOOTz37n3qlw75xspxzv1UiisgbESdmCvYR17yG0e0-F2G4io4WjVHFEopb_RaDpJig%3D%3D.jpg""}, {""idx"": 48, ""name"": ""모닝빵"", ""price"": ""4,500원"", ""img_url"": ""https://search.pstatic.net/common/?autoRotate=true&quality=95&type=f320_320&src=http%3A%2F%2Fimagefarm.baemin.com%2Fsmartmenuimage%2Fupload%2Fimage%2F2025%2F12%2F17%2F2BgxF8ob-BqcMXg7JFgUFGuViwVd0WzeeqT0NveghNjhbvqaeoNXzlKDMfIztf4WYDq8R89JoSRQg0INJh_CCg%3D%3D.jpg""}, {""idx"": 49, ""name"": ""국산 단팥빵"", ""price"": ""4,000원"", ""img_url"": ""https://search.pstatic.net/common/?autoRotate=true&quality=95&type=f320_320&src=http%3A%2F%2Fimagefarm.baemin.com%2Fsmartmenuimage%2Fupload%2Fimage%2F2025%2F12%2F17%2F-3QVSip_ulX820SxWpUs2DB1KuVUybHayTVymv9CM6-7Plx-F5yWd2cG-DUjB8FG_bULO2nC8HXVYb-zDTn_bw%3D%3D.jpg""}, {""idx"": 50, ""name"": ""크림빵"", ""price"": ""4,000원"", ""img_url"": ""https://search.pstatic.net/common/?autoRotate=true&quality=95&type=f320_320&src=http%3A%2F%2Fimagefarm.baemin.com%2Fsmartmenuimage%2Fupload%2Fimage%2F2025%2F12%2F17%2FV7xGr-vQw-dfFnPd-85ixEGsLLixJXauvOJ_0iCNh1uBIDvlJ2l9UWLyEdePE_RrjmZWHH2kYQ5hidnSVJU-NQ%3D%3D.jpg""}, {""idx"": 51, ""name"": ""로티번"", ""price"": ""5,300원"", ""img_url"": ""https://search.pstatic.net/common/?autoRotate=true&quality=95&type=f320_320&src=http%3A%2F%2Fimagefarm.baemin.com%2Fsmartmenuimage%2Fupload%2Fimage%2F2025%2F12%2F17%2FK7Nt2_Z5q9LAANoKDwcHio5Ly7G0RlD7Hxwe2ZZ4Ng_57uwQRKr15COG4bSW_818BKsJKv4EqbIJwMZl56rN-A%3D%3D.jpg""}, {""idx"": 52, ""name"": ""발사믹소스"", ""price"": ""1,000원"", ""img_url"": ""https://search.pstatic.net/common/?autoRotate=true&quality=95&type=f320_320&src=http%3A%2F%2Fimagefarm.baemin.com%2Fsmartmenuimage%2Fupload%2Fimage%2F2025%2F12%2F17%2FiE_r7Gu_qk99p9VRnrczCeHNE716SRIKqYQeFHL8Fsb720kWjXgcMW_s2yzh4rlX-WavLk9_36c-x3P816fv9w%3D%3D.jpg""}, {""idx"": 53, ""name"": ""레몬 딜 버터"", ""price"": ""2,800원"", ""img_url"": ""https://search.pstatic.net/common/?autoRotate=true&quality=95&type=f320_320&src=http%3A%2F%2Fimagefarm.baemin.com%2Fsmartmenuimage%2Fupload%2Fimage%2F2025%2F12%2F18%2F_edxk0xLXtguIRCydVLpXQdBxGehetk47X2EzlMs4UZ5SePk8MUm-IIlZfTpgMvt.jpg""}, {""idx"": 54, ""name"": ""갈릭 바질 버터"", ""price"": ""3,000원"", ""img_url"": ""https://search.pstatic.net/common/?autoRotate=true&quality=95&type=f320_320&src=http%3A%2F%2Fimagefarm.baemin.com%2Fsmartmenuimage%2Fupload%2Fimage%2F2025%2F12%2F18%2F_edxk0xLXtguIRCydVLpXd1tTV_yL38cqCroYD58bhdHS_FWlnwsM3IVJlmopVgW.jpg""}, {""idx"": 55, ""name"": ""블루베리 크림치즈"", ""price"": ""2,800원"", ""img_url"": ""https://search.pstatic.net/common/?autoRotate=true&quality=95&type=f320_320&src=http%3A%2F%2Fimagefarm.baemin.com%2Fsmartmenuimage%2Fupload%2Fimage%2F2025%2F12%2F18%2F_edxk0xLXtguIRCydVLpXWITSiR-CqMgScxKhsjr_CToyLu_8hYnFLVyZ_pERdt_.jpg""}, {""idx"": 56, ""name"": ""스프링 크림치즈 스프레드"", ""price"": ""3,000원"", ""img_url"": ""https://search.pstatic.net/common/?autoRotate=true&quality=95&type=f320_320&src=http%3A%2F%2Fimagefarm.baemin.com%2Fsmartmenuimage%2Fupload%2Fimage%2F2026%2F1%2F2%2FpZQt2m8DDiFs-N2388OP1pWaB_Ygzf1P4SEPXuFuB02ejcXPNtp51EXuLi0K-M4vcZNVEVu_peuZCyIa-iMvXA%3D%3D.jpg""}, {""idx"": 57, ""name"": ""레몬 마들렌"", ""price"": ""2,800원"", ""img_url"": ""https://search.pstatic.net/common/?autoRotate=true&quality=95&type=f320_320&src=http%3A%2F%2Fimagefarm.baemin.com%2Fsmartmenuimage%2Fupload%2Fimage%2F2025%2F12%2F17%2FZObEo14cUYGTQperidet_KwfGki25Lj4nqIrbTQuAxVDEBINTCknWgEf7t7JYKSdkN7YzEyIvpV-9C9Y8J8p1A%3D%3D.jpg""}, {""idx"": 58, ""name"": ""르뱅쿠키"", ""price"": ""3,500원"", ""img_url"": ""https://search.pstatic.net/common/?autoRotate=true&quality=95&type=f320_320&src=http%3A%2F%2Fimagefarm.baemin.com%2Fsmartmenuimage%2Fupload%2Fimage%2F2025%2F12%2F17%2Fb_TMIP33PxuYeus1wGD0qECBntpgmxhgYii610uaMyHv8LRZ9lWKGDYoyTJzbizICidkuQcLf4gvBq8MCMG2wA%3D%3D.jpg""}, {""idx"": 59, ""name"": ""에그타르트"", ""price"": ""4,500원"", ""img_url"": ""https://search.pstatic.net/common/?autoRotate=true&quality=95&type=f320_320&src=http%3A%2F%2Fimagefarm.baemin.com%2Fsmartmenuimage%2Fupload%2Fimage%2F2025%2F12%2F17%2Ftp6M8_pDPt_Ycp9ZLXn1NM8MwMIgjn5QyerupzY9e-LZXoTWqjOLz71dzBd6XwLvgDzX5sr3mzseghKIEzd4lw%3D%3D.jpg""}, {""idx"": 60, ""name"": ""무화과 고르곤졸라 휘낭시에"", ""price"": ""3,500원"", ""img_url"": ""https://search.pstatic.net/common/?autoRotate=true&quality=95&type=f320_320&src=http%3A%2F%2Fimagefarm.baemin.com%2Fsmartmenuimage%2Fupload%2Fimage%2F2025%2F12%2F17%2FP3oHWym4Eokbni8TuosineaZDoKuPmsaFkkkYKoFd69fkWW_v2Y-YD7qXK9wiscWVUhKdaIgHa8RxEUbqJA8mA%3D%3D.jpg""}, {""idx"": 61, ""name"": ""솔티드 카라멜 휘낭시에"", ""price"": ""3,500원"", ""img_url"": ""https://search.pstatic.net/common/?autoRotate=true&quality=95&type=f320_320&src=http%3A%2F%2Fimagefarm.baemin.com%2Fsmartmenuimage%2Fupload%2Fimage%2F2025%2F12%2F17%2FnMx1dCanqmbw8DiD8KabCtwQrPyFQyAp6TDQc01TMULgidsc-4wBhSkInm3nZzFhUSjGt8OGIezDY1sMO8IojA%3D%3D.jpg""}, {""idx"": 62, ""name"": ""바통 슈크레"", ""price"": ""6,500원"", ""img_url"": ""https://search.pstatic.net/common/?autoRotate=true&quality=95&type=f320_320&src=http%3A%2F%2Fimagefarm.baemin.com%2Fsmartmenuimage%2Fupload%2Fimage%2F2025%2F12%2F17%2FsfvzVj1AhBzMwckye2IzHJEG5PSDCUdj7XyeKcnJatXUz1mrf4AKPtWEu5OsLcjLgfp7MqvVGLNnPHh_uQN4dQ%3D%3D.jpg""}, {""idx"": 63, ""name"": ""아메리카노"", ""price"": ""5,000원"", ""img_url"": ""https://search.pstatic.net/common/?autoRotate=true&quality=95&type=f320_320&src=http%3A%2F%2Fimagefarm.baemin.com%2Fsmartmenuimage%2Fupload%2Fimage%2F2025%2F12%2F17%2F4QL8p3lULleApnjosiAFLrSzm-1Tngm9W60qo_V1VC3VbMQMJvm-EMr1vj008Trmwrto_tiSi0wj4WDkVOucxQ%3D%3D.jpg""}, {""idx"": 64, ""name"": ""카페라떼"", ""price"": ""5,500원"", ""img_url"": ""https://search.pstatic.net/common/?autoRotate=true&quality=95&type=f320_320&src=http%3A%2F%2Fimagefarm.baemin.com%2Fsmartmenuimage%2Fupload%2Fimage%2F2025%2F12%2F17%2Fd8PkMJlI-o1fYdhcgedUa_1n1o15IEqorK0pVmJanaT0VIWoX-XF9ZdjvlA0YDs-_Kc6m5BOGH5iIVv7PwmOYA%3D%3D.jpg""}, {""idx"": 65, ""name"": ""바닐라라떼"", ""price"": ""6,000원"", ""img_url"": ""https://search.pstatic.net/common/?autoRotate=true&quality=95&type=f320_320&src=http%3A%2F%2Fimagefarm.baemin.com%2Fsmartmenuimage%2Fupload%2Fimage%2F2025%2F12%2F17%2FWwehpnfS45wVBVcRyB9h7NoTLEeHEkTElINOTjKIM3hgRdFVSvLDz_hgOOv3bsynuwkLOZxjpI23ilOoitMz3g%3D%3D.jpg""}, {""idx"": 66, ""name"": ""아몬드라떼"", ""price"": ""6,000원"", ""img_url"": ""https://search.pstatic.net/common/?autoRotate=true&quality=95&type=f320_320&src=http%3A%2F%2Fimagefarm.baemin.com%2Fsmartmenuimage%2Fupload%2Fimage%2F2025%2F12%2F17%2FCMWJYxUtmVr8lemPgRMlVA26CVqzbOXe7rICLHbetWh654tNuvun_fdLTLVTFRXFeBKxa1ppkyc-XgEX6VoP8Q%3D%3D.jpg""}, {""idx"": 67, ""name"": ""플랫화이트"", ""price"": ""5,500원"", ""img_url"": ""https://search.pstatic.net/common/?autoRotate=true&quality=95&type=f320_320&src=http%3A%2F%2Fimagefarm.baemin.com%2Fsmartmenuimage%2Fupload%2Fimage%2F2025%2F12%2F18%2FmSA4_ml-yAGiEVURl7TVNnEcfzVLrWSMFXzygNRhFqt2CUQzZ0099Rp96FwWxVL4xYZgSVbnFR-i3FW2_utYrg%3D%3D.jpg""}, {""idx"": 68, ""name"": ""애플유자티"", ""price"": ""6,800원"", ""img_url"": ""https://search.pstatic.net/common/?autoRotate=true&quality=95&type=f320_320&src=http%3A%2F%2Fimagefarm.baemin.com%2Fsmartmenuimage%2Fupload%2Fimage%2F2025%2F12%2F17%2FZwE6D91MiUfoe9Y0jzIDjAj_Z6DnGsMNO41w3HYp0wZIWW9oFhWOjU0vPPpxlrTrtYWd3sNiYIFIV8f0TPIL2g%3D%3D.jpg""}, {""idx"": 69, ""name"": ""바나나주스"", ""price"": ""7,000원"", ""img_url"": ""https://search.pstatic.net/common/?autoRotate=true&quality=95&type=f320_320&src=http%3A%2F%2Fimagefarm.baemin.com%2Fsmartmenuimage%2Fupload%2Fimage%2F2025%2F12%2F17%2FtMBfmFxi1ruhQQodY5-cNtURdRpLXkzM0QDrVjTBvBCB8zdUjd14lOjT3DqzGBS1IEUmibEksO0dRhJ_tLWyBA%3D%3D.jpg""}, {""idx"": 70, ""name"": ""아보카도 바나나 주스"", ""price"": ""7,500원"", ""img_url"": ""https://search.pstatic.net/common/?autoRotate=true&quality=95&type=f320_320&src=http%3A%2F%2Fimagefarm.baemin.com%2Fsmartmenuimage%2Fupload%2Fimage%2F2026%2F1%2F2%2FVWtGrldkg9gkNmWRNQ2slnjGzZxe2XhwdKORiLm8a8KtdUrpMtWd-ePRM0Obzm9YDEkI7vf3fyaqDxk_duG5Ig%3D%3D.jpg""}, {""idx"": 71, ""name"": ""그레인라떼 (미숫가루)(Iced only)"", ""price"": ""7,500원"", ""img_url"": ""https://search.pstatic.net/common/?autoRotate=true&quality=95&type=f320_320&src=http%3A%2F%2Fimagefarm.baemin.com%2Fsmartmenuimage%2Fupload%2Fimage%2F2023%2F7%2F6%2Fg2t_dxrZc4XaGMyYUQ3RRc0hCongxHGP5mVIFbgRm_sXYE9kMv8kzkP9AoWs4VFy.jpg""}, {""idx"": 72, ""name"": ""초코라떼 (아이스초코)(Iced)"", ""price"": ""7,000원"", ""img_url"": ""https://search.pstatic.net/common/?autoRotate=true&quality=95&type=f320_320&src=http%3A%2F%2Fimagefarm.baemin.com%2Fsmartmenuimage%2Fupload%2Fimage%2F2025%2F12%2F17%2FN9O8Bwz3x_I0H_pkzbdJ6M9N_5WY9JqmPQtvxCTrCyDg6fc4u5GsOF1k2TN79OytHXd3f2EeKviEM-UP_ipRSA%3D%3D.jpg""}, {""idx"": 73, ""name"": ""초코라떼 (핫초코)(Hot)"", ""price"": ""7,000원"", ""img_url"": ""https://search.pstatic.net/common/?autoRotate=true&quality=95&type=f320_320&src=http%3A%2F%2Fimagefarm.baemin.com%2Fsmartmenuimage%2Fupload%2Fimage%2F2025%2F12%2F17%2FYYyxJkt4bz82lJBDfHcYyGWef-Y1no3OBXqDiTMA2UBZrUMd7mwY-8vYQRlykMcsilk_jPDLki0cyv-IlPLJxA%3D%3D.jpg""}, {""idx"": 74, ""name"": ""샤인머스켓에이드"", ""price"": ""6,800원"", ""img_url"": ""https://search.pstatic.net/common/?autoRotate=true&quality=95&type=f320_320&src=http%3A%2F%2Fimagefarm.baemin.com%2Fsmartmenuimage%2Fupload%2Fimage%2F2025%2F12%2F17%2F6szBChPzvNFnEqGuZShkzvvYhFjY3UfV7s8GhJ3dsNvWfUGb7lPkcXFj6x508uNuURVyXdoO2I4aITNq_Sgbkw%3D%3D.jpg""}, {""idx"": 75, ""name"": ""복숭아에이드"", ""price"": ""6,800원"", ""img_url"": ""https://search.pstatic.net/common/?autoRotate=true&quality=95&type=f320_320&src=http%3A%2F%2Fimagefarm.baemin.com%2Fsmartmenuimage%2Fupload%2Fimage%2F2025%2F12%2F17%2F02qjInwitXHw8EypTaUzsO37d2aKESX02lRIBB7cEPKUGgYFE4xYoFX3Xyq5NSheqmqA60CnCvwwVtLpRAGSRg%3D%3D.jpg""}, {""idx"": 76, ""name"": ""자몽에이드"", ""price"": ""6,800원"", ""img_url"": ""https://search.pstatic.net/common/?autoRotate=true&quality=95&type=f320_320&src=http%3A%2F%2Fimagefarm.baemin.com%2Fsmartmenuimage%2Fupload%2Fimage%2F2025%2F12%2F17%2Fs0dUEFOA_h_t96uWGm2vZXzGBBm8t7sT2Jgd-w5gXrr-CN9r6hFkBoO2sA9zuYPLrJeC6N-0fG0h_CQKKf365w%3D%3D.jpg""}, {""idx"": 77, ""name"": ""자몽 얼그레이"", ""price"": ""6,800원"", ""img_url"": """"}, {""idx"": 78, ""name"": ""딸기라떼"", ""price"": ""7,000원"", ""img_url"": """"}, {""idx"": 79, ""name"": ""스트로베리티 (only iced)"", ""price"": ""6,800원"", ""img_url"": """"}, {""idx"": 80, ""name"": ""말차라떼(hot)"", ""price"": ""7,000원"", ""img_url"": ""https://search.pstatic.net/common/?autoRotate=true&quality=95&type=f320_320&src=http%3A%2F%2Fimagefarm.baemin.com%2Fsmartmenuimage%2Fupload%2Fimage%2F2026%2F1%2F2%2FnXkuGMmvoASZYv0YBqtsbqF9tzpHyhi4KlzsM8BRoz44eIWfKGkxttvT6KhID47MxxqAwtAxMDqLbFJqwLkXFA%3D%3D.jpg""}, {""idx"": 81, ""name"": ""말차라떼(ice)"", ""price"": ""7,000원"", ""img_url"": ""https://search.pstatic.net/common/?autoRotate=true&quality=95&type=f320_320&src=http%3A%2F%2Fimagefarm.baemin.com%2Fsmartmenuimage%2Fupload%2Fimage%2F2026%2F1%2F2%2FnXkuGMmvoASZYv0YBqtsbqF9tzpHyhi4KlzsM8BRoz44eIWfKGkxttvT6KhID47MxxqAwtAxMDqLbFJqwLkXFA%3D%3D.jpg""}, {""idx"": 82, ""name"": ""오렌지말차"", ""price"": ""7,000원"", ""img_url"": ""https://search.pstatic.net/common/?autoRotate=true&quality=95&type=f320_320&src=http%3A%2F%2Fimagefarm.baemin.com%2Fsmartmenuimage%2Fupload%2Fimage%2F2026%2F1%2F2%2FCIcNpdMRumiszBV_Xz3XH6v7LbSLqj1khTH_m_EcfyMWynFgvOgw6qOKit2Nf0YC5iHYjSEeYJZmE3AoGq8ecw%3D%3D.jpg""}, {""idx"": 83, ""name"": ""얼그레이"", ""price"": ""6,800원"", ""img_url"": ""https://search.pstatic.net/common/?autoRotate=true&quality=95&type=f320_320&src=http%3A%2F%2Fimagefarm.baemin.com%2Fsmartmenuimage%2Fupload%2Fimage%2F2025%2F12%2F18%2FBrl_BaYCSmeYyzmJcm1R1tqULc_UaJS1n_3y0jDSXvU4YxPlTT4EYGkcs3n3cUAJ.jpg""}, {""idx"": 84, ""name"": ""루이보스바닐라"", ""price"": ""6,800원"", ""img_url"": ""https://search.pstatic.net/common/?autoRotate=true&quality=95&type=f320_320&src=http%3A%2F%2Fimagefarm.baemin.com%2Fsmartmenuimage%2Fupload%2Fimage%2F2025%2F12%2F17%2FvFAgx-35L-q5X-rqRJiJyxSMDM1T6MDnHDktqxdy9NvTRyxuVFgb4STEVizBMM-3unhTgWkzTBMcntFZ-C17BA%3D%3D.jpg""}, {""idx"": 85, ""name"": ""세레니티"", ""price"": ""6,800원"", ""img_url"": ""https://search.pstatic.net/common/?autoRotate=true&quality=95&type=f320_320&src=http%3A%2F%2Fimagefarm.baemin.com%2Fsmartmenuimage%2Fupload%2Fimage%2F2025%2F12%2F17%2FxuWp5ON1o0H8WPiHhHOzq75lSxQiBbyapbgmlNxtcLxkzlmhbGlAJTld2bLXPRw-muFq7X0lIvGPZGKp-JNkdw%3D%3D.jpg""}, {""idx"": 86, ""name"": ""크림슨펀치"", ""price"": ""6,800원"", ""img_url"": ""https://search.pstatic.net/common/?autoRotate=true&quality=95&type=f320_320&src=http%3A%2F%2Fimagefarm.baemin.com%2Fsmartmenuimage%2Fupload%2Fimage%2F2025%2F12%2F17%2FGhhPiuFGoZOxK0i-qatcVx7RH6iG3UBNtc7NVw5XPat-Fo4gT9_Nb-BfS4V4CeaqyTcGyVk5QFlGaUaVTdYoOQ%3D%3D.jpg""}, {""idx"": 87, ""name"": ""원두 Nook Blend(100g)"", ""price"": ""5,000원"", ""img_url"": ""https://search.pstatic.net/common/?autoRotate=true&quality=95&type=f320_320&src=http%3A%2F%2Fimagefarm.baemin.com%2Fsmartmenuimage%2Fupload%2Fimage%2F2025%2F12%2F17%2F4f_x1nR2Cuo9XySE7XTksPfPBR-VWRLZiDIBiHMbS0_uM9RBRNKAvyFufVskBPo66Flj7PLr5kWh0fBPj6BScQ%3D%3D.jpg""}, {""idx"": 88, ""name"": ""원두 Nook Blend(1kg)"", ""price"": ""28,000원"", ""img_url"": ""https://search.pstatic.net/common/?autoRotate=true&quality=95&type=f320_320&src=http%3A%2F%2Fimagefarm.baemin.com%2Fsmartmenuimage%2Fupload%2Fimage%2F2025%2F12%2F17%2F4f_x1nR2Cuo9XySE7XTksPfPBR-VWRLZiDIBiHMbS0_uM9RBRNKAvyFufVskBPo66Flj7PLr5kWh0fBPj6BScQ%3D%3D.jpg""}, {""idx"": 89, ""name"": ""원두 Single Origin(100g)"", ""price"": ""7,000원"", ""img_url"": ""https://search.pstatic.net/common/?autoRotate=true&quality=95&type=f320_320&src=http%3A%2F%2Fimagefarm.baemin.com%2Fsmartmenuimage%2Fupload%2Fimage%2F2025%2F12%2F17%2FvB57w4XMQiPD0W2ChPQHwaks_3oIOhq-I-2YaiqEDsJEB3bxy0daiTJ_nOXkLD1mtni2VVIX4LMKBj9ZIPqakg%3D%3D.jpg""}, {""idx"": 90, ""name"": ""원두 Single Origin(830g)"", ""price"": ""29,000원"", ""img_url"": ""https://search.pstatic.net/common/?autoRotate=true&quality=95&type=f320_320&src=http%3A%2F%2Fimagefarm.baemin.com%2Fsmartmenuimage%2Fupload%2Fimage%2F2025%2F12%2F17%2FvB57w4XMQiPD0W2ChPQHwaks_3oIOhq-I-2YaiqEDsJEB3bxy0daiTJ_nOXkLD1mtni2VVIX4LMKBj9ZIPqakg%3D%3D.jpg""}, {""idx"": 91, ""name"": ""원두 멕시코 디카페인 MWP(100g)"", ""price"": ""9,000원"", ""img_url"": ""https://search.pstatic.net/common/?autoRotate=true&quality=95&type=f320_320&src=http%3A%2F%2Fimagefarm.baemin.com%2Fsmartmenuimage%2Fupload%2Fimage%2F2025%2F12%2F17%2FlW5ggwL2QoUwkpxZuDsFwqCgrWEhKpNKPgEraJs-1iNvmdJ3BApsLoYeWe7QsLemEtJ5Ac5Idy5LD3vWaDeOYA%3D%3D.jpg""}, {""idx"": 92, ""name"": ""원두 멕시코 디카페인 MWP(830g)"", ""price"": ""34,000원"", ""img_url"": ""https://search.pstatic.net/common/?autoRotate=true&quality=95&type=f320_320&src=http%3A%2F%2Fimagefarm.baemin.com%2Fsmartmenuimage%2Fupload%2Fimage%2F2025%2F12%2F17%2FlW5ggwL2QoUwkpxZuDsFwqCgrWEhKpNKPgEraJs-1iNvmdJ3BApsLoYeWe7QsLemEtJ5Ac5Idy5LD3vWaDeOYA%3D%3D.jpg""}, {""idx"": 93, ""name"": ""드립백 Nook Blend(1ea)"", ""price"": ""1,500원"", ""img_url"": ""https://search.pstatic.net/common/?autoRotate=true&quality=95&type=f320_320&src=http%3A%2F%2Fimagefarm.baemin.com%2Fsmartmenuimage%2Fupload%2Fimage%2F2025%2F1%2F20%2Fe5giHfFHs41aTVobl2XRbax-RHIbNtzOrEjGdwKCEMD2Qy8_271HPxoJ9QF62o6ug-nSVbO0wlnnRqITxAGfGA%3D%3D.jpg""}, {""idx"": 94, ""name"": ""드립백 Nook Blend(1box (5ea))"", ""price"": ""7,000원"", ""img_url"": ""https://search.pstatic.net/common/?autoRotate=true&quality=95&type=f320_320&src=http%3A%2F%2Fimagefarm.baemin.com%2Fsmartmenuimage%2Fupload%2Fimage%2F2025%2F1%2F20%2Fe5giHfFHs41aTVobl2XRbax-RHIbNtzOrEjGdwKCEMD2Qy8_271HPxoJ9QF62o6ug-nSVbO0wlnnRqITxAGfGA%3D%3D.jpg""}, {""idx"": 95, ""name"": ""유기농 오트밀 그래놀라"", ""price"": ""12,000원"", ""img_url"": ""https://search.pstatic.net/common/?autoRotate=true&quality=95&type=f320_320&src=http%3A%2F%2Fimagefarm.baemin.com%2Fsmartmenuimage%2Fupload%2Fimage%2F2025%2F12%2F17%2FLAiZQ3HjKEzee6TiimCVOLPxbs9OTweTo7RcSViFzXykPwJ7fauGKDpOnJH4UAs9dalmX5wn9ocOLWMUsN9AVw%3D%3D.jpg""}]","[""https://search.pstatic.net/common/?autoRotate=true&quality=95&type=f320_320&src=http%3A%2F%2Fimagefarm.baemin.com%2Fsmartmenuimage%2Fupload%2Fimage%2F2025%2F12%2F17%2FuYqoCL_xY2pg3HHQRluoOOTz37n3qlw75xspxzv1UiisgbESdmCvYR17yG0e0-F2G4io4WjVHFEopb_RaDpJig%3D%3D.jpg"", ""https://search.pstatic.net/common/?autoRotate=true&quality=95&type=f320_320&src=http%3A%2F%2Fimagefarm.baemin.com%2Fsmartmenuimage%2Fupload%2Fimage%2F2025%2F12%2F17%2F75efuqcK-giIXvKFdzfN1-M3vTqF8Y3i4CBDpoCBpaL0LyXfZV0Yi5_DONP1xwAb8m6rl_P-rvKxSFfcNr8TjA%3D%3D.jpg"", ""https://search.pstatic.net/common/?autoRotate=true&quality=95&type=f320_320&src=http%3A%2F%2Fimagefarm.baemin.com%2Fsmartmenuimage%2Fupload%2Fimage%2F2025%2F12%2F17%2Fe2T2HA7x-_ZF8x771qRr-rCaZFXKeeSXOqem_ab2BiGILHS_u4eBsZO9hhEdLOeF9xVquUQ5i91NoSkSyg8PmQ%3D%3D.jpg"", ""https://search.pstatic.net/common/?autoRotate=true&quality=95&type=f320_320&src=http%3A%2F%2Fimagefarm.baemin.com%2Fsmartmenuimage%2Fupload%2Fimage%2F2025%2F12%2F18%2F2DsQDs7wPAQGL-coVFmdIUpDBtA7LgzmS0G9xxusfQ0sDoLpn6NIzJAqyfThvxl95SI39-jGzABgKluVH6NV5Q%3D%3D.jpg"", ""https://search.pstatic.net/common/?autoRotate=true&quality=95&type=f320_320&src=http%3A%2F%2Fimagefarm.baemin.com%2Fsmartmenuimage%2Fupload%2Fimage%2F2025%2F12%2F17%2F2BgxF8ob-BqcMXg7JFgUFGuViwVd0WzeeqT0NveghNjhbvqaeoNXzlKDMfIztf4WYDq8R89JoSRQg0INJh_CCg%3D%3D.jpg""]",1
saltbread,daegu,대구 달서구 소금빵,스테이블모먼트 월배점,대구광역시 달서구 조암남로32길 24 스테이블모먼트,대구광역시 달서구 대천동 936 스테이블모먼트,,http://instagram.com/stable_moment02,"음식점>카페,디저트",1285163669,358190620,128.5162767,35.8187953,,1456621265.0,SID_OK_AUTO_DETAIL,대구 스테이블모먼트 월배점,OK,0507-1361-1031,OK,[],AI_BRIEFING_EMPTY,"found_section=place_section
bkeel_count=0",4.0,"[{""keyword"": ""커피가 맛있어요"", ""count"": 1287}, {""keyword"": ""인테리어가 멋져요"", ""count"": 1095}, {""keyword"": ""빵이 맛있어요"", ""count"": 907}, {""keyword"": ""디저트가 맛있어요"", ""count"": 907}, {""keyword"": ""음료가 맛있어요"", ""count"": 592}]",OK,keyword_count=5 total=4,https://search.pstatic.net/common/?autoRotate=true&type=w560_sharpen&src=https%3A%2F%2Fldb-phinf.pstatic.net%2F20251102_192%2F176207367475488BK9_JPEG%2FKakaoTalk_20251102_175133267.jpg,OK,"hit=a#_autoPlayable img
src_len=184",매일 09:30 - 23:00,OK,"hit=hours_toggle
aria_before=false
aria_after=true
w9QyJ_count=2
detail_lines=1",0,0,OK,"more_clicks=1
li_count=20
picked_img_count=5",20,"[{""idx"": 0, ""name"": ""아메리카노(원두타입선택가능)"", ""price"": ""5,500원"", ""img_url"": ""https://search.pstatic.net/common/?autoRotate=true&quality=95&type=f320_320&src=https%3A%2F%2Fldb-phinf.pstatic.net%2F20201217_252%2F16081873037394f2oa_JPEG%2Fgx8MuURBp_BcP_Fn2J43HKsp.JPG.jpg""}, {""idx"": 1, ""name"": ""크림카푸치노"", ""price"": ""6,500원"", ""img_url"": ""https://search.pstatic.net/common/?autoRotate=true&quality=95&type=f320_320&src=https%3A%2F%2Fldb-phinf.pstatic.net%2F20201217_250%2F1608187720738rmm50_JPEG%2Fh5VrFOwJjUsO-b4P4KVk-2Pd.JPG.jpg""}, {""idx"": 2, ""name"": ""아몬드크림라떼(우유가 안들어가요)"", ""price"": ""6,500원"", ""img_url"": ""https://search.pstatic.net/common/?autoRotate=true&quality=95&type=f320_320&src=https%3A%2F%2Fldb-phinf.pstatic.net%2F20201217_231%2F1608187895445shMcx_PNG%2FOQTHi3FbxIyEFqvIw1x46wjd.PNG.png""}, {""idx"": 3, ""name"": ""[시그니처] 풀 스테이블 플레이트"", ""price"": ""19,500원"", ""img_url"": ""https://search.pstatic.net/common/?autoRotate=true&quality=95&type=f320_320&src=https%3A%2F%2Fldb-phinf.pstatic.net%2F20241122_164%2F1732261313184lqGY6_JPEG%2F7K3A0790.jpg""}, {""idx"": 4, ""name"": ""에그 인 헬(샥슈카/토마토스튜)"", ""price"": ""17,600원"", ""img_url"": ""https://search.pstatic.net/common/?autoRotate=true&quality=95&type=f320_320&src=https%3A%2F%2Fldb-phinf.pstatic.net%2F20241122_223%2F1732262459562in43d_JPEG%2F%25BF%25A1%25B1%25D7%25C0%25CE%25C7%25EF%2528%25BC%25A1%25BD%25B4%25C4%25AB%2529.jpg""}, {""idx"": 5, ""name"": ""투움바 파스타(살짝매콤해요)"", ""price"": ""17,800원"", ""img_url"": ""https://search.pstatic.net/common/?autoRotate=true&quality=95&type=f320_320&src=https%3A%2F%2Fldb-phinf.pstatic.net%2F20241122_215%2F1732261655431eaMBl_JPEG%2F%25C5%25F5%25BF%25F2%25B9%25D9%25C6%25C4%25BD%25BA%25C5%25B8.jpg""}, {""idx"": 6, ""name"": ""오일파스타(알리오올리오)"", ""price"": ""17,800원"", ""img_url"": ""https://search.pstatic.net/common/?autoRotate=true&quality=95&type=f320_320&src=https%3A%2F%2Fldb-phinf.pstatic.net%2F20241122_257%2F1732261525156mSUcd_JPEG%2F%25BF%25C0%25C0%25CF%25C6%25C4%25BD%25BA%25C5%25B8.jpg""}, {""idx"": 7, ""name"": ""샐러드 파스타(냉파스타)"", ""price"": ""15,200원"", ""img_url"": ""https://search.pstatic.net/common/?autoRotate=true&quality=95&type=f320_320&src=https%3A%2F%2Fldb-phinf.pstatic.net%2F20241122_108%2F1732261869168mlllf_JPEG%2F%25BB%25F8%25B7%25AF%25B5%25E5%25C6%25C4%25BD%25BA%25C5%25B8.jpg""}, {""idx"": 8, ""name"": ""버섯스프(양송이,표고버섯스프)"", ""price"": ""11,000원"", ""img_url"": ""https://search.pstatic.net/common/?autoRotate=true&quality=95&type=f320_320&src=https%3A%2F%2Fldb-phinf.pstatic.net%2F20241122_209%2F1732262588464Pq6Fr_JPEG%2F%25B9%25F6%25BC%25B8%25BD%25BA%25C7%25C1.jpg""}, {""idx"": 9, ""name"": ""카페라떼"", ""price"": ""6,300원"", ""img_url"": ""https://search.pstatic.net/common/?autoRotate=true&quality=95&type=f320_320&src=https%3A%2F%2Fldb-phinf.pstatic.net%2F20201217_160%2F1608188160361vVs2S_JPEG%2FJEl5fRS5U7uSQvV_dBHknJKV.JPG.jpg""}, {""idx"": 10, ""name"": ""[수제] 바닐라빈 라떼"", ""price"": ""6,800원"", ""img_url"": ""https://search.pstatic.net/common/?autoRotate=true&quality=95&type=f320_320&src=https%3A%2F%2Fldb-phinf.pstatic.net%2F20201217_174%2F1608188229397pgG75_JPEG%2FPYCzbWh7imJCUPKxHPT9-MWq.JPG.jpg""}, {""idx"": 11, ""name"": ""플랫화이트"", ""price"": ""6,000원"", ""img_url"": ""https://search.pstatic.net/common/?autoRotate=true&quality=95&type=f320_320&src=https%3A%2F%2Fldb-phinf.pstatic.net%2F20201217_181%2F1608187544568fVtvd_PNG%2FEv8YJ1BmCgefOml0WDFRhMRv.PNG.png""}, {""idx"": 12, ""name"": ""크림에스프레소"", ""price"": ""5,500원"", ""img_url"": ""https://search.pstatic.net/common/?autoRotate=true&quality=95&type=f320_320&src=https%3A%2F%2Fldb-phinf.pstatic.net%2F20201217_57%2F16081880048094pyBc_PNG%2FpCd6K6jDrmerHGjSECJszQq1.PNG.png""}, {""idx"": 13, ""name"": ""생과일주스"", ""price"": ""7,800원"", ""img_url"": ""https://search.pstatic.net/common/?autoRotate=true&quality=95&type=f320_320&src=https%3A%2F%2Fldb-phinf.pstatic.net%2F20201217_6%2F16081883255760q6a3_PNG%2FeqXtK5w1sZ71QCUI_bob6yop.PNG.png""}, {""idx"": 14, ""name"": ""블루베리요거트스무디"", ""price"": ""7,300원"", ""img_url"": ""https://search.pstatic.net/common/?autoRotate=true&quality=95&type=f320_320&src=https%3A%2F%2Fldb-phinf.pstatic.net%2F20201217_161%2F1608188430726zDm2z_JPEG%2FIm-Vu0TxLLvkhwcQJ-JABoXl.JPG.jpg""}, {""idx"": 15, ""name"": ""[매장BEST] 시오빵(소금빵)"", ""price"": ""3,500원"", ""img_url"": ""https://search.pstatic.net/common/?autoRotate=true&quality=95&type=f320_320&src=https%3A%2F%2Fldb-phinf.pstatic.net%2F20241114_191%2F1731562000341sS9Vd_JPEG%2FKakaoTalk_20241114_142627446.jpg""}, {""idx"": 16, ""name"": ""크루아상"", ""price"": ""5,300원"", ""img_url"": ""https://search.pstatic.net/common/?autoRotate=true&quality=95&type=f320_320&src=https%3A%2F%2Fldb-phinf.pstatic.net%2F20201217_41%2F1608188524352M3Cz6_JPEG%2FiiJjoFHzf-aaQiaqIZy8rrjq.JPG.jpg""}, {""idx"": 17, ""name"": ""초코크로플/바질크로플"", ""price"": ""5,500원"", ""img_url"": ""https://search.pstatic.net/common/?autoRotate=true&quality=95&type=f320_320&src=https%3A%2F%2Fldb-phinf.pstatic.net%2F20201217_272%2F16081887375606bARQ_JPEG%2FUMRigS7mS0kk7UgBpGuz2VFW.JPG.jpg""}, {""idx"": 18, ""name"": ""베이커리-소금빵,크루아상,치아바타 등"", ""price"": ""변동"", ""img_url"": ""https://search.pstatic.net/common/?autoRotate=true&quality=95&type=f320_320&src=https%3A%2F%2Fldb-phinf.pstatic.net%2F20241122_46%2F1732265486076uOqCp_JPEG%2FKakaoTalk_20240429_130815343_02.jpg""}, {""idx"": 19, ""name"": ""조각케이크"", ""price"": ""변동"", ""img_url"": ""https://search.pstatic.net/common/?autoRotate=true&quality=95&type=f320_320&src=https%3A%2F%2Fldb-phinf.pstatic.net%2F20241122_60%2F1732265735947lp9uH_JPEG%2FKakaoTalk_20241122_175513069.jpg""}]","[""https://search.pstatic.net/common/?autoRotate=true&quality=95&type=f320_320&src=https%3A%2F%2Fldb-phinf.pstatic.net%2F20241114_191%2F1731562000341sS9Vd_JPEG%2FKakaoTalk_20241114_142627446.jpg"", ""https://search.pstatic.net/common/?autoRotate=true&quality=95&type=f320_320&src=https%3A%2F%2Fldb-phinf.pstatic.net%2F20241122_46%2F1732265486076uOqCp_JPEG%2FKakaoTalk_20240429_130815343_02.jpg"", ""https://search.pstatic.net/common/?autoRotate=true&quality=95&type=f320_320&src=https%3A%2F%2Fldb-phinf.pstatic.net%2F20201217_252%2F16081873037394f2oa_JPEG%2Fgx8MuURBp_BcP_Fn2J43HKsp.JPG.jpg"", ""https://search.pstatic.net/common/?autoRotate=true&quality=95&type=f320_320&src=https%3A%2F%2Fldb-phinf.pstatic.net%2F20201217_250%2F1608187720738rmm50_JPEG%2Fh5VrFOwJjUsO-b4P4KVk-2Pd.JPG.jpg"", ""https://search.pstatic.net/common/?autoRotate=true&quality=95&type=f320_320&src=https%3A%2F%2Fldb-phinf.pstatic.net%2F20201217_231%2F1608187895445shMcx_PNG%2FOQTHi3FbxIyEFqvIw1x46wjd.PNG.png""]",1
saltbread,daegu,대구 범물 소금빵,피쉬마운트커피 범물점,대구광역시 수성구 지범로40길 6 상가동 111호,대구광역시 수성구 범물동 1332 상가동 111호,,,"음식점>카페,디저트",1286402213,358199267,128.6404433,35.8189515,,1916186094.0,SID_OK_AUTO_DETAIL,대구 피쉬마운트커피 범물점,OK,0507-1493-8677,OK,[],AI_BRIEFING_NOT_FOUND,,163.0,"[{""keyword"": ""커피가 맛있어요"", ""count"": 140}, {""keyword"": ""친절해요"", ""count"": 75}, {""keyword"": ""음료가 맛있어요"", ""count"": 53}, {""keyword"": ""특별한 메뉴가 있어요"", ""count"": 32}, {""keyword"": ""대화하기 좋아요"", ""count"": 25}]",OK,keyword_count=5 total=163,https://search.pstatic.net/common/?autoRotate=true&type=w560_sharpen&src=https%3A%2F%2Fldb-phinf.pstatic.net%2F20220117_32%2F16424156766832Voq7_JPEG%2F20220115_175306.jpg,OK,"hit=a#_autoPlayable img
src_len=170",월 09:00 - 20:00 | 화 09:00 - 20:00 | 수 09:00 - 20:00 | 목 09:00 - 20:00 | 금 09:00 - 20:00 | 토 10:00 - 19:00 | 일 정기휴무 (매주 일요일),OK,"hit=hours_toggle
aria_before=false
aria_after=true
w9QyJ_count=8
detail_lines=7",0,0,OK,"more_clicks=3
li_count=53
picked_img_count=1",53,"[{""idx"": 0, ""name"": ""핸드드립(HOT)"", ""price"": ""6,500원"", ""img_url"": """"}, {""idx"": 1, ""name"": ""핸드드립(ICE)"", ""price"": ""7,000원"", ""img_url"": """"}, {""idx"": 2, ""name"": ""더치커피(HOT)"", ""price"": ""4,500원"", ""img_url"": """"}, {""idx"": 3, ""name"": ""더치커피(ICE)"", ""price"": ""5,000원"", ""img_url"": """"}, {""idx"": 4, ""name"": ""에스프레소(HOT)"", ""price"": ""3,000원"", ""img_url"": """"}, {""idx"": 5, ""name"": ""에스프레소(ICE)"", ""price"": ""3,500원"", ""img_url"": """"}, {""idx"": 6, ""name"": ""에스프레소 콘파냐(HOT)"", ""price"": ""3,000원"", ""img_url"": """"}, {""idx"": 7, ""name"": ""바닐라 에스프레소(ICE)"", ""price"": ""3,500원"", ""img_url"": """"}, {""idx"": 8, ""name"": ""에스프레소 통영(HOT)"", ""price"": ""3,000원"", ""img_url"": """"}, {""idx"": 9, ""name"": ""에스프레소 통영(ICE)"", ""price"": ""3,500원"", ""img_url"": """"}, {""idx"": 10, ""name"": ""에스프레소 마끼아또(HOT)"", ""price"": ""3,000원"", ""img_url"": """"}, {""idx"": 11, ""name"": ""에스프레소 마끼아또(ICE)"", ""price"": ""3,500원"", ""img_url"": """"}, {""idx"": 12, ""name"": ""아메리카노"", ""price"": ""3,500원"", ""img_url"": """"}, {""idx"": 13, ""name"": ""아메리카노(ICE)"", ""price"": ""4,000원"", ""img_url"": ""https://search.pstatic.net/common/?autoRotate=true&quality=95&type=f320_320&src=https%3A%2F%2Fldb-phinf.pstatic.net%2F20240126_98%2F170627115232731MfT_JPEG%2F1000080542.jpg""}, {""idx"": 14, ""name"": ""아인슈페너(HOT)"", ""price"": ""4,500원"", ""img_url"": """"}, {""idx"": 15, ""name"": ""아인슈페너(ICE)"", ""price"": ""5,000원"", ""img_url"": """"}, {""idx"": 16, ""name"": ""카페라떼(HOT)"", ""price"": ""4,000원"", ""img_url"": """"}, {""idx"": 17, ""name"": ""카페라떼(ICE)"", ""price"": ""4,500원"", ""img_url"": """"}, {""idx"": 18, ""name"": ""마운트라떼(HOT)"", ""price"": ""4,500원"", ""img_url"": """"}, {""idx"": 19, ""name"": ""마운트라떼(ICE)"", ""price"": ""5,000원"", ""img_url"": """"}, {""idx"": 20, ""name"": ""카푸치노(HOT)"", ""price"": ""4,000원"", ""img_url"": """"}, {""idx"": 21, ""name"": ""카푸치노(ICE)"", ""price"": ""4,500원"", ""img_url"": """"}, {""idx"": 22, ""name"": ""다크카푸치노(HOT)"", ""price"": ""5,000원"", ""img_url"": """"}, {""idx"": 23, ""name"": ""다크카푸치노(ICE)"", ""price"": ""5,500원"", ""img_url"": """"}, {""idx"": 24, ""name"": ""베니스카푸치노(HOT)"", ""price"": ""5,000원"", ""img_url"": """"}, {""idx"": 25, ""name"": ""베니스카푸치노(ICE)"", ""price"": ""5,500원"", ""img_url"": """"}, {""idx"": 26, ""name"": ""카라멜마끼아또(HOT)"", ""price"": ""4,500원"", ""img_url"": """"}, {""idx"": 27, ""name"": ""카라멜마끼아또(ICE)"", ""price"": ""5,000원"", ""img_url"": """"}, {""idx"": 28, ""name"": ""바닐라라떼(HOT)"", ""price"": ""4,500원"", ""img_url"": """"}, {""idx"": 29, ""name"": ""바닐라라떼(ICE)"", ""price"": ""5,000원"", ""img_url"": """"}, {""idx"": 30, ""name"": ""빠넬라카페라떼(HOT)"", ""price"": ""4,500원"", ""img_url"": """"}, {""idx"": 31, ""name"": ""빠넬라카페라떼(ICE)"", ""price"": ""5,000원"", ""img_url"": """"}, {""idx"": 32, ""name"": ""빠넬라마운트라떼(HOT)"", ""price"": ""5,000원"", ""img_url"": """"}, {""idx"": 33, ""name"": ""빠넬라마운트라떼(ICE)"", ""price"": ""5,500원"", ""img_url"": """"}, {""idx"": 34, ""name"": ""빠넬라모카(HOT)"", ""price"": ""5,000원"", ""img_url"": """"}, {""idx"": 35, ""name"": ""빠넬라모카(ICE)"", ""price"": ""5,500원"", ""img_url"": """"}, {""idx"": 36, ""name"": ""빠넬라라떼(HOT)"", ""price"": ""4,000원"", ""img_url"": """"}, {""idx"": 37, ""name"": ""빠넬라라떼(ICE)"", ""price"": ""4,500원"", ""img_url"": """"}, {""idx"": 38, ""name"": ""빠넬라초코라떼(HOT)"", ""price"": ""4,500원"", ""img_url"": """"}, {""idx"": 39, ""name"": ""빠넬라초코라떼(ICE)"", ""price"": ""5,000원"", ""img_url"": """"}, {""idx"": 40, ""name"": ""빠넬라레몬티(HOT)"", ""price"": ""4,500원"", ""img_url"": """"}, {""idx"": 41, ""name"": ""빠넬라레몬티(ICE)"", ""price"": ""5,000원"", ""img_url"": """"}, {""idx"": 42, ""name"": ""아이스티(ICE ONLY)"", ""price"": ""4,000원"", ""img_url"": """"}, {""idx"": 43, ""name"": ""허브티(HOT ONLY)"", ""price"": ""4,000원"", ""img_url"": """"}, {""idx"": 44, ""name"": ""레몬에이드(ICE ONLY)"", ""price"": ""5,000원"", ""img_url"": """"}, {""idx"": 45, ""name"": ""와플"", ""price"": ""6,000원"", ""img_url"": """"}, {""idx"": 46, ""name"": ""크로플"", ""price"": ""5,000원"", ""img_url"": """"}, {""idx"": 47, ""name"": ""베이글"", ""price"": ""5,000원"", ""img_url"": """"}, {""idx"": 48, ""name"": ""소금빵"", ""price"": ""5,000원"", ""img_url"": """"}, {""idx"": 49, ""name"": ""스틱케이크(쿠키&치즈 or 초코)"", ""price"": ""3,000원"", ""img_url"": """"}, {""idx"": 50, ""name"": ""쿠키(소)"", ""price"": ""2,000원"", ""img_url"": """"}, {""idx"": 51, ""name"": ""쿠키(대)"", ""price"": ""6,000원"", ""img_url"": """"}, {""idx"": 52, ""name"": ""디카페인 변경/오트밀크 변경/추가샷"", ""price"": ""500원"", ""img_url"": """"}]","[""https://search.pstatic.net/common/?autoRotate=true&quality=95&type=f320_320&src=https%3A%2F%2Fldb-phinf.pstatic.net%2F20240126_98%2F170627115232731MfT_JPEG%2F1000080542.jpg""]",1
saltbread,daegu,대구 상인 소금빵,구스또미오,대구광역시 달서구 송현로7길 15,대구광역시 달서구 상인동 860-2,,,"카페,디저트>베이커리",1285468174,358208627,128.5469416,35.8209129,,1639411558.0,SID_OK_AUTO_DETAIL,대구 구스또미오,,,,,,,,,,,,,,,,,0,0,,,0,,,0
saltbread,daegu,대구 송현 소금빵,118베이크샵,대구광역시 달서구 월배로68길 118 1층,대구광역시 달서구 송현동 1958-24 1층,,https://smartstore.naver.com/118bake,"카페,디저트>베이커리",1285524577,358223522,128.5524577,35.8223522,,1439330294.0,SID_OK_AUTO_DETAIL,대구 118베이크샵,,,,,,,,,,,,,,,,,0,0,,,0,,,0
saltbread,daegu,대구 지산 소금빵,빅웨이브 수성못점,대구광역시 수성구 용학로 172 1층,대구광역시 수성구 지산동 1188 1층,,https://100원커피이벤트-선착순주문하기.com,"음식점>카페,디저트",1286277222,358224752,128.6277223,35.8224753,,1752402962.0,SID_OK_AUTO_DETAIL,대구 빅웨이브 수성못점,,,,,,,,,,,,,,,,,0,0,,,0,,,0
saltbread,daegu,대구 달서구 소금빵,빠다롤 더 테라스,대구광역시 달서구 조암남로14길 42,대구광역시 달서구 월성동 1180,,,"카페,디저트>베이커리",1285255565,358227284,128.5255382,35.8227121,,1491062373.0,SID_OK_AUTO_DETAIL,대구 빠다롤 더 테라스,,,,,,,,,,,,,,,,,0,0,,,0,,,0
saltbread,daegu,대구 상인역 소금빵,컵넛 월성점,"대구광역시 달서구 상원로 179-9 1층, 2층","대구광역시 달서구 월성동 1252 1층, 2층",,https://100원커피이벤트-선착순주문하기.com,"음식점>카페,디저트",1285262658,358229071,128.5262815,35.8229089,,1732039042.0,SID_OK_AUTO_DETAIL,대구 컵넛 월성점,,,,,,,,,,,,,,,,,0,0,,,0,,,0
saltbread,daegu,대구 달서구 소금빵,카페 엠엔티 신월성 본점,대구광역시 달서구 조암남로14길 52-2 cafe mnt,대구광역시 달서구 월성동 1187-2 cafe mnt,,http://instagram.com/cafe.mnt,"음식점>카페,디저트",1285259474,358231624,128.5259861,35.8230393,,1077395387.0,SID_OK_AUTO_DETAIL,대구 카페 엠엔티 신월성 본점,,,,,,,,,,,,,,,,,0,0,,,0,,,0
saltbread,daegu,대구 성서산업단지역 소금빵,꼬모맨션,대구광역시 달서구 조암로 71 1-2층 꼬모맨션,대구광역시 달서구 월성동 1426 1-2층 꼬모맨션,,https://smartstore.naver.com/comomansion,"음식점>카페,디저트",1285225969,358232237,128.5225474,35.8231804,,1421520348.0,SID_OK_AUTO_DETAIL,대구 꼬모맨션,,,,,,,,,,,,,,,,,0,0,,,0,,,0
saltbread,daegu,대구 범물역 소금빵,라봉봉제과점,대구광역시 수성구 지범로21길 10,대구광역시 수성구 지산동 1279-11,,,"카페,디저트>베이커리",1286366889,358244416,128.6367057,35.8244478,,19616984.0,SID_OK_AUTO_DETAIL,대구 라봉봉제과점,,,,,,,,,,,,,,,,,0,0,,,0,,,0
saltbread,daegu,대구 송현 소금빵,어드밀디저트샵,대구광역시 달서구 월배로68길 29,대구광역시 달서구 송현동 798-194,,https://center-pf.kakao.com/_BxexcfG,"음식점>카페,디저트",1285486426,358247637,128.5486426,35.8247637,,1383747565.0,SID_OK_AUTO_DETAIL,대구 어드밀디저트샵,,,,,,,,,,,,,,,,,0,0,,,0,,,0
saltbread,daegu,대구 상인 소금빵,버터베이크 신월성점,대구광역시 달서구 조암로 24 버터베이크,대구광역시 달서구 월성동 1822 버터베이크,,https://www.instagram.com/butterbake_daegu/profilecard/?igsh=MTFzdWZuem10ZmhoNA==,"카페,디저트>베이커리",1285269278,358255337,128.5270376,35.8255265,,1787304849.0,SID_OK_AUTO_DETAIL,대구 버터베이크 신월성점,,,,,,,,,,,,,,,,,0,0,,,0,,,0
saltbread,daegu,대구 상인역 소금빵,마블스퀘어 월성,대구광역시 달서구 조암로 1 미래타워 1층 105호,대구광역시 달서구 월성동 1859 미래타워 1층 105호,,https://www.instagram.com/marvelsquare_ws,"카페,디저트>베이커리",1285296391,358257234,128.5296391,35.8257235,,1943289183.0,SID_OK_AUTO_DETAIL,대구 마블스퀘어 월성,,,,,,,,,,,,,,,,,0,0,,,0,,,0
saltbread,daegu,대구 수성못 소금빵,브리튼헨지 수성못본점,대구광역시 수성구 수성못길 14,대구광역시 수성구 두산동 656-1,,https://www.instagram.com/britain_henge,"카페,디저트>베이커리",1286221391,358263202,128.6221519,35.8262766,,1400220376.0,SID_OK_AUTO_DETAIL,대구 브리튼헨지 수성못본점,,,,,,,,,,,,,,,,,0,0,,,0,,,0
saltbread,daegu,대구 수성못 소금빵 베이커리,사이커피 수성못,대구광역시 수성구 무학로 123 (두산동) 사이커피,대구광역시 수성구 두산동 205-6 사이커피,,https://www.instagram.com/sa.e_coffee?igshid=MzRlODBiNWFlZA==,"음식점>카페,디저트",1286220676,358303360,128.6220572,35.8303645,,1141498790.0,SID_OK_AUTO_DETAIL,대구 사이커피 수성못,,,,,,,,,,,,,,,,,0,0,,,0,,,0
saltbread,daegu,대구 남구 소금빵,카펠라,대구광역시 남구 앞산순환로 449,대구광역시 남구 대명동 548-1,,https://www.instagram.com/coffee_capella?igsh=MXNhM2l0OXZpdXh0eQ==,"음식점>카페,디저트",1285740189,358315701,128.5740189,35.8315701,,1262735788.0,SID_OK_AUTO_DETAIL,대구 카펠라,,,,,,,,,,,,,,,,,0,0,,,0,,,0
saltbread,daegu,대구 송현역 소금빵,카페티엠포,대구광역시 달서구 월성로 20 1층 111호,대구광역시 달서구 월성동 275-2 1층 111호,,https://events.passorder.co.kr/100won-event-new,"음식점>카페,디저트",1285331507,358315758,128.5331508,35.8315758,,1443733197.0,SID_OK_AUTO_DETAIL,대구 카페티엠포,,,,,,,,,,,,,,,,,0,0,,,0,,,0
saltbread,daegu,대구 송현 소금빵,토구리 제과점,대구광역시 달서구 월배로83길 95 102호,대구광역시 달서구 송현동 541 102호,,https://smartstore.naver.com/toguri_bakery,"음식점>카페,디저트",1285467936,358318876,128.546794,35.8319017,,1200251865.0,SID_OK_AUTO_DETAIL,대구 토구리 제과점,,,,,,,,,,,,,,,,,0,0,,,0,,,0
saltbread,daegu,대구 신매 소금빵,스스슥,대구광역시 수성구 신매로 34-1 1층(신매동),대구광역시 수성구 신매동 593-1 1층(),,https://www.instagram.com/sssg_bakery,"카페,디저트>베이커리",1287075190,358324951,128.7075781,35.8325207,,1149994748.0,SID_OK_AUTO_DETAIL,대구 스스슥,,,,,,,,,,,,,,,,,0,0,,,0,,,0
saltbread,daegu,대구 신매 소금빵,온기제빵소,대구광역시 수성구 신매로4길 5 1층,대구광역시 수성구 신매동 588-9 1층,,,"카페,디저트>베이커리",1287082198,358327041,128.7082622,35.8327198,,1585233838.0,SID_OK_AUTO_DETAIL,대구 온기제빵소,,,,,,,,,,,,,,,,,0,0,,,0,,,0
saltbread,daegu,대구 신매 소금빵 카페,병아리 소풍,대구광역시 수성구 신매로 38-1,대구광역시 수성구 신매동 587-7,,https://blog.naver.com/juicy0070,"카페,디저트>베이커리",1287076980,358329708,128.7077313,35.8329666,,1066176661.0,SID_OK_AUTO_DETAIL,대구 병아리 소풍,,,,,,,,,,,,,,,,,0,0,,,0,,,0
saltbread,daegu,대구 사월역 소금빵,메종오브 베이커리,대구광역시 수성구 달구벌대로650길 57 1층 메종오브 베이커리,대구광역시 수성구 욱수동 263-3 1층 메종오브 베이커리,,http://www.instagram.com/maison_aube_bakery,"카페,디저트>베이커리",1287090987,358334643,128.7091875,35.8334946,,37896692.0,SID_OK_AUTO_DETAIL,대구 메종오브 베이커리,,,,,,,,,,,,,,,,,0,0,,,0,,,0
saltbread,daegu,대구 앞산공원 소금빵,카페 오브도레 드 펌킨스 앞산,"대구광역시 남구 현충로5길 6 1층, 2층","대구광역시 남구 대명동 515-7 1층, 2층",,https://www.instagram.com/aubedore,"음식점>카페,디저트",1285791170,358341806,128.579117,35.8341807,,1734872688.0,SID_OK_AUTO_DETAIL,대구 카페 오브도레 드 펌킨스 앞산,,,,,,,,,,,,,,,,,0,0,,,0,,,0
saltbread,daegu,대구 남구 소금빵,플란트 앞산,대구광역시 남구 현충로7길 13-1 플란트,대구광역시 남구 대명동 512-2 플란트,,https://www.instagram.com/plant__coffee,"음식점>카페,디저트",1285788844,358347243,128.5788845,35.8347243,,1431065108.0,SID_OK_AUTO_DETAIL,대구 플란트 앞산,,,,,,,,,,,,,,,,,0,0,,,0,,,0
saltbread,daegu,대구 앞산공원 소금빵,브리에브레드,대구광역시 남구 현충로7길 7 브리에브레드,대구광역시 남구 대명동 513-3 브리에브레드,,https://www.instagram.com/brierbread,"카페,디저트>베이커리",1285790484,358347247,128.5790484,35.8347248,,1420344968.0,SID_OK_AUTO_DETAIL,대구 브리에브레드,,,,,,,,,,,,,,,,,0,0,,,0,,,0
saltbread,daegu,대구 대명역 소금빵,즐겁다커피,대구광역시 남구 골안길 72 1층,대구광역시 남구 대명동 1245-3 1층,,https://www.instagram.com/jeulgoptta.coffee,"음식점>카페,디저트",1285625659,358353712,128.5625659,35.8353712,,1367794339.0,SID_OK_AUTO_DETAIL,대구 즐겁다커피,,,,,,,,,,,,,,,,,0,0,,,0,,,0
saltbread,daegu,대구 지산 소금빵,비터버터베터,대구광역시 수성구 동대구로12길 45 1층,대구광역시 수성구 지산동 993-13 1층,,https://www.instagram.com/bbb_tter,"음식점>카페,디저트",1286266305,358354243,128.6266009,35.8354492,,1785225129.0,SID_OK_AUTO_DETAIL,대구 비터버터베터,,,,,,,,,,,,,,,,,0,0,,,0,,,0
saltbread,daegu,대구 지산 소금빵 베이커리,두둥당,대구광역시 수성구 청수로36길 68 1층,대구광역시 수성구 지산동 991-15 1층,,,"카페,디저트>베이커리",1286268137,358361688,128.6268164,35.8361943,,1869055011.0,SID_OK_AUTO_DETAIL,대구 두둥당,,,,,,,,,,,,,,,,,0,0,,,0,,,0
saltbread,daegu,대구 지산 소금빵,랩에쏘 로스터리,대구광역시 수성구 청수로36길 70-24,대구광역시 수성구 지산동 990-3,,http://www.labesso.com,"음식점>카페,디저트",1286255923,358362739,128.6255889,35.8362585,,1221358269.0,SID_OK_AUTO_DETAIL,대구 랩에쏘 로스터리,,,,,,,,,,,,,,,,,0,0,,,0,,,0
saltbread,daegu,대구 사월역 소금빵,카페 아이올리,대구광역시 수성구 달구벌대로652길 16 1층,대구광역시 수성구 신매동 149-4 1층,,https://www.instagram.com/cafe.aioli,"음식점>카페,디저트",1287111571,358363769,128.7112885,35.8366471,,1673657101.0,SID_OK_AUTO_DETAIL,대구 카페 아이올리,,,,,,,,,,,,,,,,,0,0,,,0,,,0
saltbread,daegu,대구 대명역 소금빵,빵장수 달서본점,대구광역시 달서구 구마로 240 1층,대구광역시 달서구 송현동 1037-1 1층,,,"카페,디저트>베이커리",1285541175,358367733,128.5541175,35.8367733,,1797508894.0,SID_OK_AUTO_DETAIL,대구 빵장수 달서본점,,,,,,,,,,,,,,,,,0,0,,,0,,,0
saltbread,daegu,대구 신매 소금빵,켑트 베이커스,대구광역시 수성구 달구벌대로650길 15 1층 kept,대구광역시 수성구 신매동 144 1층 kept,,,"카페,디저트>베이커리",1287106648,358368831,128.7105703,35.8368325,,1998237232.0,SID_OK_AUTO_DETAIL,대구 켑트 베이커스,,,,,,,,,,,,,,,,,0,0,,,0,,,0
saltbread,daegu,대구 안지랑 소금빵 베이커리,올디어,대구광역시 남구 대명로30길 40 1층,대구광역시 남구 대명동 927-2 1층,,https://www.instagram.com/__oldear,"음식점>카페,디저트",1285738926,358372420,128.5738927,35.837242,,1264338342.0,SID_OK_AUTO_DETAIL,대구 올디어,,,,,,,,,,,,,,,,,0,0,,,0,,,0
saltbread,daegu,대구 남구 소금빵,마들렌베이커리 앞산점,대구광역시 남구 현충로 54 마들렌베이커리 앞산점,대구광역시 남구 대명동 450-1 마들렌베이커리 앞산점,,https://blog.naver.com/madeleinebakery,"카페,디저트>베이커리",1285801231,358376469,128.5801231,35.837647,,1234345263.0,SID_OK_AUTO_DETAIL,대구 마들렌베이커리 앞산점,,,,,,,,,,,,,,,,,0,0,,,0,,,0
saltbread,daegu,대구 사월 소금빵,르플렌,대구광역시 수성구 달구벌대로669길 40 르플렌,대구광역시 수성구 사월동 550-3 르플렌,,https://100원커피이벤트-선착순주문하기.com,"카페,디저트>베이커리",1287211756,358377386,128.7211617,35.8376816,,1002179399.0,SID_OK_AUTO_DETAIL,대구 르플렌,,,,,,,,,,,,,,,,,0,0,,,0,,,0
saltbread,daegu,대구 안지랑 소금빵 베이커리,카페 아그데아그데,대구광역시 남구 대명로36길 10-15 농협 주차장 옆 골목 아그데아그데,대구광역시 남구 대명동 902-23 농협 주차장 옆 골목 아그데아그데,,https://www.instagram.com/cafe_agdeagde,"음식점>카페,디저트",1285755163,358386854,128.5754358,35.8386377,,1512086484.0,SID_OK_AUTO_DETAIL,대구 카페 아그데아그데,,,,,,,,,,,,,,,,,0,0,,,0,,,0
saltbread,daegu,대구 황금역 소금빵,클렁키,대구광역시 수성구 동대구로 95 1층상가 108동 6112호 클렁키(GS편의점 맞은편),대구광역시 수성구 두산동 113 1층상가 108동 6112호 클렁키(GS편의점 맞은편),,https://www.instagram.com/clunkybakery,"카페,디저트>베이커리",1286234823,358393197,128.6230706,35.8387222,,1926004010.0,SID_OK_AUTO_DETAIL,대구 클렁키,,,,,,,,,,,,,,,,,0,0,,,0,,,0
saltbread,daegu,대구 안지랑 소금빵 베이커리,앞산빵래터,대구광역시 남구 대명로 168 1층,대구광역시 남구 대명동 901-5 1층,,,"카페,디저트>베이커리",1285761068,358388364,128.5761068,35.8388364,,1373897014.0,SID_OK_AUTO_DETAIL,대구 앞산빵래터,,,,,,,,,,,,,,,,,0,0,,,0,,,0
saltbread,daegu,대구 황금 소금빵,핑퐁커피 본점,대구광역시 수성구 청호로 242 1층,대구광역시 수성구 황금동 249-6 1층,,http://www.pingpongcoffee.co.kr,"음식점>카페,디저트",1286400996,358389803,128.6401132,35.8389827,,1027856033.0,SID_OK_AUTO_DETAIL,대구 핑퐁커피 본점,,,,,,,,,,,,,,,,,0,0,,,0,,,0
saltbread,daegu,대구 고산 소금빵,메종루이 베이커리,대구광역시 수성구 알파시티2로 35,대구광역시 수성구 시지동 587-1,,,"카페,디저트>베이커리",1286929247,358395441,128.6929678,35.8395516,,1152796043.0,SID_OK_AUTO_DETAIL,대구 메종루이 베이커리,,,,,,,,,,,,,,,,,0,0,,,0,,,0
saltbread,daegu,대구 고산역 소금빵,플라림비,대구광역시 수성구 노변로 101-1 1층,대구광역시 수성구 노변동 15-4 1층,,https://www.instagram.com/flalim.b/profilecard/?igsh=MThjcmx4OTZ6dHQ4bg==,"음식점>카페,디저트",1287007087,358404628,128.7006949,35.8404645,,1212510778.0,SID_OK_AUTO_DETAIL,대구 플라림비,,,,,,,,,,,,,,,,,0,0,,,0,,,0
saltbread,daegu,대구 고산 소금빵,버터우드 라이온즈파크점,대구광역시 수성구 야구전설로 1 1층 2호 버터우드 라이온즈파크점,대구광역시 수성구 연호동 648 1층 2호 버터우드 라이온즈파크점,,https://www.instagram.com/butterwood_daegu,"음식점>카페,디저트",1286822059,358416451,128.6812364,35.841129,,1397831158.0,SID_OK_AUTO_DETAIL,대구 버터우드 라이온즈파크점,,,,,,,,,,,,,,,,,0,0,,,0,,,0
saltbread,daegu,대구 송현역 소금빵,빵장수쉐프 장기점,대구광역시 달서구 대명천로 235 1층 빵장수쉐프 장기점,대구광역시 달서구 본리동 425 1층 빵장수쉐프 장기점,,,"카페,디저트>베이커리",1285345443,358416628,128.5344994,35.8415383,,1403161394.0,SID_OK_AUTO_DETAIL,대구 빵장수쉐프 장기점,,,,,,,,,,,,,,,,,0,0,,,0,,,0
saltbread,daegu,대구 황금 소금빵,봄팡 베이커리 수성 황금 본점,대구광역시 수성구 청수로 261 상가 105호 봄팡 베이커리 수성 황금 본점,대구광역시 수성구 황금동 368 상가 105호 봄팡 베이커리 수성 황금 본점,,https://www.instagram.com/bom__pang,"카페,디저트>베이커리",1286364379,358419923,128.6376893,35.8420696,,1842831712.0,SID_OK_AUTO_DETAIL,대구 봄팡 베이커리 수성 황금 본점,,,,,,,,,,,,,,,,,0,0,,,0,,,0
saltbread,daegu,대구 강창역 소금빵,다이브인커피 브런치&디너,대구광역시 달성군 다사읍 강정본길 81 다이브인커피,대구광역시 달성군 다사읍 죽곡리 768-3 다이브인커피,,https://www.instagram.com/dive__in__coffee/,"음식점>카페,디저트",1284627710,358424159,128.462771,35.8424159,,1891326431.0,SID_OK_AUTO_DETAIL,대구 다이브인커피 브런치&디너,,,,,,,,,,,,,,,,,0,0,,,0,,,0
saltbread,daegu,대구 고산 소금빵,아로케 대구시지점,대구광역시 수성구 달구벌대로 3058 1층,대구광역시 수성구 시지동 246-5 1층,,https://www.instagram.com/aroke_daegu?igsh=bDM2dGpxZnB0ZGo4&utm_source=qr,"음식점>카페,디저트",1286916109,358425538,128.6916109,35.8425538,,1105431168.0,SID_OK_AUTO_DETAIL,대구 아로케 대구시지점,,,,,,,,,,,,,,,,,0,0,,,0,,,0
saltbread,daegu,대구 강창역 소금빵,박기태명장의 장수당,대구광역시 달서구 성서공단로11길 87,대구광역시 달서구 호산동 708-6,,,"카페,디저트>베이커리",1284877104,358429683,128.4877104,35.8429683,,1450147348.0,SID_OK_AUTO_DETAIL,대구 박기태명장의 장수당,,,,,,,,,,,,,,,,,0,0,,,0,,,0
saltbread,daegu,대구 서부정류장 소금빵,데일리 본리점,대구광역시 달서구 장기로 167,대구광역시 달서구 본리동 76-2,,,"카페,디저트>베이커리",1285416860,358428820,128.5418998,35.8430518,,37883416.0,SID_OK_AUTO_DETAIL,대구 데일리 본리점,,,,,,,,,,,,,,,,,0,0,,,0,,,0
saltbread,daegu,대구 영대병원역 소금빵,1972포포징,대구광역시 남구 중앙대로 112-2,대구광역시 남구 봉덕동 1302-18,,https://www.instagram.com/1972forpausing,"음식점>카페,디저트",1285907578,358431193,128.5907644,35.8431099,,1277844533.0,SID_OK_AUTO_DETAIL,대구 1972포포징,,,,,,,,,,,,,,,,,0,0,,,0,,,0
saltbread,daegu,대구 서부정류장 소금빵,밥스딜라잇 달서구 본점,"대구광역시 달서구 장기로 231 1층, 2층, 3층","대구광역시 달서구 장기동 539-10 1층, 2층, 3층",,https://smartstore.naver.com/bobscoffee/products/10438429022,"카페,디저트>베이커리",1285348803,358433251,128.5349151,35.8433017,,36454013.0,SID_OK_AUTO_DETAIL,대구 밥스딜라잇 달서구 본점,,,,,,,,,,,,,,,,,0,0,,,0,,,0
saltbread,daegu,대구 영대병원역 소금빵,브레드앤모어,대구광역시 남구 봉덕남로 32 1층,대구광역시 남구 봉덕동 607-8 1층,,https://www.instagram.com/bread_and_more2025?igsh=c3BmcnF3aHA3NzQ4,"카페,디저트>베이커리",1285937240,358437200,128.593724,35.84372,,2005666031.0,SID_OK_AUTO_DETAIL,대구 브레드앤모어,,,,,,,,,,,,,,,,,0,0,,,0,,,0
saltbread,daegu,대구 고산 소금빵,페이스포포,대구광역시 수성구 고모로 15-1,대구광역시 수성구 시지동 196-15,,https://www.instagram.com/pacepopo.daegu/,"음식점>카페,디저트",1286879989,358436280,128.6879392,35.8438493,,1208350212.0,SID_OK_AUTO_DETAIL,대구 페이스포포,,,,,,,,,,,,,,,,,0,0,,,0,,,0
saltbread,daegu,대구 남구 소금빵,구민회의 좋은아침,대구광역시 남구 대명로57길 7,대구광역시 남구 대명동 174-1,,https://instagram.com/gmh_good_morning,"카페,디저트>베이커리",1285868174,358441214,128.5867739,35.8441201,,37350966.0,SID_OK_AUTO_DETAIL,대구 구민회의 좋은아침,,,,,,,,,,,,,,,,,0,0,,,0,,,0
saltbread,daegu,대구 소금빵,마고플레인 강정보점,대구광역시 달성군 다사읍 강정본길 68-18 마고플레인 강정보점,대구광역시 달성군 다사읍 죽곡리 688-2 마고플레인 강정보점,,https://www.instagram.com/margauxplain_river/,"음식점>카페,디저트",1284650808,358441915,128.4651274,35.8441691,,1193052767.0,SID_OK_AUTO_DETAIL,대구 마고플레인 강정보점,,,,,,,,,,,,,,,,,0,0,,,0,,,0
saltbread,daegu,대구 황금 소금빵,사피디뜨 by커피맛을조금아는남자,대구광역시 수성구 청호로 301,대구광역시 수성구 황금동 75,,http://www.커피맛을조금아는남자.com,"카페,디저트>베이커리",1286386364,358445393,128.6385997,35.8443716,,1025151665.0,SID_OK_AUTO_DETAIL,대구 사피디뜨 by커피맛을조금아는남자,,,,,,,,,,,,,,,,,0,0,,,0,,,0
saltbread,daegu,대구 감삼 소금빵,하이우,대구광역시 달서구 와룡로28길 83 1층 하이우,대구광역시 달서구 감삼동 296-10 1층 하이우,,https://www.instagram.com/hiwu_happinessiswithu,"음식점>카페,디저트",1285419905,358448410,128.5419905,35.844841,,1296999372.0,SID_OK_AUTO_DETAIL,대구 하이우,,,,,,,,,,,,,,,,,0,0,,,0,,,0
saltbread,daegu,대구 대명역 소금빵,스트로우베이지,대구광역시 남구 두류공원로17길 89 1층,대구광역시 남구 대명동 3052-2 1층,,https://www.instagram.com/strawbeige_bakery,"카페,디저트>베이커리",1285663543,358463127,128.5663543,35.8463127,,1056935727.0,SID_OK_AUTO_DETAIL,대구 스트로우베이지,,,,,,,,,,,,,,,,,0,0,,,0,,,0
saltbread,daegu,대구 감삼 소금빵,사운즈커피 죽전점,대구광역시 달서구 와룡로31길 26 301동 1층 3~4호,대구광역시 달서구 감삼동 709 301동 1층 3~4호,,,"음식점>카페,디저트",1285341541,358467379,128.5339216,35.8468062,,1983703932.0,SID_OK_AUTO_DETAIL,대구 사운즈커피 죽전점,,,,,,,,,,,,,,,,,0,0,,,0,,,0
saltbread,daegu,대구 감삼 소금빵 베이커리,카프리쵸사 죽전 직영점,"대구광역시 달서구 와룡로33길 20 1층 101, 102호","대구광역시 달서구 감삼동 714 1층 101, 102호",,https://smartstore.naver.com/ccb_/category/ALL?cp=1,"카페,디저트>베이커리",1285351930,358477620,128.5348089,35.8477383,,1603970877.0,SID_OK_AUTO_DETAIL,대구 카프리쵸사 죽전 직영점,,,,,,,,,,,,,,,,,0,0,,,0,,,0
saltbread,daegu,대구 영대병원역 소금빵,아이워즈그린 봉덕점,대구광역시 남구 봉덕로9길 72 1층,대구광역시 남구 봉덕동 499-24 1층,,https://www.instagram.com/i.was_green,"음식점>카페,디저트",1285968246,358478795,128.5968346,35.8479207,,1379425313.0,SID_OK_AUTO_DETAIL,대구 아이워즈그린 봉덕점,,,,,,,,,,,,,,,,,0,0,,,0,,,0
saltbread,daegu,대구 감삼 소금빵,푸푸커피 대구 본점,대구광역시 달서구 와룡로 169 판매시설동 108동 101호,대구광역시 달서구 감삼동 461 판매시설동 108동 101호,,https://web.coupangeats.com/share?storeId=935072&dishId&key=2f6666a4-0a58-43fe-985b-7d9c5dc9edee,"음식점>카페,디저트",1285363484,358490388,128.5359406,35.8481004,,1860394638.0,SID_OK_AUTO_DETAIL,대구 푸푸커피 대구 본점,,,,,,,,,,,,,,,,,0,0,,,0,,,0
saltbread,daegu,대구 황금 소금빵,휴네스트커피,대구광역시 수성구 청솔로 23 1층,대구광역시 수성구 황금동 729-11 1층,,https://www.instagram.com/huenest_coffee,"음식점>카페,디저트",1286203519,358486908,128.6203061,35.8487195,,1967550839.0,SID_OK_AUTO_DETAIL,대구 휴네스트커피,,,,,,,,,,,,,,,,,0,0,,,0,,,0
saltbread,daegu,대구 감삼 소금빵 베이커리,리노크,대구광역시 달서구 감삼남길 144,대구광역시 달서구 감삼동 195-23,,https://open.kakao.com/o/sAPMqJHh,"카페,디저트>베이커리",1285447200,358494946,128.54472,35.8494946,,1203794138.0,SID_OK_AUTO_DETAIL,대구 리노크,,,,,,,,,,,,,,,,,0,0,,,0,,,0
saltbread,daegu,대구 용산 소금빵,광화문살롱 대구,대구광역시 달서구 달구벌대로 1515 1층,대구광역시 달서구 용산동 997 1층,,https://www.instagram.com/gwanghwamunsalon_daegu?igsh=MW4yNTdoOWkyaGdqcA%3D%3D&utm_source=qr,"음식점>카페,디저트",1285334586,358503013,128.5331337,35.8503676,,1387439152.0,SID_OK_AUTO_DETAIL,대구 광화문살롱 대구,,,,,,,,,,,,,,,,,0,0,,,0,,,0
saltbread,daegu,대구 죽전역 소금빵,와드커피 대구죽전역점,대구광역시 달서구 달구벌대로 1551 1층 117호,대구광역시 달서구 죽전동 273-27 1층 117호,,https://wadcoffee.com/,"음식점>카페,디저트",1285364509,358505757,128.5364509,35.8505758,,1080846697.0,SID_OK_AUTO_DETAIL,대구 와드커피 대구죽전역점,,,,,,,,,,,,,,,,,0,0,,,0,,,0
saltbread,daegu,대구 계명대역 소금빵,거너실제빵소,"대구광역시 달서구 달구벌대로291길 27-6 1,2층","대구광역시 달서구 장기동 45 1,2층",,https://www.instagram.com/geneosil_bakehouse,"음식점>카페,디저트",1285245249,358505826,128.5245249,35.8505826,,1765626026.0,SID_OK_AUTO_DETAIL,대구 거너실제빵소,,,,,,,,,,,,,,,,,0,0,,,0,,,0
saltbread,daegu,대구 교대 소금빵,딥딥딥 교대,대구광역시 남구 명덕로40길 128 1층,대구광역시 남구 대명동 1797-1 1층,,https://www.instagram.com/deep__deep__deep,"음식점>카페,디저트",1285897778,358510484,128.5897778,35.8510484,,1737142941.0,SID_OK_AUTO_DETAIL,대구 딥딥딥 교대,,,,,,,,,,,,,,,,,0,0,,,0,,,0
saltbread,daegu,대구 교대 소금빵,동아제빵소,대구광역시 남구 중앙대로31길 181 101호,대구광역시 남구 대명동 1912-3 101호,,https://www.instagram.com/dong_a_bakery_shop,"카페,디저트>베이커리",1285840912,358520689,128.5840912,35.8520689,,1862084392.0,SID_OK_AUTO_DETAIL,대구 동아제빵소,,,,,,,,,,,,,,,,,0,0,,,0,,,0
saltbread,daegu,대구 교대 소금빵,우리의사계절,대구광역시 남구 현충로48길 7 1층,대구광역시 남구 대명동 1897-8 1층,,https://www.instagram.com/woori_seasons,"음식점>카페,디저트",1285838855,358528176,128.5838855,35.8528176,,1178600755.0,SID_OK_AUTO_DETAIL,대구 우리의사계절,,,,,,,,,,,,,,,,,0,0,,,0,,,0
saltbread,daegu,대구 감삼 소금빵,이혜과자점,대구광역시 달서구 달구벌대로332길 21 1층,대구광역시 달서구 감삼동 108-1 1층,,http://pf.kakao.com/_MxaibG,"카페,디저트>베이커리",1285478104,358529563,128.5478672,35.8529517,,1144629527.0,SID_OK_AUTO_DETAIL,대구 이혜과자점,,,,,,,,,,,,,,,,,0,0,,,0,,,0
saltbread,daegu,대구 두류 소금빵,프랑제리 뺑드프랑스 이월드점,대구광역시 달서구 두류공원로 200 푸드폴리탄 프랑제리 뺑드프랑스 이월드점,대구광역시 달서구 두류동 산302-11 푸드폴리탄 프랑제리 뺑드프랑스 이월드점,,https://www.instagram.com/eworld_bbangzip,"카페,디저트>베이커리",1285645903,358540874,128.5657599,35.8530292,,1545667499.0,SID_OK_AUTO_DETAIL,대구 프랑제리 뺑드프랑스 이월드점,,,,,,,,,,,,,,,,,0,0,,,0,,,0
saltbread,daegu,대구 이곡 소금빵,카페 무디,대구광역시 달서구 이곡동로 32 상가동1층 카페무디 (성서이마트 주차장 입구),대구광역시 달서구 이곡동 1256 상가동1층 카페무디 (성서이마트 주차장 입구),,https://www.instagram.com/cafe_moody_,"음식점>카페,디저트",1285107145,358534871,128.5116131,35.85312,,1867163088.0,SID_OK_AUTO_DETAIL,대구 카페 무디,,,,,,,,,,,,,,,,,0,0,,,0,,,0
saltbread,daegu,대구 용산 소금빵,팔오카페,대구광역시 달서구 장산로 55 루이스타 1층 106호,대구광역시 달서구 용산동 612-1 루이스타 1층 106호,,https://www.instagram.com/pal_o_coffee,음식점>양식,1285241665,358536479,128.5241665,35.853648,,1577285885.0,SID_OK_AUTO_DETAIL,대구 팔오카페,,,,,,,,,,,,,,,,,0,0,,,0,,,0
saltbread,daegu,대구 강창역 소금빵,베이커리율,대구광역시 달서구 신당로 59 상가1층 율베이커리,대구광역시 달서구 신당동 1846-4 상가1층 율베이커리,,https://www.instagram.com/bakery_yul_053,"카페,디저트>베이커리",1284987039,358537278,128.4987016,35.8537893,,852155258.0,SID_OK_AUTO_DETAIL,대구 베이커리율,,,,,,,,,,,,,,,,,0,0,,,0,,,0
saltbread,daegu,대구 담티 소금빵,피카커피 담티점,"대구광역시 수성구 달구벌대로 2690 상가 101, 102, 103, 104호","대구광역시 수성구 만촌동 861-8 상가 101, 102, 103, 104호",,https://www.instagram.com/_fika_coffee?igsh=Y2VsdHk1cnZkZXBu,"카페,디저트>베이커리",1286550954,358539635,128.6549845,35.8540186,,2074195723.0,SID_OK_AUTO_DETAIL,대구 피카커피 담티점,,,,,,,,,,,,,,,,,0,0,,,0,,,0
saltbread,daegu,대구 만촌역 소금빵,씨티씨커피 범어점,대구광역시 수성구 달구벌대로496길 48,대구광역시 수성구 범어동 292-16,,https://forms.gle/rmTXqBLwcVEfChwz5,"음식점>카페,디저트",1286342895,358542625,128.6342895,35.8542625,,1252706235.0,SID_OK_AUTO_DETAIL,대구 씨티씨커피 범어점,,,,,,,,,,,,,,,,,0,0,,,0,,,0
saltbread,daegu,대구 용산 소금빵,미구제과,대구광역시 달서구 와룡로49길 101,대구광역시 달서구 용산동 954-14,,https://smartstore.naver.com/migubake,"음식점>카페,디저트",1285315878,358543088,128.5315878,35.8543088,,1651144539.0,SID_OK_AUTO_DETAIL,대구 미구제과,,,,,,,,,,,,,,,,,0,0,,,0,,,0
saltbread,daegu,대구 대구은행역 소금빵,브레드맨,대구광역시 남구 명덕로68길 17 105동1층3호 (강변타운상가),대구광역시 남구 이천동 214-456 105동1층3호 (강변타운상가),,https://idus.kr/KO6Qi,"카페,디저트>베이커리",1286059822,358543122,128.6061543,35.8543933,,1727839319.0,SID_OK_AUTO_DETAIL,대구 브레드맨,,,,,,,,,,,,,,,,,0,0,,,0,,,0
saltbread,daegu,대구 건들바위역 소금빵,카페생명나무,대구광역시 남구 명덕로 288 2동 1층,대구광역시 남구 이천동 310-11 2동 1층,,,"음식점>카페,디저트",1286017122,358551000,128.6014518,35.8548483,,1564566891.0,SID_OK_AUTO_DETAIL,대구 카페생명나무,,,,,,,,,,,,,,,,,0,0,,,0,,,0
saltbread,daegu,대구 감삼 소금빵 베이커리,음믐빵집,대구광역시 달서구 당산로 205 1층,대구광역시 달서구 감삼동 60-9 1층,,https://www.instagram.com/_umm_m,"카페,디저트>베이커리",1285477658,358549695,128.5477272,35.8549104,,1434459727.0,SID_OK_AUTO_DETAIL,대구 음믐빵집,,,,,,,,,,,,,,,,,0,0,,,0,,,0
saltbread,daegu,대구 교대 소금빵,미힐,대구광역시 남구 중앙대로49길 49 미힐,대구광역시 남구 대명동 1810-1 미힐,,https://www.instagram.com/cafe.mehl,"카페,디저트>베이커리",1285877500,358553033,128.58775,35.8553033,,1064636254.0,SID_OK_AUTO_DETAIL,대구 미힐,,,,,,,,,,,,,,,,,0,0,,,0,,,0
saltbread,daegu,대구 담티역 소금빵,커널스커피,대구광역시 수성구 교학로4길 54 1층,대구광역시 수성구 만촌동 855-22 1층,,https://www.instagram.com/kernelscoffee,"음식점>카페,디저트",1286500858,358554570,128.6500858,35.8554571,,1721691383.0,SID_OK_AUTO_DETAIL,대구 커널스커피,,,,,,,,,,,,,,,,,0,0,,,0,,,0
saltbread,daegu,대구 명덕 소금빵,천냥빵떡대장 명덕역점,대구광역시 남구 중앙대로 251-1 1층,대구광역시 남구 대명동 1791-7 1층,,http://breadtteok.kr/,"카페,디저트>베이커리",1285904023,358556929,128.5904024,35.8556929,,2009847289.0,SID_OK_AUTO_DETAIL,대구 천냥빵떡대장 명덕역점,,,,,,,,,,,,,,,,,0,0,,,0,,,0
saltbread,daegu,대구 두류역 소금빵,버터리버튼,대구광역시 달서구 야외음악당로39동길 47 1층,대구광역시 달서구 두류동 487-14 1층,,https://100원커피이벤트-선착순주문하기.com,"음식점>카페,디저트",1285554723,358559172,128.5554723,35.8559172,,2026592459.0,SID_OK_AUTO_DETAIL,대구 버터리버튼,,,,,,,,,,,,,,,,,0,0,,,0,,,0
saltbread,daegu,대구 범어 소금빵,아눅 베이커스,대구광역시 수성구 동대구로58길 15 1층 아눅베이커스,대구광역시 수성구 범어동 592-7 1층 아눅베이커스,,https://smartstore.naver.com/a-nook,"카페,디저트>베이커리",1286267502,358562899,128.62673,35.8562893,,1866825830.0,SID_OK_AUTO_DETAIL,대구 아눅 베이커스,,,,,,,,,,,,,,,,,0,0,,,0,,,0
saltbread,daegu,대구 용산 소금빵 베이커리,끄래용베이커리,대구광역시 달서구 이곡공원로 83 영남우방2차아파트상가 117동 105호,대구광역시 달서구 용산동 416-1 영남우방2차아파트상가 117동 105호,,https://blog.naver.com/yhk1880,"카페,디저트>베이커리",1285164375,358553736,128.5167679,35.8563787,,16381719.0,SID_OK_AUTO_DETAIL,대구 끄래용베이커리,,,,,,,,,,,,,,,,,0,0,,,0,,,0
saltbread,daegu,대구 내당역 소금빵 베이커리,더바나포레스트,"대구광역시 달서구 두류공원로 256 1층 102, 103, 104, 105호","대구광역시 달서구 두류동 148-7 1층 102, 103, 104, 105호",,https://www.instagram.com/thebanaforest/,"음식점>카페,디저트",1285588495,358563186,128.5589531,35.8564549,,2036228989.0,SID_OK_AUTO_DETAIL,대구 더바나포레스트,,,,,,,,,,,,,,,,,0,0,,,0,,,0
saltbread,daegu,대구 명덕역 소금빵 베이커리,버터파우더,대구광역시 남구 명덕로 178 1층 106호,대구광역시 남구 대명동 1801-1 1층 106호,,,"카페,디저트>베이커리",1285898572,358565994,128.5896543,35.8566008,,2016184170.0,SID_OK_AUTO_DETAIL,대구 버터파우더,,,,,,,,,,,,,,,,,0,0,,,0,,,0
saltbread,daegu,대구 건들바위역 소금빵,루밀레,대구광역시 중구 대봉로43길 21 401동 110호,대구광역시 중구 대봉동 770 401동 110호,,,"카페,디저트>베이커리",1286019879,358562928,128.600682,35.8568233,,2095176012.0,SID_OK_AUTO_DETAIL,대구 루밀레,,,,,,,,,,,,,,,,,0,0,,,0,,,0
saltbread,daegu,대구 용산 소금빵,구움도,대구광역시 달서구 와룡로53길 80 1층,대구광역시 달서구 용산동 862-16 1층,,https://www.instagram.com/cafe_guumdo_,"음식점>카페,디저트",1285327747,358569164,128.5327252,35.8569137,,1167621351.0,SID_OK_AUTO_DETAIL,대구 구움도,,,,,,,,,,,,,,,,,0,0,,,0,,,0
saltbread,daegu,대구 수성구청 소금빵 베이커리,그레이핍플 힐스테이트범어점,대구광역시 수성구 범어로18길 13 102호 그레이핍플 힐스테이트범어점,대구광역시 수성구 범어동 209-27 102호 그레이핍플 힐스테이트범어점,,https://www.instagram.com/graypipple_hillstate.beomeo?igsh=a3Bnd2xwN3cxd2Zo,"음식점>카페,디저트",1286365212,358571862,128.6365495,35.8572219,,2023774862.0,SID_OK_AUTO_DETAIL,대구 그레이핍플 힐스테이트범어점,,,,,,,,,,,,,,,,,0,0,,,0,,,0
saltbread,daegu,대구 담티역 소금빵,올글래드,대구광역시 수성구 달구벌대로492길 43 1층,대구광역시 수성구 범어동 204-7 1층,,https://www.instagram.com/all._.glad,"음식점>카페,디저트",1286350148,358571813,128.6350132,35.8572409,,1341362003.0,SID_OK_AUTO_DETAIL,대구 올글래드,,,,,,,,,,,,,,,,,0,0,,,0,,,0
saltbread,daegu,대구 담티역 소금빵,솔트에버,대구광역시 수성구 범어로 94 1층,대구광역시 수성구 범어동 209-14 1층,,https://www.instagram.com/salt_ever,"카페,디저트>베이커리",1286358742,358577004,128.6358916,35.8576692,,1670063939.0,SID_OK_AUTO_DETAIL,대구 솔트에버,,,,,,,,,,,,,,,,,0,0,,,0,,,0
saltbread,daegu,대구 담티역 소금빵,마들렌베이커리 만촌네거리점,대구광역시 수성구 달구벌대로 2612 마들렌베이커리,대구광역시 수성구 만촌동 849 마들렌베이커리,,https://blog.naver.com/madeleinebakery,"카페,디저트>베이커리",1286479477,358576947,128.6479256,35.857709,,1276009267.0,SID_OK_AUTO_DETAIL,대구 마들렌베이커리 만촌네거리점,,,,,,,,,,,,,,,,,0,0,,,0,,,0
saltbread,daegu,대구 대구은행역 소금빵,비바 베이커리,대구광역시 중구 대봉로 215 비바베이커리,대구광역시 중구 대봉동 138-1 비바베이커리,,https://blog.naver.com/vivaba,"음식점>카페,디저트",1286014601,358580017,128.6014176,35.857954,,1008651944.0,SID_OK_AUTO_DETAIL,대구 비바 베이커리,,,,,,,,,,,,,,,,,0,0,,,0,,,0
saltbread,daegu,대구 내당 소금빵,디웨이브,"대구광역시 서구 서대구로 3 1,2층","대구광역시 서구 내당동 469-9 1,2층",,,"카페,디저트>카페",1285566544,358583247,128.5564859,35.858236,,1301928609.0,SID_OK_AUTO_DETAIL,대구 디웨이브,,,,,,,,,,,,,,,,,0,0,,,0,,,0
saltbread,daegu,대구 수성시장 소금빵,딥딥딥 수성,대구광역시 수성구 수성로77길 15 1층,대구광역시 수성구 수성동1가 113-8 1층,,http://www.instagram.com/deep__deep__deep,"음식점>카페,디저트",1286128067,358583428,128.6128211,35.858292,,1109301928.0,SID_OK_AUTO_DETAIL,대구 딥딥딥 수성,,,,,,,,,,,,,,,,,0,0,,,0,,,0
saltbread,daegu,대구 만촌역 소금빵,버터베이크 범어점,대구광역시 수성구 달구벌대로 2480 버터베이크,대구광역시 수성구 범어동 197-6 버터베이크,,https://www.instagram.com/butterbake_beomeo?igsh=MXFpOWw3Mmhmb21kZg%3D%3D&utm_source=qr,"카페,디저트>베이커리",1286338236,358584986,128.6337849,35.8583539,,1547968839.0,SID_OK_AUTO_DETAIL,대구 버터베이크 범어점,,,,,,,,,,,,,,,,,0,0,,,0,,,0
saltbread,daegu,대구 범어역 소금빵,알리KENYA스타커피 대구범어네거리점,대구광역시 수성구 동대구로 311-1,대구광역시 수성구 범어동 563-7,,https://www.instagram.com/alistar_beomeo,"음식점>카페,디저트",1286252315,358584290,128.6252388,35.8584446,,1925141583.0,SID_OK_AUTO_DETAIL,대구 알리KENYA스타커피 대구범어네거리점,,,,,,,,,,,,,,,,,0,0,,,0,,,0
saltbread,daegu,대구 김광석 다시그리기 길 소금빵,대봉동카페운트,대구광역시 중구 동덕로8길 8 1층 카페운트,대구광역시 중구 대봉동 40-70 1층 카페운트,,https://smartstore.naver.com/dong2509-2340,"음식점>카페,디저트",1286054586,358586383,128.6054586,35.8586383,,1184300714.0,SID_OK_AUTO_DETAIL,대구 대봉동카페운트,,,,,,,,,,,,,,,,,0,0,,,0,,,0
saltbread,daegu,대구 남산 소금빵,카페헤더,대구광역시 중구 남산로7길 24 1층,대구광역시 중구 남산동 2488-15 1층,,http://instagram.com/cafe_heather,"카페,디저트>베이커리",1285812776,358588191,128.5812553,35.8588343,,1141373871.0,SID_OK_AUTO_DETAIL,대구 카페헤더,,,,,,,,,,,,,,,,,0,0,,,0,,,0
saltbread,daegu,대구 다사 소금빵,카페보우케,"대구광역시 달성군 다사읍 대실역북로1길 15-3 1, 2층","대구광역시 달성군 다사읍 매곡리 1547-12 1, 2층",,https://www.instagram.com/Cafe_BOUKE,"음식점>카페,디저트",1284651215,358589872,128.4651732,35.8589367,,1892459846.0,SID_OK_AUTO_DETAIL,대구 카페보우케,,,,,,,,,,,,,,,,,0,0,,,0,,,0
saltbread,daegu,대구 범어역 소금빵,마들렌베이커리 범어네거리점,대구광역시 수성구 달구벌대로 2380,대구광역시 수성구 범어동 559-1,,https://blog.naver.com/madeleinebakery,"카페,디저트>베이커리",1286228521,358590499,128.6228414,35.8589842,,1301065833.0,SID_OK_AUTO_DETAIL,대구 마들렌베이커리 범어네거리점,,,,,,,,,,,,,,,,,0,0,,,0,,,0
saltbread,daegu,대구 만촌역 소금빵,호랑이빵집,대구광역시 수성구 달구벌대로495길 10,대구광역시 수성구 범어동 168-5,,https://100원커피이벤트-선착순주문하기.com,"카페,디저트>베이커리",1286343957,358594786,128.6343892,35.8594815,,37778701.0,SID_OK_AUTO_DETAIL,대구 호랑이빵집,,,,,,,,,,,,,,,,,0,0,,,0,,,0
saltbread,daegu,대구 내당역 소금빵 베이커리,이인상과자점,대구광역시 중구 남산로17길 139 1층,대구광역시 중구 남산동 2612-108 1층,,,"카페,디저트>베이커리",1285768002,358597808,128.5768531,35.8597746,,1392945755.0,SID_OK_AUTO_DETAIL,대구 이인상과자점,,,,,,,,,,,,,,,,,0,0,,,0,,,0
saltbread,daegu,대구 내당 소금빵,올망,대구광역시 서구 달구벌대로361길 12 1층,대구광역시 서구 내당동 209-91 1층,,https://www.instagram.com/olmang_bake?igshid=Y2ZmNzg0YzQ=,"음식점>카페,디저트",1285616617,358604496,128.5617053,35.8604799,,1570890478.0,SID_OK_AUTO_DETAIL,대구 올망,,,,,,,,,,,,,,,,,0,0,,,0,,,0
saltbread,daegu,대구 내당 소금빵,반죽하우스,대구광역시 서구 평리로 214 상가 6동 지하1층 30-7호,대구광역시 서구 내당동 340 상가 6동 지하1층 30-7호,,https://www.instagram.com/banjookhouse,"카페,디저트>베이커리",1285468463,358612824,128.5465467,35.8607851,,1581301895.0,SID_OK_AUTO_DETAIL,대구 반죽하우스,,,,,,,,,,,,,,,,,0,0,,,0,,,0
saltbread,daegu,대구 수성시장 소금빵,로맨틱포레스트,대구광역시 수성구 달구벌대로469길 24 1층,대구광역시 수성구 수성동4가 1009-13 1층,,https://www.instagram.com/romantic_forest.bakery/,"카페,디저트>베이커리",1286193696,358608363,128.6193696,35.8608364,,1334605430.0,SID_OK_AUTO_DETAIL,대구 로맨틱포레스트,,,,,,,,,,,,,,,,,0,0,,,0,,,0
saltbread,daegu,대구 범어역 소금빵,오렌지템프 커피,대구광역시 수성구 상록로2길 13-5 1층,대구광역시 수성구 범어동 38-9 1층,,https://smartstore.naver.com/orange_temp,"음식점>카페,디저트",1286246295,358608284,128.6246007,35.8608407,,1662905319.0,SID_OK_AUTO_DETAIL,대구 오렌지템프 커피,,,,,,,,,,,,,,,,,0,0,,,0,,,0
saltbread,daegu,대구 대구은행역 소금빵,슈텐,대구광역시 수성구 수성로 393 슈텐,대구광역시 수성구 수성동4가 1090-8 슈텐,,https://shop.coupang.com/A00572877?locale=ko_KR&platform=m&source=brandstore_share,"카페,디저트>베이커리",1286136103,358604005,128.6135781,35.8609292,,83197471.0,SID_OK_AUTO_DETAIL,대구 슈텐,,,,,,,,,,,,,,,,,0,0,,,0,,,0
saltbread,daegu,대구 경대병원역 소금빵,마들렌베이커리 대봉점,대구광역시 중구 대봉로 255 1층 101호,대구광역시 중구 봉산동 185-30 1층 101호,,https://blog.naver.com/madeleinebakery,"카페,디저트>베이커리",1286002739,358612737,128.6001666,35.8613607,,1208333948.0,SID_OK_AUTO_DETAIL,대구 마들렌베이커리 대봉점,,,,,,,,,,,,,,,,,0,0,,,0,,,0
saltbread,daegu,대구 범어역 소금빵,모리베이커리,대구광역시 수성구 상록로11길 93 1층,대구광역시 수성구 범어동 481-9 1층,,http://instagram.com/moribakery_daegu,"음식점>카페,디저트",1286231450,358618379,128.6231967,35.8618432,,1641164964.0,SID_OK_AUTO_DETAIL,대구 모리베이커리,,,,,,,,,,,,,,,,,0,0,,,0,,,0
saltbread,daegu,대구 율하 소금빵,소금빵앗간 대구율하점,대구광역시 동구 율하서로 90,대구광역시 동구 율하동 1371,,https://100원커피이벤트-선착순주문하기.com,"음식점>카페,디저트",1286888688,358618213,128.6888432,35.8619042,,1337495046.0,SID_OK_AUTO_DETAIL,대구 소금빵앗간 대구율하점,,,,,,,,,,,,,,,,,0,0,,,0,,,0
saltbread,daegu,대구 명덕 소금빵,명덕빵앗간 범어점,대구광역시 수성구 상록로2길 66 1층,대구광역시 수성구 범어동 32-6 1층,,https://www.instagram.com/md_bbang,"음식점>카페,디저트>베이커리",1286254767,358624530,128.6254767,35.862453,,1313836635.0,SID_OK_AUTO_DETAIL,대구 명덕빵앗간 범어점,,,,,,,,,,,,,,,,,0,0,,,0,,,0
saltbread,daegu,대구 율하 소금빵 베이커리,무라베이커리,대구광역시 동구 안심로22길 60-1 110호 무라베이커리,대구광역시 동구 율하동 1431 110호 무라베이커리,,https://murabakery.dothome.co.kr/,"카페,디저트>베이커리",1286982705,358626626,128.6982705,35.8626626,,1271242602.0,SID_OK_AUTO_DETAIL,대구 무라베이커리,,,,,,,,,,,,,,,,,0,0,,,0,,,0
saltbread,daegu,대구 내당 소금빵,하프베이크,대구광역시 서구 달구벌대로375길 23-1 1층,대구광역시 서구 내당동 886-8 1층,,,"음식점>카페,디저트",1285706680,358629661,128.5706227,35.8630101,,1486285390.0,SID_OK_AUTO_DETAIL,대구 하프베이크,,,,,,,,,,,,,,,,,0,0,,,0,,,0
saltbread,daegu,대구 율하 소금빵,율하양과점,대구광역시 동구 안심로16길 47,대구광역시 동구 율하동 1445,,,"음식점>카페,디저트",1286937409,358632576,128.6937409,35.8632576,,1963309310.0,SID_OK_AUTO_DETAIL,대구 율하양과점,,,,,,,,,,,,,,,,,0,0,,,0,,,0
saltbread,daegu,대구 율하 소금빵,사운즈베이커리 율하,"대구광역시 동구 안심로16길 47 타임스퀘어 1층 147호, 148호","대구광역시 동구 율하동 1445 타임스퀘어 1층 147호, 148호",,https://smartstore.naver.com/soundscoffee,"카페,디저트>베이커리",1286932759,358629464,128.6937409,35.8632576,,1772469704.0,SID_OK_AUTO_DETAIL,대구 사운즈베이커리 율하,,,,,,,,,,,,,,,,,0,0,,,0,,,0
saltbread,daegu,대구 남산 소금빵,씨티씨커피 남산본점,대구광역시 중구 명륜로12길 67 1층,대구광역시 중구 남산동 230-7 1층,,https://forms.gle/rmTXqBLwcVEfChwz5,"음식점>카페,디저트",1285867582,358633156,128.5867581,35.8633156,,1304297510.0,SID_OK_AUTO_DETAIL,대구 씨티씨커피 남산본점,,,,,,,,,,,,,,,,,0,0,,,0,,,0
saltbread,daegu,대구 남산 소금빵,마들렌베이커리 반월당점,대구광역시 중구 중앙대로67길 10 마들렌베이커리 반월당점,대구광역시 중구 남산동 665 마들렌베이커리 반월당점,,https://blog.naver.com/madeleinebakery,"카페,디저트>베이커리",1285929219,358632119,128.5925372,35.8636553,,1219095996.0,SID_OK_AUTO_DETAIL,대구 마들렌베이커리 반월당점,,,,,,,,,,,,,,,,,0,0,,,0,,,0
saltbread,daegu,대구 신천역 소금빵,사운즈커피프리미어점,대구광역시 수성구 들안로73길 50-10 1층 사운즈프리미어,대구광역시 수성구 수성동4가 1119-18 1층 사운즈프리미어,,https://smartstore.naver.com/soundscoffee,"카페,디저트>베이커리",1286156594,358643944,128.6156708,35.8643509,,1032515993.0,SID_OK_AUTO_DETAIL,대구 사운즈커피프리미어점,,,,,,,,,,,,,,,,,0,0,,,0,,,0
saltbread,daegu,대구 남산 소금빵,소울트 베이커리 스탠드 반월당,대구광역시 중구 달구벌대로414길 33 1층 소울트 베이커리 스탠드 반월당,대구광역시 중구 남산동 570-3 1층 소울트 베이커리 스탠드 반월당,,https://smartstore.naver.com/hiyakid,"카페,디저트>베이커리",1285895625,358644896,128.5896049,35.8645064,,1238348366.0,SID_OK_AUTO_DETAIL,대구 소울트 베이커리 스탠드 반월당,,,,,,,,,,,,,,,,,0,0,,,0,,,0
saltbread,daegu,대구 대봉교역 소금빵,베이크드인스테인,대구광역시 중구 달구벌대로445길 41,대구광역시 중구 삼덕동3가 260-2,,,"음식점>카페,디저트",1286066425,358645160,128.606582,35.8645145,,560294666.0,SID_OK_AUTO_DETAIL,대구 베이크드인스테인,,,,,,,,,,,,,,,,,0,0,,,0,,,0
saltbread,daegu,대구 내당역 소금빵 베이커리,까레몽,대구광역시 서구 서대구로 77 평리청구타운상가,대구광역시 서구 평리동 1408 평리청구타운상가,,https://www.instagram.com/bakery_carremont,"카페,디저트>베이커리",1285557619,358644070,128.5551516,35.864559,,12965606.0,SID_OK_AUTO_DETAIL,대구 까레몽,,,,,,,,,,,,,,,,,0,0,,,0,,,0
saltbread,daegu,대구 동촌역 소금빵,무화커피,대구광역시 수성구 국채보상로186길 81 2층 무화커피,대구광역시 수성구 범어동 136-9 2층 무화커피,,https://smartstore.naver.com/muhwacoffee,"음식점>카페,디저트",1286342307,358647297,128.6342414,35.8647151,,1307155544.0,SID_OK_AUTO_DETAIL,대구 무화커피,,,,,,,,,,,,,,,,,0,0,,,0,,,0
saltbread,daegu,대구 청라언덕 소금빵,칼리프,대구광역시 중구 달구벌대로 1991-1 1층,대구광역시 중구 대신동 926 1층,,https://blog.naver.com/tithunus,"카페,디저트>베이커리",1285816604,358650829,128.581662,35.8650795,,1251965987.0,SID_OK_AUTO_DETAIL,대구 칼리프,,,,,,,,,,,,,,,,,0,0,,,0,,,0
saltbread,daegu,대구 남산 소금빵,더남산커피앤디저트,대구광역시 중구 달구벌대로414길 20 더남산커피앤디저트,대구광역시 중구 남산동 437 더남산커피앤디저트,,https://www.instagram.com/the_namsan,"음식점>카페,디저트",1285896263,358651971,128.5894198,35.8651825,,1263759116.0,SID_OK_AUTO_DETAIL,대구 더남산커피앤디저트,,,,,,,,,,,,,,,,,0,0,,,0,,,0
saltbread,daegu,대구 각산역 소금빵,엠엠지,대구광역시 동구 동호로3길 1 1층,대구광역시 동구 동호동 367-8 1층,,,"음식점>카페,디저트",1287235295,358659542,128.723484,35.865889,,1469147552.0,SID_OK_AUTO_DETAIL,대구 엠엠지,,,,,,,,,,,,,,,,,0,0,,,0,,,0
saltbread,daegu,대구 교동 소금빵,빵관심,"대구광역시 중구 동성로1길 45 1층, 2층 전체","대구광역시 중구 봉산동 34-3 1층, 2층 전체",,,"카페,디저트>베이커리",1285960101,358660668,128.5960101,35.8660668,,36628316.0,SID_OK_AUTO_DETAIL,대구 빵관심,,,,,,,,,,,,,,,,,0,0,,,0,,,0
saltbread,daegu,대구 문양역 소금빵,마스가토,대구광역시 달성군 다사읍 다사로 71,대구광역시 달성군 다사읍 매곡리 1582,,https://www.instagram.com/mas.gateau,"음식점>카페,디저트",1284580949,358655764,128.4581383,35.8662855,,1183731804.0,SID_OK_AUTO_DETAIL,대구 마스가토,,,,,,,,,,,,,,,,,0,0,,,0,,,0
saltbread,daegu,대구 달성공원역 소금빵,르폴뒤,대구광역시 중구 동성로1길 26,대구광역시 중구 덕산동 124-29,,,"카페,디저트>베이커리",1285948911,358664376,128.5948868,35.8664334,,201592671.0,SID_OK_AUTO_DETAIL,대구 르폴뒤,,,,,,,,,,,,,,,,,0,0,,,0,,,0
saltbread,daegu,대구 경대병원 소금빵,밀밭베이커리 미인점,대구광역시 중구 동덕로30길 85 1층,대구광역시 중구 동인동4가 274-10 1층,,http://baemin.me/NlvBtIgPa,"카페,디저트>베이커리",1286083890,358665223,128.6084329,35.8665663,,1671519843.0,SID_OK_AUTO_DETAIL,대구 밀밭베이커리 미인점,,,,,,,,,,,,,,,,,0,0,,,0,,,0
saltbread,daegu,대구 반월당 소금빵 베이커리,카페 워킹컵,대구광역시 중구 달구벌대로 2077 9층,대구광역시 중구 계산동2가 200 9층,,,"음식점>카페,디저트",1285906289,358667192,128.5906289,35.8667192,,1349033477.0,SID_OK_AUTO_DETAIL,대구 카페 워킹컵,,,,,,,,,,,,,,,,,0,0,,,0,,,0
saltbread,daegu,대구 경대병원역 소금빵,인더매스 삼덕,대구광역시 중구 공평로8길 29 1층,대구광역시 중구 삼덕동2가 28-1 1층,,https://blog.naver.com/masscoffee_,"음식점>카페,디저트",1286016265,358667540,128.6016419,35.8668034,,1625372637.0,SID_OK_AUTO_DETAIL,대구 인더매스 삼덕,,,,,,,,,,,,,,,,,0,0,,,0,,,0
saltbread,daegu,대구 대실 소금빵,로스팅시고 동성로점,대구광역시 중구 남성로 57 로스팅시고,대구광역시 중구 동성로3가 36-7 로스팅시고,,https://www.instagram.com/roasting_sigo?igsh=amZhYzhqY3B3N2F0/roastingsigo_cafe/,"음식점>카페,디저트",1285929942,358672805,128.5929934,35.8672784,,1705823137.0,SID_OK_AUTO_DETAIL,대구 로스팅시고 동성로점,,,,,,,,,,,,,,,,,0,0,,,0,,,0
saltbread,daegu,대구 서문시장 소금빵,두아몽떼,대구광역시 중구 약령길 20 1층,대구광역시 중구 계산동2가 134-1 1층,,http://instagram.com/doux_a_monter,"카페,디저트>베이커리",1285890159,358672963,128.5890743,35.8672891,,1580659280.0,SID_OK_AUTO_DETAIL,대구 두아몽떼,,,,,,,,,,,,,,,,,0,0,,,0,,,0
saltbread,daegu,대구 경대병원 소금빵,도우프커피스탠드,대구광역시 중구 국채보상로140길 17-8 지상1층,대구광역시 중구 동인동4가 210-2 지상1층,,https://www.instagram.com/dou.p_coffee_stand?igsh=OGQ5ZDc2ODk2ZA%3D%3D&utm_source=qr,"음식점>카페,디저트",1286067857,358679434,128.60683,35.8678992,,1624336667.0,SID_OK_AUTO_DETAIL,대구 도우프커피스탠드,,,,,,,,,,,,,,,,,0,0,,,0,,,0
saltbread,daegu,대구 반월당 소금빵 베이커리,오디너리하우스 종로,대구광역시 중구 중앙대로77길 17 1층 오디너리하우스,대구광역시 중구 종로2가 63 1층 오디너리하우스,,https://www.instagram.com/_ordinary_house,"음식점>카페,디저트",1285926039,358682283,128.592625,35.8682459,,1713046358.0,SID_OK_AUTO_DETAIL,대구 오디너리하우스 종로,,,,,,,,,,,,,,,,,0,0,,,0,,,0
saltbread,daegu,대구 반야월역 소금빵,그라노커피,"대구광역시 동구 안심로90길 29 1층 101호, 201호","대구광역시 동구 괴전동 473-1 1층 101호, 201호",,,"음식점>카페,디저트",1287337654,358685763,128.7338878,35.8684815,,1053241676.0,SID_OK_AUTO_DETAIL,대구 그라노커피,,,,,,,,,,,,,,,,,0,0,,,0,,,0
saltbread,daegu,대구 내당역 소금빵 베이커리,퀸즈크라운베이커리카페,대구광역시 서구 서대구로 118 1층~4층,대구광역시 서구 평리동 1369-4 1층~4층,,,"음식점>카페,디저트",1285555724,358685026,128.5556192,35.8685207,,1014569174.0,SID_OK_AUTO_DETAIL,대구 퀸즈크라운베이커리카페,,,,,,,,,,,,,,,,,0,0,,,0,,,0
saltbread,daegu,대구 경대병원역 소금빵,팜앤힐스,대구광역시 중구 동성로6길 43 1층,대구광역시 중구 공평동 16-22 1층,,https://www.instagram.com/farm_and_hills,음식점>양식,1285977663,358687406,128.5977917,35.8687893,,1678215782.0,SID_OK_AUTO_DETAIL,대구 팜앤힐스,,,,,,,,,,,,,,,,,0,0,,,0,,,0
saltbread,daegu,대구 김광석 다시그리기 길 소금빵 베이커리,몽블랑드파리 동성로본점,"대구광역시 중구 동성로6길 21 1층, 2층 몽블랑드파리 동성로본점","대구광역시 중구 공평동 25-11 1층, 2층 몽블랑드파리 동성로본점",,https://smartstore.naver.com/montblanc_de_paris,"카페,디저트>베이커리",1285966655,358689944,128.5966662,35.869047,,1161607343.0,SID_OK_AUTO_DETAIL,대구 몽블랑드파리 동성로본점,,,,,,,,,,,,,,,,,0,0,,,0,,,0
saltbread,daegu,대구 달성공원역 소금빵,소베,대구광역시 중구 중앙대로79길 6 1층,대구광역시 중구 남일동 126-2 1층,,https://www.instagram.com/sauve_bakery?igsh=MXU5cngyMHo5cW8zZg==,"카페,디저트>베이커리",1285932568,358692515,128.5932304,35.8692808,,1632864136.0,SID_OK_AUTO_DETAIL,대구 소베,,,,,,,,,,,,,,,,,0,0,,,0,,,0
saltbread,daegu,대구 반야월 소금빵 카페,카페더라,대구광역시 동구 율하동로21길 2 1층 카페더라,대구광역시 동구 율하동 933-7 1층 카페더라,,https://100원커피이벤트-선착순주문하기.com,"음식점>카페,디저트",1287017502,358692927,128.7017502,35.8692928,,1119717114.0,SID_OK_AUTO_DETAIL,대구 카페더라,,,,,,,,,,,,,,,,,0,0,,,0,,,0
saltbread,daegu,대구 각산역 소금빵,In time to coffee,대구광역시 동구 신서로 20 1층,대구광역시 동구 신서동 626-18 1층,,https://www.instagram.com/in_time_to_coffee?igsh=M2E3b3d0d2NmNWl4&utm_source=qr,"음식점>카페,디저트",1287241182,358698004,128.7241183,35.8698006,,1689840073.0,SID_OK_AUTO_DETAIL,대구 In time to coffee,,,,,,,,,,,,,,,,,0,0,,,0,,,0
saltbread,daegu,대구 동대구역 소금빵 베이커리,르고메드파리16 본점,대구광역시 수성구 화랑로 46 MBC네거리에서 효신네거리 가는방향 큰길 대로변 1층,대구광역시 수성구 만촌동 1356-22 MBC네거리에서 효신네거리 가는방향 큰길 대로변 1층,,https://www.instagram.com/legourmetde_paris_16/,"카페,디저트>베이커리",1286331534,358698909,128.6332065,35.8699239,,1996766263.0,SID_OK_AUTO_DETAIL,대구 르고메드파리16 본점,,,,,,,,,,,,,,,,,0,0,,,0,,,0
saltbread,daegu,대구 동대구역 소금빵,르배 본점,대구광역시 수성구 화랑로8길 11-11 1층,대구광역시 수성구 만촌동 1356-19 1층,,https://www.instagram.com/lebaebakery/,"카페,디저트>베이커리",1286337658,358703866,128.6337381,35.8704369,,16201940.0,SID_OK_AUTO_DETAIL,대구 르배 본점,,,,,,,,,,,,,,,,,0,0,,,0,,,0
saltbread,daegu,대구 신기역 소금빵,GRVT 카페 베이커리,대구광역시 동구 범안로 854 5층 & 루프탑,대구광역시 동구 율하동 255 5층 & 루프탑,,https://www.instagram.com/grvt_golf_cafe,"카페,디저트>베이커리",1286942077,358709054,128.6942077,35.8709055,,1310294713.0,SID_OK_AUTO_DETAIL,대구 GRVT 카페 베이커리,,,,,,,,,,,,,,,,,0,0,,,0,,,0
saltbread,daegu,대구 내당역 소금빵 베이커리,삼송빵집 서대구점,대구광역시 서구 국채보상로 243 한국업사이클센터 1층,대구광역시 서구 평리동 1301 한국업사이클센터 1층,,https://blog.naver.com/samsongbakery1957,"카페,디저트>베이커리",1285576449,358714529,128.5576449,35.871453,,1095526371.0,SID_OK_AUTO_DETAIL,대구 삼송빵집 서대구점,,,,,,,,,,,,,,,,,0,0,,,0,,,0
saltbread,daegu,대구 동대구역 소금빵,레이지모닝 동대구점,대구광역시 동구 동부로30길 60-1 레이지모닝,대구광역시 동구 신천동 338-2 레이지모닝,,http://instagram.com/lazymorning_dongdaegu,"카페,디저트>베이커리",1286286545,358716634,128.6286317,35.871685,,1556904025.0,SID_OK_AUTO_DETAIL,대구 레이지모닝 동대구점,,,,,,,,,,,,,,,,,0,0,,,0,,,0
saltbread,daegu,대구 신기 소금빵,빵은이네,대구광역시 동구 반야월로24길 13 1층,대구광역시 동구 신기동 160-25 1층,,https://www.instagram.com/bbangeun.zip?igsh=aWRnN3ZtbDBkMTJv&utm_source=qr,"음식점>카페,디저트",1287005437,358725262,128.7005437,35.8725263,,1037957059.0,SID_OK_AUTO_DETAIL,대구 빵은이네,,,,,,,,,,,,,,,,,0,0,,,0,,,0
saltbread,daegu,대구 용계 소금빵,위드윗베이커리,대구광역시 동구 반야월로2길 21-1 1층,대구광역시 동구 용계동 755-18 1층,,https://www.instagram.com/bakery_withwit,"카페,디저트>베이커리",1286911495,358729322,128.6911495,35.8729322,,1087018142.0,SID_OK_AUTO_DETAIL,대구 위드윗베이커리,,,,,,,,,,,,,,,,,0,0,,,0,,,0
saltbread,daegu,대구 용계 소금빵,카페팔로,대구광역시 동구 반야월로 16 1층,대구광역시 동구 용계동 755-124 1층,,https://www.instagram.com/cafe_pallo,"음식점>카페,디저트",1286902207,358738906,128.6901224,35.8738994,,1340653317.0,SID_OK_AUTO_DETAIL,대구 카페팔로,,,,,,,,,,,,,,,,,0,0,,,0,,,0
saltbread,daegu,대구 반야월역 소금빵,카페누 대구혁신도시점,대구광역시 동구 동내로 34 카페 누,대구광역시 동구 괴전동 108-1 카페 누,,https://www.instagram.com/cafe_nous_/,"음식점>카페,디저트",1287345271,358741486,128.7345271,35.8741486,,1723211061.0,SID_OK_AUTO_DETAIL,대구 카페누 대구혁신도시점,,,,,,,,,,,,,,,,,0,0,,,0,,,0
saltbread,daegu,대구 해안역 소금빵,대인베짱,대구광역시 수성구 팔현길 212 파크빌리지 1층,대구광역시 수성구 만촌동 57-23 파크빌리지 1층,,http://www.hotel-interburgo-daegu.com/,"카페,디저트>베이커리",1286597811,358743557,128.6597811,35.8743558,,2071145287.0,SID_OK_AUTO_DETAIL,대구 대인베짱,,,,,,,,,,,,,,,,,0,0,,,0,,,0
saltbread,daegu,대구 다사 소금빵,르빵쇼,대구광역시 달성군 다사읍 세천로9길 45 1층,대구광역시 달성군 다사읍 세천리 1579-7 1층,,https://www.instagram.com/le_pain_chaud,"음식점>카페,디저트",1284781746,358752573,128.4781746,35.8752573,,1861355286.0,SID_OK_AUTO_DETAIL,대구 르빵쇼,,,,,,,,,,,,,,,,,0,0,,,0,,,0
saltbread,daegu,대구 명덕 소금빵,명덕빵앗간 동대구점,대구광역시 동구 동대구로 503,대구광역시 동구 신천동 74-1,,https://www.instagram.com/md_bbang,"음식점>카페,디저트>베이커리",1286251106,358753935,128.6250931,35.8754045,,1377972724.0,SID_OK_AUTO_DETAIL,대구 명덕빵앗간 동대구점,,,,,,,,,,,,,,,,,0,0,,,0,,,0
saltbread,daegu,대구 대구역 소금빵,빵장수쉐프 롯데백화점 대구점,대구광역시 북구 태평로 161 롯데백화점 식품관 지하2층 빵장수쉐프,대구광역시 북구 칠성동2가 302-155 롯데백화점 식품관 지하2층 빵장수쉐프,,,"카페,디저트>베이커리",1285960048,358755766,128.5961385,35.8758632,,1361546688.0,SID_OK_AUTO_DETAIL,대구 빵장수쉐프 롯데백화점 대구점,,,,,,,,,,,,,,,,,0,0,,,0,,,0
saltbread,daegu,대구 동대구역 소금빵,베지로운,대구광역시 동구 송라로16길 11 반도유보라아파트상가 1층 101호,대구광역시 동구 신천동 1507 반도유보라아파트상가 1층 101호,,https://blog.naver.com/vegeloun,"카페,디저트>베이커리",1286196350,358765089,128.6177503,35.8760928,,1018143979.0,SID_OK_AUTO_DETAIL,대구 베지로운,,,,,,,,,,,,,,,,,0,0,,,0,,,0
saltbread,daegu,대구 동대구역 소금빵,두낫디스터브 동대구점,대구광역시 동구 동부로30길 9 나동 1층,대구광역시 동구 신천동 381-1 나동 1층,,http://instagram.com/donot_dongdaegu,"음식점>카페,디저트",1286290992,358762545,128.6290992,35.8762545,,1644025689.0,SID_OK_AUTO_DETAIL,대구 두낫디스터브 동대구점,,,,,,,,,,,,,,,,,0,0,,,0,,,0
saltbread,daegu,대구 반야월역 소금빵,데어오스텐,대구광역시 동구 이노밸리로56길 6,대구광역시 동구 신서동 1159-8,,http://www.instagram.com/cafe_derosten,"음식점>카페,디저트",1287265505,358775466,128.726553,35.8775716,,1385036054.0,SID_OK_AUTO_DETAIL,대구 데어오스텐,,,,,,,,,,,,,,,,,0,0,,,0,,,0
saltbread,daegu,대구 만촌 소금빵,바파바로 베이커리카페 동촌유원지점,대구광역시 수성구 효행로 5,대구광역시 수성구 만촌동 산28-3,,https://www.instagram.com/bapabaro_cafe?igsh=MWlsNnFxcW4xY2V2aw%3D%3D&utm_source=qr,"카페,디저트>베이커리",1286512448,358778504,128.651149,35.8778658,,1964462990.0,SID_OK_AUTO_DETAIL,대구 바파바로 베이커리카페 동촌유원지점,,,,,,,,,,,,,,,,,0,0,,,0,,,0
saltbread,daegu,대구 신천 소금빵 베이커리,소맥베이커리 신세계백화점 대구점,대구광역시 동구 동부로 149 지하1층,대구광역시 동구 신천동 1506 지하1층,,https://www.instagram.com/somacbakery,"카페,디저트>베이커리",1286281157,358773879,128.62919,35.8779407,,1231761501.0,SID_OK_AUTO_DETAIL,대구 소맥베이커리 신세계백화점 대구점,,,,,,,,,,,,,,,,,0,0,,,0,,,0
saltbread,daegu,대구 강창역 소금빵,벨베꼼메,대구광역시 달성군 다사읍 세천북로 66,대구광역시 달성군 다사읍 세천리 162,,https://www.instagram.com/velbekomme_official,"음식점>카페,디저트",1284750728,358782158,128.4750728,35.8782158,,1153579905.0,SID_OK_AUTO_DETAIL,대구 벨베꼼메,,,,,,,,,,,,,,,,,0,0,,,0,,,0
saltbread,daegu,대구 북구청역 소금빵,르페이버리,대구광역시 북구 칠성남로 100,대구광역시 북구 칠성동2가 738,,https://www.instagram.com/lefavori_bakery,"카페,디저트>베이커리",1285917973,358781575,128.5916174,35.8782561,,1623174184.0,SID_OK_AUTO_DETAIL,대구 르페이버리,,,,,,,,,,,,,,,,,0,0,,,0,,,0
saltbread,daegu,대구 문양역 소금빵,로드135커피,대구광역시 달성군 하빈면 달구벌대로55길 88 로드135커피,대구광역시 달성군 하빈면 동곡리 135 로드135커피,,,"음식점>카페,디저트",1284187777,358782678,128.4187777,35.8782678,,1555543564.0,SID_OK_AUTO_DETAIL,대구 로드135커피,,,,,,,,,,,,,,,,,0,0,,,0,,,0
saltbread,daegu,대구 각산 소금빵,미소띤 하루,대구광역시 동구 이노밸리로 168,대구광역시 동구 각산동 1080-3,,https://blog.naver.com/kyh97940,"카페,디저트>베이커리",1287156243,358784822,128.7156947,35.8783833,,1178156464.0,SID_OK_AUTO_DETAIL,대구 미소띤 하루,,,,,,,,,,,,,,,,,0,0,,,0,,,0
saltbread,daegu,대구 각산 소금빵,레귤러커피바 대구혁신도시,대구광역시 동구 이노밸리로 158 1층 102호 레귤러커피바,대구광역시 동구 각산동 1080 1층 102호 레귤러커피바,,https://www.instagram.com/regularcoffeebar_,"음식점>카페,디저트",1287144561,358785872,128.7145151,35.8784732,,1779768728.0,SID_OK_AUTO_DETAIL,대구 레귤러커피바 대구혁신도시,,,,,,,,,,,,,,,,,0,0,,,0,,,0
saltbread,daegu,대구 아양교역 소금빵,카페탬퍼,대구광역시 동구 동부로 207 1층 대경사과원예농협 본사 1층 하나로마트내부,대구광역시 동구 효목동 288 1층 대경사과원예농협 본사 1층 하나로마트내부,,,"카페,디저트>카페",1286344863,358792787,128.6344367,35.8793215,,2047452560.0,SID_OK_AUTO_DETAIL,대구 카페탬퍼,,,,,,,,,,,,,,,,,0,0,,,0,,,0
saltbread,daegu,대구 소금빵,슬로우벗베럴 대구점,대구광역시 동구 신평로 113,대구광역시 동구 신평동 313-1,,https://www.instagram.com/slow_but_better_official,"음식점>카페,디저트",1286822174,358794148,128.6822274,35.8794404,,1905610966.0,SID_OK_AUTO_DETAIL,대구 슬로우벗베럴 대구점,,,,,,,,,,,,,,,,,0,0,,,0,,,0
saltbread,daegu,대구 각산 소금빵,노커커피 각산,"대구광역시 동구 과학로 12 1층 101호, 2층 201호","대구광역시 동구 각산동 1072-1 1층 101호, 2층 201호",,https://100원커피이벤트-선착순주문하기.com,"음식점>카페,디저트",1287165182,358798061,128.7165735,35.8797661,,1982092194.0,SID_OK,대구 노커커피 각산,,,,,,,,,,,,,,,,,0,0,,,0,,,0
saltbread,daegu,대구 방촌역 소금빵,드롭탑 동촌유원지점,대구광역시 동구 효동로6길 86 1층,대구광역시 동구 효목동 1010-10 1층,,,"음식점>카페,디저트",1286517438,358815686,128.6517236,35.881539,,1003056576.0,SID_OK_AUTO_DETAIL,대구 드롭탑 동촌유원지점,,,,,,,,,,,,,,,,,0,0,,,0,,,0
saltbread,daegu,대구 북구청 소금빵,바지크,대구광역시 북구 고성북로6길 2 1층 바지크,대구광역시 북구 고성동3가 6-324 1층 바지크,,https://www.instagram.com/bazzikk__cafe,"카페,디저트>베이커리",1285830264,358816568,128.5830264,35.8816568,,2010644170.0,SID_OK_AUTO_DETAIL,대구 바지크,,,,,,,,,,,,,,,,,0,0,,,0,,,0
saltbread,daegu,대구 신천역 소금빵,한스브라운,대구광역시 북구 대현남로 41,대구광역시 북구 대현동 395-1,,,"카페,디저트>베이커리",1286073825,358817332,128.6073237,35.881715,,1312944162.0,SID_OK_AUTO_DETAIL,대구 한스브라운,,,,,,,,,,,,,,,,,0,0,,,0,,,0
saltbread,daegu,대구 달성공원역 소금빵,빌리웍스,대구광역시 북구 고성북로10길 41 빌리웍스,대구광역시 북구 고성동3가 1-13 빌리웍스,,http://billyworks.kr,"음식점>카페,디저트",1285884946,358831446,128.5885012,35.8831427,,1237583745.0,SID_OK_AUTO_DETAIL,대구 빌리웍스,,,,,,,,,,,,,,,,,0,0,,,0,,,0
saltbread,daegu,대구 아양교 소금빵,인스퍼레이션디 동촌유원지,대구광역시 동구 효동로6길 57 인스퍼레이션디 동촌유원지,대구광역시 동구 효목동 979 인스퍼레이션디 동촌유원지,,,"음식점>카페,디저트",1286490834,358832723,128.6490788,35.8832136,,1276138588.0,SID_OK_AUTO_DETAIL,대구 인스퍼레이션디 동촌유원지,,,,,,,,,,,,,,,,,0,0,,,0,,,0
saltbread,daegu,대구 아양교 소금빵,해월당 대구동촌유원지점,대구광역시 동구 효동로6길 5-26 1~4층,대구광역시 동구 효목동 212-272 1~4층,,https://www.youtube.com/@haewoldang_official,"카페,디저트>베이커리",1286468717,358833734,128.6468717,35.8833735,,1102029015.0,SID_OK_AUTO_DETAIL,대구 해월당 대구동촌유원지점,,,,,,,,,,,,,,,,,0,0,,,0,,,0
saltbread,daegu,대구 원대역 소금빵,로비아네,대구광역시 북구 옥산로 111 1층,대구광역시 북구 칠성동2가 2-4 1층,,,"음식점>카페,디저트",1285882497,358844463,128.5882497,35.8844463,,1556718497.0,SID_OK_AUTO_DETAIL,대구 로비아네,,,,,,,,,,,,,,,,,0,0,,,0,,,0
saltbread,daegu,대구 각산 소금빵,멜로오븐,대구광역시 동구 경안로 938 위파크상가111호,대구광역시 동구 각산동 1058 위파크상가111호,,https://www.instagram.com/melo.oven,"음식점>카페,디저트",1287168789,358852762,128.716857,35.8850614,,1499713456.0,SID_OK_AUTO_DETAIL,대구 멜로오븐,,,,,,,,,,,,,,,,,0,0,,,0,,,0
saltbread,daegu,대구 아양교역 소금빵,위니오븐 WEENY OVEN,"대구광역시 동구 동북로 417-1 지하1층, 1층","대구광역시 동구 신암동 106-54 지하1층, 1층",,https://www.instagram.com/weenyoven_bakery,"카페,디저트>베이커리",1286329823,358858757,128.6329943,35.8858612,,1323550268.0,SID_OK_AUTO_DETAIL,대구 위니오븐 WEENY OVEN,,,,,,,,,,,,,,,,,0,0,,,0,,,0
saltbread,daegu,대구 북구청 소금빵,크럼키,대구광역시 북구 옥산로9길 6,대구광역시 북구 노원동1가 369,,https://smartstore.naver.com/crumkie,"카페,디저트>베이커리",1285814627,358858644,128.5814627,35.8858645,,1741489789.0,SID_OK_AUTO_DETAIL,대구 크럼키,,,,,,,,,,,,,,,,,0,0,,,0,,,0
saltbread,daegu,대구 원대 소금빵 카페,카페캔버스 원대자이점,대구광역시 서구 고성로 46 1층,대구광역시 서구 비산동 1192-62 1층,,https://100원커피이벤트-선착순주문하기.com,"음식점>카페,디저트",1285723277,358858695,128.5722768,35.8858695,,1304635654.0,SID_OK_AUTO_DETAIL,대구 카페캔버스 원대자이점,,,,,,,,,,,,,,,,,0,0,,,0,,,0
saltbread,daegu,대구 북구청 소금빵,마들렌베이커리 침산점,대구광역시 북구 침산로21길 41 마들렌베이커리 침산점,대구광역시 북구 칠성동2가 1-2 마들렌베이커리 침산점,,https://blog.naver.com/madeleinebakery,"카페,디저트>베이커리",1285859962,358863715,128.5859029,35.8862002,,16115810.0,SID_OK_AUTO_DETAIL,대구 마들렌베이커리 침산점,,,,,,,,,,,,,,,,,0,0,,,0,,,0
saltbread,daegu,대구 원대 소금빵 베이커리,천냥빵떡대장 원대점,대구광역시 서구 고성로 33 403동 1층 104호,대구광역시 서구 원대동3가 1649 403동 1층 104호,,https://blog.naver.com/bbangtteok_official,"카페,디저트>베이커리",1285746610,358874587,128.5725582,35.8863461,,2033331314.0,SID_OK_AUTO_DETAIL,대구 천냥빵떡대장 원대점,,,,,,,,,,,,,,,,,0,0,,,0,,,0
saltbread,daegu,대구 동촌 소금빵,"브레드,령",대구광역시 동구 동촌로 100 401동 101호,대구광역시 동구 검사동 1111 401동 101호,,https://www.instagram.com/bread_ryeong,"카페,디저트>베이커리",1286517553,358868187,128.6518848,35.8863691,,1024821440.0,SID_OK_AUTO_DETAIL,"대구 브레드,령",,,,,,,,,,,,,,,,,0,0,,,0,,,0
saltbread,daegu,대구 북구청 소금빵,레이어드크림,대구광역시 북구 원대로 109 3호,대구광역시 북구 노원동1가 327 3호,,https://pf.kakao.com/_xbxjzfn/chat,"음식점>카페,디저트",1285821807,358873656,128.5822089,35.8871698,,1051024027.0,SID_OK_AUTO_DETAIL,대구 레이어드크림,,,,,,,,,,,,,,,,,0,0,,,0,,,0
saltbread,daegu,대구 각산 소금빵,소렐레,대구광역시 동구 과학로13길 54-14 1층,대구광역시 동구 각산동 1039-6 1층,,https://instagram.com/s_orell_e?igshid=YmMyMTA2M2Y=,브런치카페,1287170666,358893938,128.7170666,35.8893938,,1516655302.0,SID_OK_AUTO_DETAIL,대구 소렐레,,,,,,,,,,,,,,,,,0,0,,,0,,,0
saltbread,daegu,대구 소금빵,마고플레인아양,대구광역시 동구 해동로 107 마고플레인아양,대구광역시 동구 지저동 872-1 마고플레인아양,,https://www.instagram.com/margaux__plain/,"카페,디저트>베이커리",1286419691,358903009,128.6419965,35.8903542,,1597504581.0,SID_OK_AUTO_DETAIL,대구 마고플레인아양,,,,,,,,,,,,,,,,,0,0,,,0,,,0
saltbread,daegu,대구 아양교 소금빵,유니크플레이스,대구광역시 동구 아양로57길 9 1층 유니크플레이스,대구광역시 동구 지저동 870-13 1층 유니크플레이스,,https://www.instagram.com/uniqueplace_0630?igsh=bGV3bmtubTdpaTEw,"음식점>카페,디저트",1286422615,358910359,128.6422615,35.8910359,,1098455780.0,SID_OK_AUTO_DETAIL,대구 유니크플레이스,,,,,,,,,,,,,,,,,0,0,,,0,,,0
saltbread,daegu,대구 동촌역 소금빵,스테이블모먼트 복현점,대구광역시 북구 복현로8길 19-36 스테이블모먼트,대구광역시 북구 복현동 253-3 스테이블모먼트,,https://www.instagram.com/stable_moment01/,"음식점>카페,디저트",1286257967,358973476,128.6257967,35.8973477,,1635597636.0,SID_OK_AUTO_DETAIL,대구 스테이블모먼트 복현점,,,,,,,,,,,,,,,,,0,0,,,0,,,0
saltbread,daegu,대구 매천 소금빵,꾸떼 베이커리카페,대구광역시 북구 매천로37길 8 1층,대구광역시 북구 매천동 144-1 1층,,,"음식점>카페,디저트",1285416318,359135646,128.5416318,35.9135647,,1245453114.0,SID_OK_AUTO_DETAIL,대구 꾸떼 베이커리카페,,,,,,,,,,,,,,,,,0,0,,,0,,,0
saltbread,daegu,대구 태전 소금빵,바루베이크샵,대구광역시 북구 칠곡중앙대로54길 7 1층 바루베이크샵,대구광역시 북구 태전동 623-7 1층 바루베이크샵,,https://www.instagram.com/baru_bakeshop/?igshid=YmMyMTA2M2Y%3D,"음식점>카페,디저트",1285470007,359206026,128.546994,35.9205556,,1017828935.0,SID_OK_AUTO_DETAIL,대구 바루베이크샵,,,,,,,,,,,,,,,,,0,0,,,0,,,0
saltbread,daegu,대구 구암역 소금빵,이승연베이커리,대구광역시 북구 태전로 21 1층,대구광역시 북구 태전동 155-2 1층,,,"카페,디저트>베이커리",1285445205,359221029,128.5445205,35.9221029,,1113927685.0,SID_OK_AUTO_DETAIL,대구 이승연베이커리,,,,,,,,,,,,,,,,,0,0,,,0,,,0
saltbread,daegu,대구 구암 소금빵,메모베이크,대구광역시 북구 태암남로 48-16 103호 메모베이크,대구광역시 북구 구암동 616-33 103호 메모베이크,,https://www.instagram.com/memobake_,"카페,디저트>베이커리",1285518918,359236104,128.5519106,35.9236279,,1985495016.0,SID_OK_AUTO_DETAIL,대구 메모베이크,,,,,,,,,,,,,,,,,0,0,,,0,,,0
saltbread,daegu,대구 소금빵,소소래,대구광역시 북구 학정로 284 (구암동),대구광역시 북구 구암동 482-51,,https://smartstore.naver.com/sosorae,"음식점>카페,디저트",1285616001,359297879,128.5617221,35.9297503,,1492687732.0,SID_OK_AUTO_DETAIL,대구 소소래,,,,,,,,,,,,,,,,,0,0,,,0,,,0
saltbread,daegu,대구 구암 소금빵,낭만실조,대구광역시 북구 구암로32길 22 (칠곡동서타운2차APT 앞 대로변 상가 건물 위치),대구광역시 북구 구암동 655-3 칠곡동서타운2차APT 앞 대로변 상가 건물 위치,,https://www.instagram.com/romanceless_coffee,"음식점>카페,디저트",1285574792,359299671,128.5565916,35.9300782,,1671807560.0,SID_OK_AUTO_DETAIL,대구 낭만실조,,,,,,,,,,,,,,,,,0,0,,,0,,,0
saltbread,daegu,대구 칠곡운암역 소금빵,까페 5도씨,대구광역시 북구 칠곡중앙대로 419 동아아울렛 별관 1층 까페5도씨,대구광역시 북구 관음동 1378-7 동아아울렛 별관 1층 까페5도씨,,,"음식점>카페,디저트",1285482013,359331562,128.5480938,35.9332564,,1834992814.0,SID_OK_AUTO_DETAIL,대구 까페 5도씨,,,,,,,,,,,,,,,,,0,0,,,0,,,0
saltbread,daegu,대구 칠곡운암역 소금빵,유병오과자점,대구광역시 북구 대천로 101 1층 유병오과자점,대구광역시 북구 동천동 915 1층 유병오과자점,,,"카페,디저트>베이커리",1285613902,359367650,128.5613686,35.9379203,,16081494.0,SID_OK_AUTO_DETAIL,대구 유병오과자점,,,,,,,,,,,,,,,,,0,0,,,0,,,0
saltbread,daegu,대구 동천 소금빵,메종드빵,대구광역시 북구 동천로 87 메종드빵,대구광역시 북구 동천동 917-8 메종드빵,,https://blog.naver.com/ossseok,"카페,디저트>베이커리",1285599986,359394457,128.5599589,35.9393977,,1694519195.0,SID_OK_AUTO_DETAIL,대구 메종드빵,,,,,,,,,,,,,,,,,0,0,,,0,,,0
saltbread,daegu,대구 구암 소금빵,에버블루밍,대구광역시 북구 구암로60길 70,대구광역시 북구 구암동 107,,https://www.instagram.com/cafe_everblooming,브런치카페,1285707008,359400003,128.5707008,35.9400003,,1477350340.0,SID_OK_AUTO_DETAIL,대구 에버블루밍,,,,,,,,,,,,,,,,,0,0,,,0,,,0
saltbread,daegu,대구 구암 소금빵,포이베이크,대구광역시 북구 구암로65길 10 1층,대구광역시 북구 구암동 784-1 1층,,,"카페,디저트>베이커리",1285686866,359409419,128.5687948,35.9409664,,1670054658.0,SID_OK_AUTO_DETAIL,대구 포이베이크,,,,,,,,,,,,,,,,,0,0,,,0,,,0
saltbread,daegu,대구 동천 소금빵,아침을기다리는빵,대구광역시 북구 동천로24길 17,대구광역시 북구 동천동 911-5,,,"카페,디저트>베이커리",1285624212,359418172,128.5624893,35.9419832,,102152951.0,SID_OK_AUTO_DETAIL,대구 아침을기다리는빵,,,,,,,,,,,,,,,,,0,0,,,0,,,0
saltbread,daegu,대구 팔거역 소금빵,제로디스턴스,대구광역시 북구 동천로23길 48 1층,대구광역시 북구 동천동 969-7 1층,,,"음식점>카페,디저트",1285556397,359431405,128.5556397,35.9431405,,1013546351.0,SID_OK_AUTO_DETAIL,대구 제로디스턴스,,,,,,,,,,,,,,,,,0,0,,,0,,,0
saltbread,daegu,대구 동천 소금빵,사운즈커피칠곡3지구점,대구광역시 북구 동천로 125-16 1층 사운즈커피,대구광역시 북구 동천동 904-1 1층 사운즈커피,,https://smartstore.naver.com/soundscoffee,"카페,디저트>베이커리",1285590191,359432307,128.5591126,35.9432822,,1073501370.0,SID_OK_AUTO_DETAIL,대구 사운즈커피칠곡3지구점,,,,,,,,,,,,,,,,,0,0,,,0,,,0
saltbread,daegu,대구 동천 소금빵,빵내음솔과자점,대구광역시 북구 동암로 110 빵내음 솔,대구광역시 북구 동천동 896-1 빵내음 솔,,,"카페,디저트>베이커리",1285629918,359440348,128.562838,35.9439422,,1809542014.0,SID_OK_AUTO_DETAIL,대구 빵내음솔과자점,,,,,,,,,,,,,,,,,0,0,,,0,,,0
saltbread,daegu,대구 학정 소금빵,스너그버터,대구광역시 북구 학남로3길 28 1층 스너그버터,대구광역시 북구 학정동 935-5 1층 스너그버터,,https://www.instagram.com/snug_butter,"음식점>카페,디저트",1285675770,359509302,128.5676223,35.9508964,,1072923238.0,SID_OK_AUTO_DETAIL,대구 스너그버터,,,,,,,,,,,,,,,,,0,0,,,0,,,0
saltbread,daegu,대구 학정 소금빵,빵구움,대구광역시 북구 학남로3길 40-6 이수하이츠 102호,대구광역시 북구 학정동 930-15 이수하이츠 102호,,https://www.instagram.com/bbang9um?igsh=YmF5N2RmNjB4cXZl,"음식점>카페,디저트",1285679895,359519618,128.5679842,35.9519435,,1708935110.0,SID_OK_AUTO_DETAIL,대구 빵구움,,,,,,,,,,,,,,,,,0,0,,,0,,,0
saltbread,daegu,대구 동구 소금빵,브리니 팔공,대구광역시 동구 팔공로206길 4 브리니 팔공,대구광역시 동구 백안동 536 브리니 팔공,,https://www.instagram.com/briny_palgong,"음식점>카페,디저트",1286908899,359533128,128.6908899,35.9533128,,1907192021.0,SID_OK_AUTO_DETAIL,대구 브리니 팔공,,,,,,,,,,,,,,,,,0,0,,,0,,,0
saltbread,daegu,대구 팔공산 소금빵 베이커리,굿테이스트커피 by 커피맛을조금아는남자,대구광역시 동구 팔공산로277길 26 26-1(백안동),대구광역시 동구 백안동 324-4 26-1,,https://www.instagram.com/goodtaste_palgong,"음식점>카페,디저트",1286984802,359606476,128.6986144,35.9607296,,1271094388.0,SID_OK_AUTO_DETAIL,대구 굿테이스트커피 by 커피맛을조금아는남자,,,,,,,,,,,,,,,,,0,0,,,0,,,0
saltbread,daegu,대구 팔공산 소금빵,티아이티에프,대구광역시 동구 팔공산로 1169,대구광역시 동구 용수동 67-54,,http://instagram.com/titf803,"카페,디저트>베이커리",1286927670,359884992,128.6927623,35.9885051,,1620047120.0,SID_OK_AUTO_DETAIL,대구 티아이티에프,,,,,,,,,,,,,,,,,0,0,,,0,,,0
saltbread,daegu,대구 팔공산 소금빵,앤지스2,"대구광역시 동구 팔공산로185길 71 (1,2층)","대구광역시 동구 용수동 59-31 1,2층",,https://www.instagram.com/wood.mood.good,"음식점>카페,디저트",1286940966,359887639,128.6940966,35.9887639,,1397911536.0,SID_OK_AUTO_DETAIL,대구 앤지스2,,,,,,,,,,,,,,,,,0,0,,,0,,,0
saltbread,daegu,대구 동구 소금빵,초이스엠,대구광역시 동구 팔공산로 260 초이스엠,대구광역시 동구 덕곡동 105-1 초이스엠,,https://youtu.be/Ke70zHMIm10?si=xKqfX6ZEvPMAnf2c,"카페,디저트>베이커리",1286139649,359928842,128.6139396,35.9928722,,16038370.0,SID_OK_AUTO_DETAIL,대구 초이스엠,,,,,,,,,,,,,,,,,0,0,,,0,,,0
